ts_ms,red,ir,red_f,ir_f,thr,quality,pi,corr,gain,gain_dev,optical_ok,state,quiet_ok,motion,candidate,beat,ibi_ms,polarity,temporal_conf,morph_conf,min_temporal,min_morph,reject,recovered_n,hr,hr_valid,hr_provisional,hr_held,hr_provisional_bpm,ref_ibi_ms,red_range_pct,ir_range_pct,R,SpO2,usable,stableN,adc,redPA,irPA,adj
96569,55164,72463,-208.46,-279.97,309.06,90.8,0.0407,0.957,0.616,0.021,1,3,1,0,0,0,0,1,81.9,95.8,65.0,45.0,0,1,83.3,1,0,0,0.0,720,0.138,0.195,0.6075,94.9,1,4782,0,15,15,0
96589,55145,72473,-178.52,-230.46,309.06,90.6,0.0405,0.957,0.616,0.021,1,3,1,0,0,0,0,1,81.9,95.8,65.0,45.0,0,1,83.3,1,0,0,0.0,720,0.132,0.195,0.6077,94.9,1,4783,0,15,15,0
96609,55141,72441,-152.92,-181.10,309.06,90.4,0.0403,0.956,0.616,0.020,1,3,1,0,0,0,0,1,81.9,95.8,65.0,45.0,0,1,83.3,1,0,0,0.0,720,0.132,0.195,0.6083,94.9,1,4784,0,15,15,0
96629,55152,72451,-132.78,-156.85,309.06,90.1,0.0400,0.955,0.616,0.019,1,3,1,0,0,0,0,1,81.9,95.8,65.0,45.0,0,1,83.3,1,0,0,0.0,720,0.125,0.195,0.6096,94.9,1,4785,0,15,15,0
96649,55155,72461,-104.86,-147.29,309.06,89.8,0.0397,0.955,0.614,0.018,1,3,1,0,0,0,0,1,81.9,95.7,65.0,45.0,0,1,83.3,1,0,0,0.0,720,0.125,0.195,0.6111,94.8,1,4786,0,15,15,0
96669,55141,72471,-78.26,-131.88,309.06,89.6,0.0394,0.954,0.612,0.017,1,3,1,0,0,0,0,1,81.9,95.7,65.0,45.0,0,1,83.3,1,0,0,0.0,720,0.125,0.195,0.6121,94.8,1,4787,0,15,15,0
96689,55135,72483,-77.21,-103.28,309.06,89.4,0.0392,0.954,0.609,0.016,1,3,1,0,0,0,0,1,81.9,95.7,65.0,45.0,0,1,83.3,1,0,0,0.0,720,0.125,0.195,0.6133,94.8,1,4788,0,15,15,0
96709,55141,72470,-87.23,-74.93,309.06,89.2,0.0390,0.953,0.606,0.015,1,3,1,0,0,0,0,1,81.9,95.7,65.0,45.0,0,1,83.3,1,0,0,0.0,720,0.125,0.195,0.6147,94.8,1,4789,0,15,15,0
96729,55164,72488,-100.71,-35.50,309.06,89.0,0.0387,0.953,0.603,0.014,1,3,1,0,0,0,0,1,81.9,95.7,65.0,45.0,0,1,83.3,1,0,0,0.0,720,0.125,0.202,0.6161,94.7,1,4790,0,15,15,0
96749,55158,72503,-82.20,7.65,309.06,88.8,0.0385,0.953,0.601,0.013,1,3,1,0,0,0,0,1,81.9,95.7,65.0,45.0,0,1,83.3,1,0,0,0.0,720,0.123,0.166,0.6180,94.7,1,4791,0,15,15,0
96769,55157,72515,-53.92,64.72,309.06,88.7,0.0384,0.953,0.599,0.013,1,3,1,0,0,0,0,1,81.9,95.7,65.0,45.0,0,1,83.3,1,0,0,0.0,720,0.123,0.166,0.6197,94.6,1,4792,0,15,15,0
96789,55193,72511,-26.61,127.28,309.06,88.6,0.0383,0.953,0.596,0.012,1,3,1,0,0,0,0,1,81.9,95.7,65.0,45.0,0,1,83.3,1,0,0,0.0,720,0.147,0.166,0.6206,94.6,1,4793,0,15,15,0
96809,55160,72563,-1.05,184.76,309.06,88.6,0.0382,0.953,0.594,0.012,1,3,1,0,0,0,0,1,81.9,95.7,65.0,45.0,0,1,83.3,1,0,0,0.0,720,0.147,0.232,0.6206,94.6,1,4794,0,15,15,0
96829,55166,72529,29.91,247.23,309.06,88.6,0.0383,0.954,0.591,0.012,1,3,1,0,0,0,0,1,81.9,95.8,65.0,45.0,0,1,83.3,1,0,0,0.0,720,0.136,0.232,0.6200,94.6,1,4795,0,15,15,0
96849,55177,72526,56.90,297.50,309.06,88.7,0.0383,0.954,0.589,0.013,1,3,1,0,0,0,0,1,81.9,95.8,65.0,45.0,0,1,83.3,1,0,0,0.0,720,0.136,0.232,0.6188,94.6,1,4796,0,15,15,0
96869,55163,72513,76.40,325.63,309.06,88.8,0.0384,0.955,0.587,0.013,1,3,1,0,0,0,0,1,81.9,95.8,65.0,45.0,0,1,83.3,1,0,0,0.0,720,0.136,0.232,0.6173,94.6,1,4797,0,15,15,0
96889,55198,72505,108.40,316.38,309.06,88.8,0.0385,0.955,0.586,0.013,1,3,1,0,1,1,740,1,83.7,95.8,65.0,45.0,0,2,82.9,1,0,0,0.0,740,0.145,0.232,0.6162,94.6,1,4798,0,15,15,0
96909,55159,72501,112.25,276.25,309.06,88.9,0.0386,0.955,0.586,0.013,1,3,1,0,0,0,0,1,83.7,95.8,65.0,45.0,0,1,82.9,1,0,0,0.0,740,0.145,0.232,0.6156,94.6,1,4799,0,15,15,0
96929,55156,72464,94.21,218.52,309.06,88.9,0.0386,0.955,0.586,0.014,1,3,1,0,0,0,0,1,83.7,95.8,65.0,45.0,0,1,82.9,1,0,0,0.0,740,0.145,0.232,0.6153,94.6,1,4800,0,15,15,0
96949,55170,72480,67.71,127.67,309.06,88.9,0.0386,0.955,0.586,0.014,1,3,1,0,0,0,0,1,83.7,95.8,65.0,45.0,0,1,82.9,1,0,0,0.0,740,0.145,0.232,0.6157,94.6,1,4801,0,15,15,0
96969,55160,72480,41.57,32.95,309.06,88.9,0.0386,0.955,0.586,0.014,1,3,1,0,0,0,0,1,83.7,95.7,65.0,45.0,0,1,82.9,1,0,0,0.0,740,0.145,0.232,0.6164,94.6,1,4802,0,15,15,0
96989,55154,72474,17.72,-52.22,309.06,88.9,0.0386,0.954,0.586,0.014,1,3,1,0,0,0,0,1,83.7,95.7,65.0,45.0,0,1,82.9,1,0,0,0.0,740,0.145,0.232,0.6173,94.6,1,4803,0,15,15,0
97009,55140,72474,-14.34,-131.48,309.06,88.8,0.0386,0.952,0.584,0.014,1,3,1,0,0,0,0,1,83.7,95.7,65.0,45.0,0,1,82.9,1,0,0,0.0,740,0.145,0.232,0.6182,94.6,1,4804,0,15,15,0
97029,55146,72478,-61.06,-197.89,309.06,88.8,0.0386,0.951,0.583,0.014,1,3,1,0,0,0,0,1,83.7,95.7,65.0,45.0,0,1,82.9,1,0,0,0.0,740,0.145,0.232,0.6190,94.6,1,4805,0,15,15,0
97049,55144,72478,-111.23,-244.18,309.06,88.8,0.0387,0.950,0.581,0.014,1,3,1,0,0,0,0,1,83.7,95.7,65.0,45.0,0,1,82.9,1,0,0,0.0,740,0.145,0.232,0.6196,94.6,1,4806,0,15,15,0
97069,55152,72462,-151.81,-275.57,309.06,88.9,0.0388,0.950,0.580,0.015,1,3,1,0,0,0,0,1,83.7,95.7,65.0,45.0,0,1,82.9,1,0,0,0.0,740,0.145,0.232,0.6202,94.5,1,4807,0,15,15,0
97089,55145,72467,-184.10,-311.64,309.06,89.0,0.0389,0.950,0.578,0.015,1,3,1,0,0,0,0,1,83.7,95.7,65.0,45.0,0,1,82.9,1,0,0,0.0,740,0.145,0.232,0.6206,94.5,1,4808,0,15,15,0
97109,55167,72488,-194.63,-343.65,309.06,89.1,0.0390,0.950,0.576,0.015,1,3,1,0,0,0,0,1,83.7,95.7,65.0,45.0,0,1,82.9,1,0,0,0.0,740,0.145,0.232,0.6208,94.5,1,4809,0,15,15,0
97129,55149,72514,-199.64,-338.52,309.06,89.2,0.0391,0.950,0.574,0.016,1,3,1,0,0,0,0,1,83.7,95.7,65.0,45.0,0,1,82.9,1,0,0,0.0,740,0.145,0.232,0.6213,94.5,1,4810,0,15,15,0
97149,55149,72468,-200.88,-318.11,309.06,89.2,0.0392,0.951,0.572,0.016,1,3,1,0,0,0,0,1,83.7,95.7,65.0,45.0,0,1,82.9,1,0,0,0.0,740,0.145,0.232,0.6226,94.5,1,4811,0,15,15,0
97169,55158,72469,-199.60,-320.67,309.06,89.3,0.0392,0.951,0.569,0.017,1,3,1,0,0,0,0,1,83.7,95.7,65.0,45.0,0,1,82.9,1,0,0,0.0,740,0.145,0.232,0.6243,94.5,1,4812,0,15,15,0
97189,55154,72473,-187.33,-331.30,309.06,89.3,0.0392,0.952,0.565,0.017,1,3,1,0,0,0,0,1,83.7,95.6,65.0,45.0,0,1,82.9,1,0,0,0.0,740,0.145,0.232,0.6255,94.5,1,4813,0,15,15,0
97209,55143,72481,-171.69,-336.90,309.06,89.3,0.0391,0.953,0.560,0.018,1,3,1,0,0,0,0,1,83.7,95.6,65.0,45.0,0,1,82.9,1,0,0,0.0,740,0.145,0.232,0.6254,94.4,1,4814,0,15,15,0
97229,55117,72469,-176.88,-338.48,309.06,89.3,0.0390,0.955,0.553,0.019,1,3,1,0,0,0,0,1,83.7,95.5,65.0,45.0,0,1,82.9,1,0,0,0.0,740,0.147,0.232,0.6243,94.4,1,4815,0,15,15,0
97249,55141,72474,-192.79,-335.55,309.06,89.2,0.0388,0.957,0.546,0.021,1,3,1,0,0,0,0,1,83.7,95.3,65.0,45.0,0,1,82.9,1,0,0,0.0,740,0.147,0.232,0.6227,94.4,1,4816,0,15,15,0
97269,55149,72475,-209.79,-329.97,309.06,88.9,0.0385,0.958,0.538,0.023,1,3,1,0,0,0,0,1,83.7,95.1,65.0,45.0,0,1,82.9,1,0,0,0.0,740,0.147,0.232,0.6214,94.4,1,4817,0,15,15,0
97289,55148,72489,-210.58,-321.48,309.06,88.4,0.0379,0.958,0.530,0.025,1,3,1,0,0,0,0,1,83.7,94.8,65.0,45.0,0,1,82.9,1,0,0,0.0,740,0.147,0.204,0.6205,94.4,1,4818,0,15,15,0
97309,55150,72482,-201.67,-301.93,309.06,87.7,0.0370,0.956,0.522,0.028,1,3,1,0,0,0,0,1,83.7,94.4,65.0,45.0,0,1,82.9,1,0,0,0.0,740,0.147,0.204,0.6197,94.5,1,4819,0,15,15,0
97329,55165,72496,-187.22,-269.81,309.06,86.5,0.0358,0.953,0.516,0.031,1,3,1,0,0,0,0,1,83.7,93.9,65.0,45.0,0,1,82.9,1,0,0,0.0,740,0.147,0.204,0.6191,94.5,1,4820,0,15,15,0
97349,55148,72527,-171.70,-226.64,309.06,85.1,0.0342,0.949,0.512,0.033,1,3,1,0,0,0,0,1,83.7,93.2,65.0,45.0,0,1,82.9,1,0,0,0.0,740,0.147,0.204,0.6186,94.5,1,4821,0,15,15,0
97369,55156,72497,-146.06,-183.61,309.06,83.3,0.0324,0.943,0.512,0.036,1,3,1,0,0,0,0,1,83.7,92.2,65.0,45.0,0,1,82.9,1,0,0,0.0,740,0.147,0.204,0.6180,94.5,1,4822,0,15,15,0
97389,55167,72516,-119.52,-120.10,299.50,81.4,0.0303,0.937,0.517,0.037,1,3,1,0,0,0,0,1,83.7,91.1,65.0,45.0,0,1,82.9,1,0,0,0.0,740,0.147,0.197,0.6175,94.5,1,4823,0,15,15,0
97409,55168,72524,-75.73,-58.34,274.62,79.4,0.0282,0.931,0.526,0.038,1,3,1,0,0,0,0,1,83.7,90.0,65.0,45.0,0,1,82.9,1,0,0,0.0,740,0.147,0.183,0.6170,94.5,1,4824,0,15,15,0
97429,55198,72516,-29.66,-7.70,235.08,77.8,0.0264,0.927,0.537,0.038,1,3,1,0,0,0,0,1,83.7,89.3,65.0,45.0,0,1,82.9,1,0,0,0.0,740,0.147,0.183,0.6167,94.5,1,4825,0,15,15,0
97449,55155,72538,9.96,40.51,193.08,76.7,0.0252,0.923,0.546,0.037,1,3,1,0,0,0,0,1,83.7,88.7,65.0,45.0,0,1,82.9,1,0,0,0.0,740,0.147,0.183,0.6166,94.5,1,4826,0,15,15,0
97469,55156,72511,17.80,67.03,167.56,76.1,0.0246,0.921,0.549,0.036,1,3,1,0,0,0,0,1,83.7,88.5,65.0,45.0,0,1,82.9,1,0,0,0.0,740,0.147,0.183,0.6166,94.6,1,4827,0,15,15,0
97489,55164,72523,10.57,88.23,167.56,75.9,0.0244,0.920,0.551,0.034,1,3,1,0,0,0,0,1,83.7,88.5,65.0,45.0,0,1,82.9,1,0,0,0.0,740,0.147,0.183,0.6166,94.6,1,4828,0,15,15,0
97509,55173,72557,12.29,101.45,167.56,76.0,0.0245,0.921,0.552,0.033,1,3,1,0,0,0,0,1,83.7,88.7,65.0,45.0,0,1,82.9,1,0,0,0.0,740,0.147,0.168,0.6167,94.6,1,4829,0,15,15,0
97529,55166,72524,20.19,108.05,167.56,76.2,0.0246,0.923,0.553,0.031,1,3,1,0,0,0,0,1,83.7,89.0,65.0,45.0,0,1,82.9,1,0,0,0.0,740,0.147,0.168,0.6168,94.6,1,4830,0,15,15,0
97549,55152,72567,28.40,154.82,167.56,76.4,0.0248,0.927,0.550,0.030,1,3,1,0,0,0,0,1,83.7,89.4,65.0,45.0,0,1,82.9,1,0,0,0.0,740,0.147,0.174,0.6168,94.6,1,4831,0,15,15,0
97569,55162,72553,26.97,201.87,167.56,76.6,0.0249,0.931,0.542,0.029,1,3,1,0,0,0,0,1,83.7,89.8,65.0,45.0,0,1,82.9,1,0,0,0.0,740,0.147,0.174,0.6166,94.6,1,4832,0,15,15,0
97589,55196,72558,20.75,245.21,167.56,76.8,0.0249,0.934,0.530,0.029,1,3,1,0,0,0,0,1,83.7,90.1,65.0,45.0,0,1,82.9,1,0,0,0.0,740,0.147,0.174,0.6159,94.6,1,4833,0,15,15,0
97609,55196,72563,75.79,276.21,167.56,77.0,0.0250,0.939,0.519,0.030,1,3,1,0,0,0,0,1,83.7,90.4,65.0,45.0,0,1,82.9,1,0,0,0.0,740,0.147,0.160,0.6151,94.6,1,4834,0,15,15,0
97629,55185,72552,145.92,292.87,167.56,77.2,0.0250,0.943,0.512,0.031,1,3,1,0,0,0,0,1,83.7,90.7,65.0,45.0,0,1,82.9,1,0,0,0.0,740,0.147,0.146,0.6149,94.6,1,4835,0,15,15,0
97649,55226,72560,209.41,299.12,167.56,77.3,0.0250,0.945,0.509,0.032,1,3,1,0,0,0,0,1,83.7,90.7,65.0,45.0,0,1,82.9,1,0,0,0.0,740,0.198,0.145,0.6155,94.6,1,4836,0,15,15,0
97669,55220,72613,302.43,295.19,167.56,77.1,0.0250,0.941,0.513,0.033,1,3,1,0,1,1,780,1,81.3,90.3,65.0,45.0,0,1,82.6,1,0,0,0.0,740,0.198,0.208,0.6185,94.6,1,4837,0,15,15,0
97689,55203,72596,389.64,333.66,169.16,76.7,0.0251,0.929,0.525,0.033,1,3,1,0,0,0,0,1,81.3,89.4,65.0,45.0,0,1,82.6,1,0,0,0.0,740,0.198,0.208,0.6235,94.6,1,4838,0,15,15,0
97709,55223,72593,456.60,378.14,178.06,76.4,0.0252,0.916,0.544,0.032,1,3,1,0,0,0,0,1,81.3,88.5,65.0,45.0,0,1,82.6,1,0,0,0.0,740,0.198,0.208,0.6302,94.5,1,4839,0,15,15,0
97729,55163,72512,468.10,408.19,184.07,76.4,0.0255,0.909,0.565,0.031,1,3,1,0,0,0,0,1,81.3,88.1,65.0,45.0,0,1,82.6,1,0,0,0.0,740,0.198,0.208,0.6366,94.4,1,4840,0,15,15,0
97749,55161,72466,375.11,306.83,184.07,76.3,0.0255,0.904,0.579,0.030,1,3,1,0,0,0,0,1,81.3,87.8,65.0,45.0,0,1,82.6,1,0,0,0.0,740,0.198,0.208,0.6399,94.3,1,4841,0,15,15,0
97769,55083,72429,244.89,96.67,184.07,75.9,0.0254,0.897,0.584,0.029,1,3,1,0,0,0,0,1,81.3,87.2,65.0,45.0,0,1,82.6,1,0,0,0.0,740,0.259,0.254,0.6402,94.3,1,4842,0,15,15,0
97789,55068,72321,-29.89,-182.07,184.07,75.6,0.0252,0.893,0.582,0.029,1,3,1,0,0,0,0,1,81.3,87.0,65.0,45.0,0,1,82.6,1,0,0,0.0,740,0.286,0.403,0.6368,94.2,1,4843,0,15,15,0
97809,55041,72278,-351.29,-600.59,201.76,76.1,0.0257,0.896,0.580,0.029,1,3,1,0,0,0,0,1,81.3,87.3,65.0,45.0,0,1,82.6,1,0,0,0.0,740,0.335,0.462,0.6328,94.2,1,4844,0,15,15,0
97829,55018,72230,-691.66,-1070.68,295.77,78.1,0.0275,0.909,0.586,0.029,1,3,1,0,0,0,0,1,81.3,88.8,65.0,45.0,0,1,82.6,1,0,0,0.0,740,0.377,0.528,0.6313,94.2,1,4845,0,15,15,0
97849,55016,72240,-1026.00,-1536.90,389.02,81.8,0.0312,0.929,0.600,0.029,1,3,1,0,0,0,0,1,81.3,91.2,65.0,45.0,0,1,82.6,1,0,0,0.0,740,0.381,0.528,0.6348,94.2,1,4846,0,15,15,0
97869,55002,72259,-1302.52,-1918.61,465.36,86.6,0.0361,0.948,0.618,0.031,1,3,1,0,0,0,0,1,81.3,93.8,65.0,45.0,0,1,82.6,1,0,0,0.0,740,0.406,0.528,0.6430,94.1,1,4847,0,15,15,0
97889,55009,72263,-1515.14,-2164.65,514.57,91.6,0.0416,0.962,0.636,0.033,1,3,1,0,0,0,0,1,81.3,95.3,65.0,45.0,0,1,82.6,1,0,0,0.0,740,0.406,0.528,0.6562,94.0,1,4848,0,15,15,0
97909,55030,72286,-1655.56,-2292.93,540.22,96.3,0.0468,0.971,0.654,0.037,1,3,1,0,0,0,0,1,81.3,96.4,65.0,45.0,0,1,82.6,1,0,0,0.0,740,0.406,0.528,0.6720,93.9,1,4849,0,15,15,0
97929,55046,72279,-1690.40,-2309.68,543.57,99.2,0.0515,0.976,0.668,0.041,1,3,1,0,0,0,0,1,81.3,97.0,65.0,45.0,0,1,82.6,1,0,0,0.0,740,0.406,0.528,0.6868,93.7,1,4850,0,15,15,0
97949,55049,72305,-1630.55,-2246.25,543.57,99.3,0.0555,0.980,0.676,0.046,1,3,1,0,0,0,0,1,81.3,96.7,65.0,45.0,0,1,82.6,1,0,0,0.0,740,0.406,0.529,0.6978,93.4,1,4851,0,15,15,0
97969,55073,72303,-1519.10,-2113.45,543.57,99.4,0.0586,0.982,0.681,0.050,1,3,1,0,0,0,0,1,81.3,96.5,65.0,45.0,0,1,82.6,1,0,0,0.0,740,0.406,0.529,0.7054,93.2,1,4852,0,15,15,0
97989,55067,72362,-1354.17,-1948.25,543.57,99.4,0.0610,0.984,0.682,0.054,1,3,1,0,0,0,0,1,81.3,96.2,65.0,45.0,0,1,82.6,1,0,0,0.0,740,0.406,0.529,0.7087,93.0,1,4853,0,15,15,0
98009,55068,72340,-1176.05,-1725.05,543.57,99.5,0.0627,0.985,0.683,0.058,1,3,1,0,0,0,0,1,81.3,96.0,65.0,45.0,0,1,82.6,1,0,0,0.0,740,0.406,0.529,0.7095,92.9,1,4854,0,15,15,0
98029,55064,72344,-1008.38,-1487.95,543.57,99.5,0.0637,0.986,0.683,0.061,1,3,1,0,0,0,0,1,81.3,95.8,65.0,45.0,0,1,82.6,1,0,0,0.0,740,0.406,0.529,0.7092,92.8,1,4855,0,15,15,0
98049,55077,72359,-856.95,-1264.72,543.57,99.5,0.0643,0.986,0.683,0.063,1,3,1,0,0,0,0,1,81.3,95.6,65.0,45.0,0,1,82.6,1,0,0,0.0,740,0.406,0.529,0.7086,92.7,1,4856,0,15,15,0
98069,55090,72392,-708.17,-1045.32,543.57,99.5,0.0646,0.986,0.684,0.065,1,3,1,0,0,0,0,1,81.3,95.5,65.0,45.0,0,1,82.6,1,0,0,0.0,740,0.406,0.529,0.7079,92.6,1,4857,0,15,15,0
98089,55062,72390,-574.22,-804.40,543.57,99.5,0.0646,0.987,0.685,0.067,1,3,1,0,0,0,0,1,81.3,95.4,65.0,45.0,0,1,82.6,1,0,0,0.0,740,0.406,0.529,0.7075,92.5,1,4858,0,15,15,0
98109,55088,72354,-438.59,-581.05,543.57,99.5,0.0644,0.987,0.687,0.068,1,3,1,0,0,0,0,1,81.3,95.3,65.0,45.0,0,1,82.6,1,0,0,0.0,740,0.406,0.529,0.7068,92.5,1,4859,0,15,15,0
98129,55120,72420,-316.56,-390.67,543.57,99.5,0.0642,0.987,0.688,0.069,1,3,1,0,0,0,0,1,81.3,95.3,65.0,45.0,0,1,82.6,1,0,0,0.0,740,0.406,0.529,0.7057,92.5,1,4860,0,15,15,0
98149,55112,72440,-168.78,-193.86,543.57,99.5,0.0639,0.987,0.689,0.070,1,3,1,0,0,0,0,1,81.3,95.2,65.0,45.0,0,1,82.6,1,0,0,0.0,740,0.406,0.529,0.7043,92.5,1,4861,0,15,15,0
98169,55119,72449,-16.18,8.31,543.57,99.6,0.0638,0.987,0.690,0.071,1,3,1,0,0,0,0,1,81.3,95.2,65.0,45.0,0,1,82.6,1,0,0,0.0,740,0.406,0.529,0.7029,92.4,1,4862,0,15,15,0
98189,55126,72462,117.45,197.05,543.57,99.6,0.0637,0.988,0.692,0.071,1,3,1,0,0,0,0,1,81.3,95.1,65.0,45.0,0,1,82.6,1,0,0,0.0,740,0.406,0.529,0.7015,92.5,1,4863,0,15,15,0
98209,55122,72497,229.53,370.48,543.57,99.6,0.0640,0.988,0.692,0.071,1,3,1,0,0,0,0,1,81.3,95.1,65.0,45.0,0,1,82.6,1,0,0,0.0,740,0.406,0.529,0.7002,92.5,1,4864,0,15,15,0
98229,55142,72486,322.95,543.94,570.72,99.6,0.0644,0.988,0.691,0.071,1,3,1,0,0,0,0,1,81.3,95.1,65.0,45.0,0,1,82.6,1,0,0,0.0,740,0.406,0.529,0.6987,92.5,1,4865,0,15,15,0
98249,55139,72502,417.46,703.43,602.62,99.6,0.0652,0.988,0.689,0.071,1,3,1,0,0,0,0,1,81.3,95.2,65.0,45.0,0,1,82.6,1,0,0,0.0,740,0.406,0.529,0.6973,92.5,1,4866,0,15,15,0
98269,55138,72497,495.70,828.05,627.55,99.6,0.0661,0.988,0.687,0.070,1,3,1,0,0,0,0,1,81.3,95.2,65.0,45.0,0,1,82.6,1,0,0,0.0,740,0.406,0.529,0.6961,92.5,1,4867,0,15,15,0
98289,55181,72505,552.20,920.25,645.99,99.6,0.0673,0.989,0.685,0.069,1,3,1,0,0,0,0,1,81.3,95.3,65.0,45.0,0,1,82.6,1,0,0,0.0,740,0.406,0.529,0.6948,92.5,1,4868,0,15,15,0
98309,55140,72534,589.18,981.95,658.33,99.6,0.0684,0.989,0.683,0.068,1,3,1,0,0,0,0,1,81.3,95.4,65.0,45.0,0,1,82.6,1,0,0,0.0,740,0.406,0.529,0.6935,92.6,1,4869,0,15,15,0
98329,55149,72507,624.90,1016.31,665.20,99.6,0.0696,0.989,0.682,0.066,1,3,1,0,0,0,0,1,81.3,95.5,65.0,45.0,0,1,82.6,1,0,0,0.0,740,0.406,0.529,0.6922,92.6,1,4870,0,15,15,0
98349,55164,72530,649.76,1057.94,673.52,99.6,0.0708,0.990,0.681,0.065,1,3,1,0,0,0,0,1,81.3,95.6,65.0,45.0,0,1,82.6,1,0,0,0.0,740,0.406,0.529,0.6908,92.6,1,4871,0,15,15,0
98369,55159,72526,679.74,1080.98,678.13,99.6,0.0720,0.990,0.680,0.063,1,3,1,0,0,0,0,1,81.3,95.7,65.0,45.0,0,1,82.6,1,0,0,0.0,740,0.406,0.529,0.6897,92.6,1,4872,0,15,15,0
98389,55143,72523,701.54,1082.95,678.52,99.7,0.0731,0.990,0.680,0.061,1,3,1,0,0,0,0,1,81.3,95.8,65.0,45.0,0,1,82.6,1,0,0,0.0,740,0.406,0.529,0.6889,92.7,1,4873,0,15,15,0
98409,55111,72501,680.85,1061.53,678.52,99.7,0.0742,0.991,0.679,0.060,1,3,1,0,1,1,740,1,89.1,95.9,65.0,45.0,0,1,82.3,1,0,0,0.0,740,0.406,0.529,0.6878,92.7,1,4874,0,15,15,0
98429,55140,72475,634.37,992.39,678.52,99.7,0.0750,0.991,0.679,0.058,1,3,1,0,0,0,0,1,89.1,96.0,65.0,45.0,0,1,82.3,1,0,0,0.0,740,0.406,0.529,0.6868,92.7,1,4875,0,15,15,0
98449,55150,72490,578.68,888.89,678.52,99.7,0.0757,0.991,0.679,0.056,1,3,1,0,0,0,0,1,89.1,96.2,65.0,45.0,0,1,82.3,1,0,0,0.0,740,0.406,0.529,0.6861,92.7,1,4876,0,15,15,0
98469,55131,72476,522.34,758.20,678.52,99.7,0.0762,0.991,0.679,0.054,1,3,1,0,0,0,0,1,89.1,96.3,65.0,45.0,0,1,82.3,1,0,0,0.0,740,0.406,0.529,0.6859,92.8,1,4877,0,15,15,0
98489,55142,72481,473.14,635.38,678.52,99.7,0.0766,0.991,0.680,0.053,1,3,1,0,0,0,0,1,89.1,96.4,65.0,45.0,0,1,82.3,1,0,0,0.0,740,0.406,0.529,0.6861,92.8,1,4878,0,15,15,0
98509,55143,72474,429.85,520.46,678.52,99.7,0.0769,0.991,0.681,0.051,1,3,1,0,0,0,0,1,89.1,96.5,65.0,45.0,0,1,82.3,1,0,0,0.0,740,0.406,0.529,0.6868,92.8,1,4879,0,15,15,0
98529,55134,72513,391.44,427.48,678.52,99.7,0.0770,0.991,0.682,0.050,1,3,1,0,0,0,0,1,89.1,96.6,65.0,45.0,0,1,82.3,1,0,0,0.0,740,0.406,0.529,0.6875,92.8,1,4880,0,15,15,0
98549,55134,72472,342.19,342.72,678.52,99.7,0.0772,0.991,0.683,0.048,1,3,1,0,0,0,0,1,89.1,96.7,65.0,45.0,0,1,82.3,1,0,0,0.0,740,0.406,0.529,0.6883,92.8,1,4881,0,15,15,0
98569,55128,72468,292.66,267.25,678.52,99.7,0.0772,0.990,0.684,0.047,1,3,1,0,0,0,0,1,89.1,96.8,65.0,45.0,0,1,82.3,1,0,0,0.0,740,0.406,0.529,0.6890,92.8,1,4882,0,15,15,0
98589,55122,72484,236.45,203.64,678.52,99.7,0.0773,0.990,0.684,0.046,1,3,1,0,0,0,0,1,89.1,96.8,65.0,45.0,0,1,82.3,1,0,0,0.0,740,0.406,0.529,0.6896,92.8,1,4883,0,15,15,0
98609,55159,72476,183.64,157.44,678.52,99.7,0.0773,0.990,0.685,0.045,1,3,1,0,0,0,0,1,89.1,96.9,65.0,45.0,0,1,82.3,1,0,0,0.0,740,0.406,0.529,0.6900,92.8,1,4884,0,15,15,0
98629,55128,72500,138.33,134.39,678.52,99.7,0.0774,0.990,0.685,0.043,1,3,1,0,0,0,0,1,89.1,97.0,65.0,45.0,0,1,82.3,1,0,0,0.0,740,0.406,0.529,0.6903,92.8,1,4885,0,15,15,0
98649,55126,72458,101.46,110.91,678.52,99.7,0.0774,0.990,0.685,0.042,1,3,1,0,0,0,0,1,89.1,97.1,65.0,45.0,0,1,82.3,1,0,0,0.0,740,0.401,0.529,0.6906,92.8,1,4886,0,15,15,0
98669,55142,72479,72.53,93.29,678.52,99.7,0.0774,0.990,0.685,0.041,1,3,1,0,0,0,0,1,89.1,97.2,65.0,45.0,0,1,82.3,1,0,0,0.0,740,0.401,0.505,0.6909,92.8,1,4887,0,15,15,0
98689,55126,72484,46.69,79.10,678.52,99.7,0.0775,0.990,0.685,0.040,1,3,1,0,0,0,0,1,89.1,97.2,65.0,45.0,0,1,82.3,1,0,0,0.0,740,0.401,0.501,0.6911,92.8,1,4888,0,15,15,0
98709,55140,72495,51.54,74.07,678.52,99.7,0.0775,0.990,0.685,0.039,1,3,1,0,0,0,0,1,89.1,97.3,65.0,45.0,0,1,82.3,1,0,0,0.0,740,0.325,0.420,0.6914,92.7,1,4889,0,15,15,0
98729,55111,72501,41.53,87.70,678.52,99.7,0.0775,0.990,0.685,0.038,1,3,1,0,0,0,0,1,89.1,97.4,65.0,45.0,0,1,82.3,1,0,0,0.0,740,0.325,0.420,0.6916,92.7,1,4890,0,15,15,0
98749,55118,72483,11.62,105.32,678.52,99.7,0.0775,0.990,0.685,0.037,1,3,1,0,0,0,0,1,89.1,97.5,65.0,45.0,0,1,82.3,1,0,0,0.0,740,0.325,0.420,0.6918,92.7,1,4891,0,15,15,0
98769,55142,72493,-22.07,117.35,678.52,99.7,0.0775,0.990,0.685,0.036,1,3,1,0,0,0,0,1,89.1,97.5,65.0,45.0,0,1,82.3,1,0,0,0.0,740,0.325,0.420,0.6918,92.7,1,4892,0,15,15,0
98789,55151,72503,-7.39,123.43,678.52,99.7,0.0775,0.990,0.685,0.034,1,3,1,0,0,0,0,1,89.1,97.6,65.0,45.0,0,1,82.3,1,0,0,0.0,740,0.325,0.420,0.6917,92.7,1,4893,0,15,15,0
98809,55143,72510,26.66,138.39,678.52,99.7,0.0775,0.991,0.685,0.033,1,3,1,0,0,0,0,1,89.1,97.7,65.0,45.0,0,1,82.3,1,0,0,0.0,740,0.325,0.420,0.6916,92.7,1,4894,0,15,15,0
98829,55159,72513,78.08,162.51,678.52,99.7,0.0775,0.991,0.686,0.032,1,3,1,0,0,0,0,1,89.1,97.7,65.0,45.0,0,1,82.3,1,0,0,0.0,740,0.325,0.406,0.6917,92.7,1,4895,0,15,15,0
98849,55144,72555,115.03,188.61,678.52,99.7,0.0774,0.991,0.687,0.031,1,3,1,0,0,0,0,1,89.1,97.8,65.0,45.0,0,1,82.3,1,0,0,0.0,740,0.325,0.409,0.6918,92.7,1,4896,0,15,15,0
98869,55163,72531,167.31,234.43,678.52,99.7,0.0774,0.992,0.688,0.031,1,3,1,0,0,0,0,1,89.1,97.9,65.0,45.0,0,1,82.3,1,0,0,0.0,740,0.312,0.403,0.6921,92.7,1,4897,0,15,15,0
98889,55151,72529,201.37,278.24,678.52,99.7,0.0774,0.992,0.689,0.030,1,3,1,0,0,0,0,1,89.1,97.9,65.0,45.0,0,1,82.3,1,0,0,0.0,740,0.274,0.381,0.6924,92.7,1,4898,0,15,15,0
98909,55155,72541,228.26,311.04,678.52,99.7,0.0774,0.992,0.689,0.029,1,3,1,0,0,0,0,1,89.1,98.0,65.0,45.0,0,1,82.3,1,0,0,0.0,740,0.245,0.381,0.6929,92.7,1,4899,0,15,15,0
98929,55180,72539,245.80,341.77,678.52,99.7,0.0774,0.992,0.690,0.028,1,3,1,0,0,0,0,1,89.1,98.0,65.0,45.0,0,1,82.3,1,0,0,0.0,740,0.239,0.348,0.6934,92.7,1,4900,0,15,15,0
98949,55145,72542,254.27,365.51,678.52,99.7,0.0776,0.992,0.690,0.028,1,3,1,0,0,0,0,1,89.1,98.1,65.0,45.0,0,1,82.3,1,0,0,0.0,740,0.216,0.348,0.6936,92.7,1,4901,0,15,15,0
98969,55147,72525,240.14,375.35,678.52,99.7,0.0777,0.992,0.690,0.027,1,3,1,0,0,0,0,1,89.1,98.1,65.0,45.0,0,1,82.3,1,0,0,0.0,740,0.216,0.297,0.6936,92.7,1,4902,0,15,15,0
98989,55167,72546,216.27,377.47,678.52,99.7,0.0778,0.992,0.689,0.026,1,3,1,0,0,0,0,1,89.1,98.2,65.0,45.0,0,1,82.3,1,0,0,0.0,740,0.216,0.297,0.6933,92.7,1,4903,0,15,15,0
99009,55160,72564,213.75,376.87,678.52,99.7,0.0780,0.992,0.689,0.026,1,3,1,0,0,0,0,1,89.1,98.2,65.0,45.0,0,1,82.3,1,0,0,0.0,740,0.216,0.304,0.6930,92.7,1,4904,0,15,15,0
99029,55178,72577,230.83,395.76,678.52,99.7,0.0781,0.992,0.689,0.025,1,3,1,0,0,0,0,1,89.1,98.3,65.0,45.0,0,1,82.3,1,0,0,0.0,740,0.216,0.308,0.6927,92.7,1,4905,0,15,15,0
99049,55155,72586,237.62,432.93,678.52,99.7,0.0783,0.992,0.688,0.024,1,3,1,0,0,0,0,1,89.1,98.3,65.0,45.0,0,1,82.3,1,0,0,0.0,740,0.216,0.320,0.6922,92.7,1,4906,0,15,15,0
99069,55171,72599,256.90,479.05,678.52,99.7,0.0784,0.992,0.688,0.023,1,3,1,0,0,0,0,1,89.1,98.4,65.0,45.0,0,1,82.3,1,0,0,0.0,740,0.216,0.338,0.6916,92.7,1,4907,0,15,15,0
99089,55182,72579,275.36,515.71,678.52,99.7,0.0786,0.992,0.687,0.023,1,3,1,0,0,0,0,1,89.1,98.4,65.0,45.0,0,1,82.3,1,0,0,0.0,740,0.170,0.338,0.6909,92.7,1,4908,0,15,15,0
99109,55187,72589,307.96,540.63,678.52,99.7,0.0788,0.992,0.687,0.022,1,3,1,0,0,0,0,1,89.1,98.5,65.0,45.0,0,1,82.3,1,0,0,0.0,740,0.138,0.247,0.6902,92.7,1,4909,0,15,15,0
99129,55185,72571,343.41,535.90,678.52,99.7,0.0789,0.992,0.687,0.021,1,3,1,0,0,0,0,1,89.1,98.5,65.0,45.0,0,1,82.3,1,0,0,0.0,740,0.138,0.219,0.6899,92.7,1,4910,0,15,15,0
99149,55193,72564,374.42,501.47,678.52,99.7,0.0790,0.992,0.688,0.020,1,3,1,0,0,0,0,1,89.1,98.6,65.0,45.0,0,1,82.3,1,0,0,0.0,740,0.149,0.207,0.6901,92.7,1,4911,0,15,15,0
99169,55151,72593,390.87,453.33,678.52,99.7,0.0791,0.992,0.688,0.019,1,3,1,0,0,0,0,1,89.1,98.6,65.0,45.0,0,1,82.3,1,0,0,0.0,740,0.149,0.194,0.6906,92.7,1,4912,0,15,15,0
99189,55163,72533,353.38,390.52,678.52,99.7,0.0792,0.992,0.689,0.019,1,3,1,0,0,0,0,1,89.1,98.7,65.0,45.0,0,1,82.3,1,0,0,0.0,740,0.149,0.194,0.6912,92.7,1,4913,0,15,15,0
99209,55144,72516,272.90,281.39,678.52,99.7,0.0792,0.992,0.690,0.018,1,3,1,0,0,0,0,1,89.1,98.7,65.0,45.0,0,1,82.3,1,0,0,0.0,740,0.149,0.194,0.6916,92.7,1,4914,0,15,15,0
99229,55160,72511,200.16,140.89,678.52,99.7,0.0791,0.992,0.691,0.018,1,3,1,0,0,0,0,1,89.1,98.7,65.0,45.0,0,1,82.3,1,0,0,0.0,740,0.149,0.194,0.6919,92.7,1,4915,0,15,15,0
99249,55139,72511,108.77,-1.90,678.52,99.7,0.0790,0.992,0.691,0.017,1,3,1,0,0,0,0,1,89.1,98.8,65.0,45.0,0,1,82.3,1,0,0,0.0,740,0.149,0.194,0.6921,92.7,1,4916,0,15,15,0
99269,55104,72515,12.14,-126.31,678.52,99.7,0.0790,0.992,0.691,0.017,1,3,1,0,0,0,0,1,89.1,98.8,65.0,45.0,0,1,82.3,1,0,0,0.0,740,0.161,0.194,0.6919,92.7,1,4917,0,15,15,0
99289,55124,72496,-101.16,-225.44,678.52,99.7,0.0790,0.992,0.691,0.017,1,3,1,0,0,0,0,1,89.1,98.8,65.0,45.0,0,1,82.3,1,0,0,0.0,740,0.161,0.194,0.6917,92.7,1,4918,0,15,15,0
99309,55144,72502,-204.22,-311.99,678.52,99.7,0.0790,0.992,0.691,0.016,1,3,1,0,0,0,0,1,89.1,98.8,65.0,45.0,0,1,82.3,1,0,0,0.0,740,0.161,0.194,0.6915,92.7,1,4919,0,15,15,0
99329,55138,72522,-260.51,-379.36,678.52,99.7,0.0790,0.992,0.691,0.016,1,3,1,0,0,0,0,1,89.1,98.9,65.0,45.0,0,1,82.3,1,0,0,0.0,740,0.161,0.194,0.6915,92.7,1,4920,0,15,15,0
99349,55144,72525,-276.48,-398.65,678.52,99.7,0.0791,0.992,0.690,0.015,1,3,1,0,0,0,0,1,89.1,98.9,65.0,45.0,0,1,82.3,1,0,0,0.0,740,0.161,0.194,0.6916,92.7,1,4921,0,15,15,0
99369,55138,72518,-282.89,-393.39,678.52,99.7,0.0791,0.992,0.690,0.015,1,3,1,0,0,0,0,1,89.1,98.9,65.0,45.0,0,1,82.3,1,0,0,0.0,740,0.161,0.194,0.6918,92.7,1,4922,0,15,15,0
99389,55138,72558,-282.39,-372.52,678.52,99.7,0.0792,0.992,0.691,0.014,1,3,1,0,0,0,0,1,89.1,99.0,65.0,45.0,0,1,82.3,1,0,0,0.0,740,0.161,0.194,0.6923,92.7,1,4923,0,15,15,0
99409,55143,72522,-277.06,-350.67,678.52,99.7,0.0793,0.992,0.691,0.014,1,3,1,0,0,0,0,1,89.1,99.0,65.0,45.0,0,1,82.3,1,0,0,0.0,740,0.161,0.194,0.6929,92.7,1,4924,0,15,15,0
99429,55155,72529,-259.15,-319.90,678.52,99.7,0.0794,0.992,0.691,0.013,1,3,1,0,0,0,0,1,89.1,99.0,65.0,45.0,0,1,82.3,1,0,0,0.0,740,0.161,0.194,0.6936,92.7,1,4925,0,15,15,0
99449,55139,72536,-236.83,-288.50,678.52,99.7,0.0794,0.992,0.691,0.013,1,3,1,0,0,0,0,1,89.1,99.0,65.0,45.0,0,1,82.3,1,0,0,0.0,740,0.161,0.194,0.6942,92.7,1,4926,0,15,15,0
99469,55175,72535,-191.93,-251.69,678.52,99.7,0.0794,0.992,0.691,0.013,1,3,1,0,0,0,0,1,89.1,99.1,65.0,45.0,0,1,82.3,1,0,0,0.0,740,0.161,0.194,0.6946,92.7,1,4927,0,15,15,0
99489,55142,72553,-167.39,-215.74,678.52,99.7,0.0795,0.992,0.691,0.012,1,3,1,0,0,0,0,1,89.1,99.1,65.0,45.0,0,1,82.3,1,0,0,0.0,740,0.161,0.194,0.6948,92.7,1,4928,0,15,15,0
99509,55146,72508,-146.18,-186.23,678.52,99.7,0.0795,0.992,0.691,0.012,1,3,1,0,0,0,0,1,89.1,99.1,65.0,45.0,0,1,82.3,1,0,0,0.0,740,0.161,0.194,0.6949,92.7,1,4929,0,15,15,0
99529,55153,72511,-128.51,-197.28,678.52,99.7,0.0795,0.992,0.691,0.012,1,3,1,0,0,0,0,1,89.1,99.1,65.0,45.0,0,1,82.3,1,0,0,0.0,740,0.161,0.194,0.6948,92.7,1,4930,0,15,15,0
99549,55147,72536,-112.25,-222.59,678.52,99.7,0.0795,0.992,0.692,0.011,1,3,1,0,0,0,0,1,89.1,99.2,65.0,45.0,0,1,82.3,1,0,0,0.0,740,0.161,0.194,0.6947,92.6,1,4931,0,15,15,0
99569,55135,72533,-98.31,-217.89,678.52,99.7,0.0795,0.992,0.692,0.011,1,3,1,0,0,0,0,1,89.1,99.2,65.0,45.0,0,1,82.3,1,0,0,0.0,740,0.161,0.194,0.6947,92.6,1,4932,0,15,15,0
99589,55116,72537,-109.17,-196.61,678.52,99.7,0.0794,0.992,0.692,0.011,1,3,1,0,0,0,0,1,89.1,99.2,65.0,45.0,0,1,82.3,1,0,0,0.0,740,0.161,0.194,0.6947,92.6,1,4933,0,15,15,0
99609,55135,72520,-127.82,-175.32,678.52,99.7,0.0794,0.993,0.693,0.010,1,3,1,0,0,0,0,1,89.1,99.2,65.0,45.0,0,1,82.3,1,0,0,0.0,740,0.161,0.194,0.6949,92.6,1,4934,0,15,15,0
99629,55143,72526,-145.96,-166.63,678.52,99.7,0.0793,0.993,0.693,0.010,1,3,1,0,0,0,0,1,89.1,99.2,65.0,45.0,0,1,82.3,1,0,0,0.0,740,0.161,0.194,0.6952,92.6,1,4935,0,15,15,0
99649,55140,72538,-150.78,-163.91,678.52,99.7,0.0792,0.993,0.694,0.010,1,3,1,0,0,0,0,1,89.1,99.3,65.0,45.0,0,1,82.3,1,0,0,0.0,740,0.161,0.165,0.6954,92.6,1,4936,0,15,15,0
99669,55138,72549,-148.32,-146.59,678.52,99.7,0.0792,0.993,0.693,0.010,1,3,1,0,0,0,0,1,89.1,99.3,65.0,45.0,0,1,82.3,1,0,0,0.0,740,0.161,0.160,0.6958,92.6,1,4937,0,15,15,0
99689,55189,72555,-142.11,-110.06,678.52,99.8,0.0791,0.993,0.692,0.010,1,3,1,0,0,0,0,1,89.1,99.3,65.0,45.0,0,1,82.3,1,0,0,0.0,740,0.161,0.160,0.6961,92.6,1,4938,0,15,15,0
99709,55148,72580,-119.28,-62.73,678.52,99.8,0.0789,0.994,0.691,0.009,1,3,1,0,0,0,0,1,89.1,99.3,65.0,45.0,0,1,82.3,1,0,0,0.0,740,0.161,0.160,0.6963,92.6,1,4939,0,15,15,0
99729,55152,72549,-84.74,-18.58,678.52,99.8,0.0788,0.994,0.689,0.009,1,3,1,0,0,0,0,1,89.1,99.4,65.0,45.0,0,1,82.3,1,0,0,0.0,740,0.161,0.160,0.6965,92.6,1,4940,0,15,15,0
99749,55156,72569,-50.02,36.56,678.52,99.8,0.0787,0.994,0.688,0.008,1,3,1,0,0,0,0,1,89.1,99.4,65.0,45.0,0,1,82.3,1,0,0,0.0,740,0.161,0.146,0.6968,92.6,1,4941,0,15,15,0
99769,55161,72572,-12.70,86.46,678.52,99.8,0.0787,0.995,0.687,0.008,1,3,1,0,0,0,0,1,89.1,99.4,65.0,45.0,0,1,82.3,1,0,0,0.0,740,0.161,0.142,0.6970,92.6,1,4942,0,15,15,0
99789,55182,72569,29.29,124.76,678.52,99.8,0.0787,0.995,0.687,0.007,1,3,1,0,0,0,0,1,89.1,99.5,65.0,45.0,0,1,82.3,1,0,0,0.0,740,0.161,0.142,0.6972,92.6,1,4943,0,15,15,0
99809,55140,72563,66.39,150.24,678.52,99.8,0.0786,0.995,0.688,0.007,1,3,1,0,0,0,0,1,89.1,99.5,65.0,45.0,0,1,82.3,1,0,0,0.0,740,0.161,0.142,0.6973,92.6,1,4944,0,15,15,0
99829,55142,72523,59.67,155.55,678.52,99.8,0.0779,0.995,0.689,0.006,1,3,1,0,0,0,0,1,89.1,99.5,65.0,45.0,0,1,82.3,1,0,0,0.0,740,0.161,0.142,0.6973,92.6,1,4945,0,15,15,0
99849,55162,72521,35.29,92.47,678.52,99.8,0.0765,0.995,0.690,0.006,1,3,1,0,0,0,0,1,89.1,99.6,65.0,45.0,0,1,82.3,1,0,0,0.0,740,0.161,0.142,0.6974,92.6,1,4946,0,15,15,0
99869,55140,72520,6.76,6.05,678.52,99.8,0.0741,0.995,0.691,0.006,1,3,1,0,0,0,0,1,89.1,99.6,65.0,45.0,0,1,82.3,1,0,0,0.0,740,0.161,0.142,0.6974,92.6,1,4947,0,15,15,0
99889,55144,72509,-15.82,-79.67,678.52,99.8,0.0709,0.994,0.691,0.006,1,3,1,0,0,0,0,1,89.1,99.6,65.0,45.0,0,1,82.3,1,0,0,0.0,740,0.161,0.142,0.6974,92.6,1,4948,0,15,15,0
99909,55122,72508,-40.17,-168.32,678.52,99.8,0.0671,0.993,0.688,0.005,1,3,1,0,0,0,0,1,89.1,99.6,65.0,45.0,0,1,82.3,1,0,0,0.0,740,0.161,0.142,0.6972,92.6,1,4949,0,15,15,0
99929,55117,72501,-94.98,-245.87,665.84,99.7,0.0629,0.992,0.682,0.005,1,3,1,0,0,0,0,1,89.1,99.6,65.0,45.0,0,1,82.3,1,0,0,0.0,740,0.161,0.142,0.6969,92.6,1,4950,0,15,15,0
99949,55139,72488,-153.31,-315.96,639.28,99.7,0.0587,0.991,0.675,0.005,1,3,1,0,0,0,0,1,89.1,99.5,65.0,45.0,0,1,82.3,1,0,0,0.0,740,0.161,0.153,0.6965,92.6,1,4951,0,15,15,0
99969,55114,72483,-212.37,-388.94,606.24,99.6,0.0546,0.990,0.668,0.006,1,3,1,0,0,0,0,1,89.1,99.5,65.0,45.0,0,1,82.3,1,0,0,0.0,740,0.161,0.160,0.6962,92.6,1,4952,0,15,15,0
99989,55117,72484,-261.01,-455.06,561.60,99.6,0.0510,0.988,0.663,0.007,1,3,1,0,0,0,0,1,89.1,99.4,65.0,45.0,0,1,82.3,1,0,0,0.0,740,0.161,0.160,0.6958,92.6,1,4953,0,15,15,0
100009,55147,72481,-295.71,-506.39,514.18,97.8,0.0480,0.986,0.660,0.009,1,3,1,0,0,0,0,1,89.1,98.8,65.0,45.0,0,1,82.3,1,0,0,0.0,740,0.161,0.163,0.6954,92.6,1,4954,0,15,15,0
100029,55133,72507,-286.96,-538.52,469.53,95.9,0.0457,0.985,0.656,0.010,1,3,1,0,0,0,0,1,89.1,98.1,65.0,45.0,0,1,82.3,1,0,0,0.0,740,0.161,0.163,0.6948,92.6,1,4955,0,15,15,0
100049,55113,72474,-259.07,-557.75,425.65,94.5,0.0441,0.983,0.650,0.012,1,3,1,0,0,0,0,1,89.1,97.6,65.0,45.0,0,1,82.3,1,0,0,0.0,740,0.161,0.172,0.6939,92.6,1,4956,0,15,15,0
100069,55121,72477,-247.35,-569.73,377.47,93.5,0.0430,0.981,0.644,0.013,1,3,1,0,0,0,0,1,89.1,97.2,65.0,45.0,0,1,82.3,1,0,0,0.0,740,0.161,0.164,0.6929,92.6,1,4957,0,15,15,0
100089,55115,72480,-252.65,-571.94,332.80,93.1,0.0426,0.979,0.636,0.016,1,3,1,0,0,0,0,1,89.1,96.9,65.0,45.0,0,1,82.3,1,0,0,0.0,740,0.161,0.164,0.6919,92.6,1,4958,0,15,15,0
100109,55131,72476,-250.33,-564.71,330.98,93.1,0.0426,0.979,0.629,0.018,1,3,1,0,0,0,0,1,89.1,96.7,65.0,45.0,0,1,82.3,1,0,0,0.0,740,0.161,0.164,0.6911,92.7,1,4959,0,15,15,0
100129,55102,72473,-253.84,-550.98,330.98,93.2,0.0428,0.978,0.624,0.021,1,3,1,0,0,0,0,1,89.1,96.6,65.0,45.0,0,1,82.3,1,0,0,0.0,740,0.165,0.165,0.6904,92.7,1,4960,0,15,15,0
100149,55115,72447,-256.54,-535.80,330.98,93.6,0.0432,0.978,0.621,0.023,1,3,1,0,0,0,0,1,89.1,96.5,65.0,45.0,0,1,82.3,1,0,0,0.0,740,0.158,0.201,0.6899,92.7,1,4961,0,15,15,0
100169,55121,72476,-255.76,-517.23,330.98,94.0,0.0437,0.979,0.619,0.025,1,3,1,0,0,0,0,1,89.1,96.5,65.0,45.0,0,1,82.3,1,0,0,0.0,740,0.158,0.183,0.6896,92.7,1,4962,0,15,15,0
100189,55112,72473,-250.92,-495.10,330.98,94.3,0.0441,0.979,0.617,0.028,1,3,1,0,0,0,0,1,89.1,96.5,65.0,45.0,0,1,82.3,1,0,0,0.0,740,0.158,0.183,0.6892,92.7,1,4963,0,15,15,0
100209,55124,72490,-231.21,-465.77,330.98,94.6,0.0444,0.979,0.616,0.029,1,3,1,0,0,0,0,1,89.1,96.4,65.0,45.0,0,1,82.3,1,0,0,0.0,740,0.158,0.183,0.6887,92.7,1,4964,0,15,15,0
100229,55116,72487,-215.11,-417.70,330.98,94.7,0.0445,0.979,0.616,0.031,1,3,1,0,0,0,0,1,89.1,96.3,65.0,45.0,0,1,82.3,1,0,0,0.0,740,0.158,0.183,0.6877,92.7,1,4965,0,15,15,0
100249,55111,72499,-200.39,-360.76,330.98,94.5,0.0443,0.979,0.617,0.032,1,3,1,0,0,0,0,1,89.1,96.2,65.0,45.0,0,1,82.3,1,0,0,0.0,740,0.158,0.183,0.6864,92.8,1,4966,0,15,15,0
100269,55118,72475,-186.07,-309.26,330.98,94.1,0.0438,0.979,0.618,0.033,1,3,1,0,0,0,0,1,89.1,96.0,65.0,45.0,0,1,82.3,1,0,0,0.0,740,0.158,0.183,0.6848,92.8,1,4967,0,15,15,0
100289,55117,72496,-169.93,-251.68,330.98,93.5,0.0431,0.978,0.620,0.034,1,3,1,0,0,0,0,1,89.1,95.8,65.0,45.0,0,1,82.3,1,0,0,0.0,740,0.158,0.183,0.6832,92.8,1,4968,0,15,15,0
100309,55123,72490,-151.46,-206.01,330.98,92.7,0.0422,0.977,0.622,0.034,1,3,1,0,0,0,0,1,89.1,95.5,65.0,45.0,0,1,82.3,1,0,0,0.0,740,0.158,0.183,0.6822,92.8,1,4969,0,15,15,0
100329,55153,72503,-123.52,-161.21,330.98,91.8,0.0411,0.976,0.624,0.034,1,3,1,0,0,0,0,1,89.1,95.2,65.0,45.0,0,1,82.3,1,0,0,0.0,740,0.158,0.183,0.6816,92.9,1,4970,0,15,15,0
100349,55130,72515,-81.15,-111.67,330.98,90.7,0.0399,0.975,0.626,0.034,1,3,1,0,0,0,0,1,89.1,94.9,65.0,45.0,0,1,82.3,1,0,0,0.0,740,0.158,0.183,0.6818,92.9,1,4971,0,15,15,0
100369,55124,72469,-37.93,-66.19,330.98,89.4,0.0384,0.973,0.627,0.034,1,3,1,0,0,0,0,1,89.1,94.6,65.0,45.0,0,1,82.3,1,0,0,0.0,740,0.158,0.183,0.6823,92.9,1,4972,0,15,15,0
100389,55125,72488,-9.25,-49.42,326.69,88.1,0.0369,0.971,0.626,0.033,1,3,1,0,0,0,0,1,89.1,94.2,65.0,45.0,0,1,82.3,1,0,0,0.0,740,0.158,0.183,0.6829,92.9,1,4973,0,15,15,0
100409,55115,72514,8.00,-46.01,312.87,86.7,0.0354,0.968,0.626,0.033,1,3,1,0,0,0,0,1,89.1,93.8,65.0,45.0,0,1,82.3,1,0,0,0.0,740,0.158,0.183,0.6834,92.9,1,4974,0,15,15,0
100429,55129,72517,20.31,-10.95,292.17,85.4,0.0339,0.966,0.626,0.032,1,3,1,0,0,0,0,1,89.1,93.5,65.0,45.0,0,1,82.3,1,0,0,0.0,740,0.158,0.183,0.6837,92.9,1,4975,0,15,15,0
100449,55099,72516,10.48,35.01,266.03,84.3,0.0327,0.963,0.625,0.032,1,3,1,0,0,0,0,1,89.1,93.2,65.0,45.0,0,1,82.3,1,0,0,0.0,740,0.163,0.183,0.6823,92.9,1,4976,0,15,15,0
100469,55129,72514,19.58,78.53,241.46,83.4,0.0318,0.961,0.622,0.031,1,3,1,0,0,0,0,1,89.1,92.9,65.0,45.0,0,1,82.3,1,0,0,0.0,740,0.163,0.183,0.6779,92.9,1,4977,0,15,15,0
100489,55131,72500,35.34,111.25,222.51,82.8,0.0311,0.959,0.617,0.031,1,3,1,0,0,0,0,1,89.1,92.8,65.0,45.0,0,1,82.3,1,0,0,0.0,740,0.163,0.183,0.6710,93.0,1,4978,0,15,15,0
100509,55130,72504,53.46,119.75,222.51,82.4,0.0306,0.958,0.610,0.031,1,3,1,0,0,0,0,1,89.1,92.6,65.0,45.0,0,1,82.3,1,0,0,0.0,740,0.163,0.183,0.6634,93.1,1,4979,0,15,15,0
100529,55136,72488,71.66,110.55,222.51,82.1,0.0303,0.958,0.604,0.032,1,3,1,0,0,0,0,1,89.1,92.5,65.0,45.0,0,1,82.3,1,0,0,0.0,740,0.163,0.183,0.6559,93.2,1,4980,0,15,15,0
100549,55141,72466,96.26,77.71,222.51,82.0,0.0301,0.959,0.599,0.033,1,3,1,0,0,0,0,1,89.1,92.4,65.0,45.0,0,1,82.3,1,0,0,0.0,740,0.163,0.183,0.6511,93.3,1,4981,0,15,15,0
100569,55116,72499,119.30,39.65,222.51,81.8,0.0299,0.959,0.596,0.034,1,3,1,0,0,0,0,1,89.1,92.3,65.0,45.0,0,1,82.3,1,0,0,0.0,740,0.163,0.183,0.6481,93.4,1,4982,0,15,15,0
100589,55099,72444,100.29,-26.17,222.51,81.7,0.0298,0.958,0.593,0.035,1,3,1,0,0,0,0,1,89.1,92.2,65.0,45.0,0,1,82.3,1,0,0,0.0,740,0.163,0.188,0.6458,93.5,1,4983,0,15,15,0
100609,55101,72433,38.53,-124.10,222.51,81.6,0.0298,0.957,0.590,0.036,1,3,1,0,0,0,0,1,89.1,92.1,65.0,45.0,0,1,82.3,1,0,0,0.0,740,0.163,0.203,0.6434,93.6,1,4984,0,15,15,0
100629,55095,72437,-35.07,-228.88,222.51,81.6,0.0298,0.956,0.587,0.037,1,3,1,0,0,0,0,1,89.1,92.0,65.0,45.0,0,1,82.3,1,0,0,0.0,740,0.171,0.203,0.6411,93.7,1,4985,0,15,15,0
100649,55141,72427,-98.00,-323.91,222.51,81.6,0.0298,0.955,0.584,0.038,1,3,1,0,0,0,0,1,89.1,92.0,65.0,45.0,0,1,82.3,1,0,0,0.0,740,0.171,0.211,0.6377,93.7,1,4986,0,15,15,0
100669,55091,72422,-156.97,-405.75,222.51,81.7,0.0300,0.954,0.581,0.039,1,3,1,0,0,0,0,1,89.1,91.9,65.0,45.0,0,1,82.3,1,0,0,0.0,740,0.178,0.218,0.6342,93.8,1,4987,0,15,15,0
100689,55095,72394,-203.50,-472.66,222.51,81.9,0.0302,0.954,0.579,0.040,1,3,1,0,0,0,0,1,89.1,91.9,65.0,45.0,0,1,82.3,1,0,0,0.0,740,0.165,0.257,0.6311,93.9,1,4988,0,15,15,0
100709,55102,72413,-235.52,-531.11,222.51,82.2,0.0305,0.954,0.575,0.041,1,3,1,0,0,0,0,1,89.1,91.9,65.0,45.0,0,1,82.3,1,0,0,0.0,740,0.165,0.246,0.6286,94.0,1,4989,0,15,15,0
100729,55094,72426,-254.01,-571.57,222.51,82.4,0.0309,0.954,0.572,0.042,1,3,1,0,0,0,0,1,89.1,92.0,65.0,45.0,0,1,82.3,1,0,0,0.0,740,0.165,0.246,0.6264,94.0,1,4990,0,15,15,0
100749,55095,72423,-261.13,-578.19,223.76,82.7,0.0312,0.954,0.571,0.043,1,3,1,0,0,0,0,1,89.1,92.0,65.0,45.0,0,1,82.3,1,0,0,0.0,740,0.165,0.246,0.6242,94.1,1,4991,0,15,15,0
100769,55074,72425,-261.24,-560.77,223.76,83.0,0.0315,0.956,0.571,0.043,1,3,1,0,0,0,0,1,89.1,92.0,65.0,45.0,0,1,82.3,1,0,0,0.0,740,0.196,0.241,0.6224,94.2,1,4992,0,15,15,0
100789,55077,72409,-286.90,-532.60,223.76,83.3,0.0317,0.958,0.572,0.044,1,3,1,0,0,0,0,1,89.1,92.1,65.0,45.0,0,1,82.3,1,0,0,0.0,740,0.160,0.233,0.6218,94.2,1,4993,0,15,15,0
100809,55082,72405,-315.56,-517.89,223.76,83.5,0.0319,0.959,0.575,0.044,1,3,1,0,0,0,0,1,89.1,92.1,65.0,45.0,0,1,82.3,1,0,0,0.0,740,0.160,0.178,0.6223,94.3,1,4994,0,15,15,0
100829,55091,72423,-327.97,-504.70,223.76,83.6,0.0320,0.960,0.578,0.044,1,3,1,0,0,0,0,1,89.1,92.2,65.0,45.0,0,1,82.3,1,0,0,0.0,740,0.160,0.175,0.6233,94.3,1,4995,0,15,15,0
100849,55087,72407,-318.54,-490.82,223.76,83.6,0.0321,0.960,0.580,0.043,1,3,1,0,0,0,0,1,89.1,92.2,65.0,45.0,0,1,82.3,1,0,0,0.0,740,0.143,0.174,0.6244,94.3,1,4996,0,15,15,0
100869,55124,72409,-290.18,-469.85,223.76,83.6,0.0320,0.960,0.580,0.042,1,3,1,0,0,0,0,1,89.1,92.3,65.0,45.0,0,1,82.3,1,0,0,0.0,740,0.143,0.170,0.6254,94.3,1,4997,0,15,15,0
100889,55082,72446,-262.01,-443.21,223.76,83.5,0.0319,0.960,0.580,0.042,1,3,1,0,0,0,0,1,89.1,92.3,65.0,45.0,0,1,82.3,1,0,0,0.0,740,0.143,0.170,0.6257,94.3,1,4998,0,15,15,0
100909,55083,72407,-242.03,-412.52,223.76,83.3,0.0317,0.959,0.579,0.041,1,3,1,0,0,0,0,1,89.1,92.3,65.0,45.0,0,1,82.3,1,0,0,0.0,740,0.143,0.170,0.6257,94.3,1,4999,0,15,15,0
100929,55088,72406,-224.96,-382.11,223.76,83.1,0.0314,0.958,0.577,0.040,1,3,1,0,0,0,0,1,89.1,92.2,65.0,45.0,0,1,82.3,0,0,1,0.0,740,0.143,0.170,0.6257,94.3,1,5000,0,15,15,0
100949,55097,72412,-199.05,-351.10,223.76,82.7,0.0310,0.957,0.576,0.040,1,3,1,0,0,0,0,1,89.1,92.2,65.0,45.0,0,1,82.3,0,0,1,0.0,740,0.143,0.170,0.6257,94.3,1,5001,0,15,15,0
100969,55097,72404,-153.61,-320.88,223.76,82.3,0.0306,0.956,0.575,0.039,1,3,1,0,0,0,0,1,89.1,92.1,65.0,45.0,0,1,82.3,0,0,1,0.0,740,0.143,0.170,0.6257,94.3,1,5002,0,15,15,0
100989,55091,72395,-104.40,-293.58,223.76,81.9,0.0302,0.954,0.575,0.038,1,3,1,0,0,0,0,1,89.1,92.0,65.0,45.0,0,1,82.3,0,0,1,0.0,740,0.143,0.170,0.6257,94.3,1,5003,0,15,15,0
101009,55100,72396,-58.86,-278.34,223.76,81.4,0.0297,0.952,0.575,0.038,1,3,1,0,0,0,0,1,89.1,91.9,65.0,45.0,0,1,82.3,0,0,1,0.0,740,0.143,0.170,0.6257,94.3,1,5004,0,15,15,0
101029,55092,72392,-29.21,-267.25,223.76,80.8,0.0291,0.948,0.574,0.037,1,3,1,0,0,0,0,1,89.1,91.6,65.0,45.0,0,1,82.3,0,0,1,0.0,740,0.143,0.173,0.6257,94.3,1,5005,0,15,15,0
101049,55099,72401,4.01,-253.72,223.76,80.0,0.0284,0.943,0.575,0.036,1,3,1,0,0,0,0,1,89.1,91.1,65.0,45.0,0,1,82.3,0,0,1,0.0,740,0.143,0.173,0.6257,94.3,1,5006,0,15,15,0
101069,55094,72414,25.50,-229.86,223.76,79.2,0.0276,0.937,0.577,0.036,1,3,1,0,0,0,0,1,89.1,90.5,65.0,45.0,0,1,82.3,0,0,1,0.0,740,0.143,0.173,0.6257,94.3,1,5007,0,15,15,0
101089,55093,72425,39.88,-182.87,223.76,78.2,0.0267,0.932,0.582,0.034,1,3,1,0,0,0,0,1,89.1,89.9,65.0,45.0,0,1,82.3,0,0,1,0.0,740,0.143,0.173,0.6257,94.3,1,5008,0,15,15,0
101109,55083,72450,48.09,-114.26,222.82,77.1,0.0256,0.926,0.586,0.033,1,3,1,0,0,0,0,1,89.1,89.4,65.0,45.0,0,1,82.3,0,0,1,0.0,740,0.143,0.173,0.6257,94.3,1,5009,0,15,15,0
101129,55105,72469,53.20,-8.69,215.93,76.0,0.0246,0.920,0.587,0.031,1,3,1,0,0,0,0,1,89.1,88.8,65.0,45.0,0,1,82.3,0,0,1,0.0,740,0.143,0.173,0.6257,94.3,1,5010,0,15,15,0
101149,55108,72474,79.22,124.99,206.30,75.1,0.0237,0.914,0.578,0.030,1,3,1,0,0,0,0,1,89.1,88.1,65.0,45.0,0,1,82.3,0,0,1,0.0,740,0.143,0.173,0.6257,94.3,1,5011,0,15,15,0
101169,55103,72485,110.16,257.84,193.74,74.5,0.0233,0.908,0.560,0.030,1,3,1,0,0,0,0,1,89.1,87.5,65.0,45.0,0,1,82.3,0,0,1,0.0,740,0.143,0.173,0.6257,94.3,1,5012,0,15,15,0
101189,55108,72462,144.06,369.75,189.59,74.3,0.0232,0.904,0.537,0.031,1,3,1,0,0,0,0,1,89.1,87.1,65.0,45.0,0,1,82.3,0,0,1,0.0,740,0.143,0.173,0.6257,94.3,1,5013,0,15,15,0
101209,55101,72454,164.41,437.54,203.15,74.6,0.0236,0.902,0.518,0.034,1,3,1,0,0,0,0,1,89.1,86.9,65.0,45.0,0,1,82.3,0,0,1,0.0,740,0.143,0.173,0.6257,94.3,1,5014,0,15,15,0
101229,55095,72425,171.88,463.27,208.29,75.3,0.0243,0.905,0.502,0.038,1,3,1,0,0,0,0,1,89.1,87.1,65.0,45.0,0,1,82.3,0,0,1,0.0,740,0.143,0.173,0.6257,94.3,1,5015,0,15,15,0
101249,55101,72402,172.30,424.00,208.29,76.1,0.0250,0.911,0.494,0.042,1,3,1,0,1,0,2840,1,89.1,87.4,65.0,45.0,4,1,82.3,0,0,1,0.0,740,0.143,0.173,0.6257,94.3,1,5016,0,15,15,0
101269,55077,72400,157.88,328.91,208.29,76.7,0.0256,0.916,0.494,0.046,1,3,1,0,0,0,0,1,89.1,87.7,65.0,45.0,0,1,82.3,0,0,1,0.0,740,0.143,0.173,0.6257,94.3,1,5017,0,15,15,0
101289,55061,72364,105.43,220.71,208.29,77.1,0.0260,0.918,0.494,0.049,1,3,1,0,0,0,0,1,89.1,87.7,65.0,45.0,0,1,82.3,0,0,1,0.0,740,0.167,0.211,0.6257,94.3,1,5018,0,15,15,0
101309,55053,72361,15.41,71.56,208.29,77.2,0.0261,0.919,0.493,0.052,1,3,1,0,0,0,0,1,89.1,87.6,65.0,45.0,0,1,82.3,0,0,1,0.0,740,0.181,0.215,0.6257,94.3,1,5019,0,15,15,0
101329,55044,72378,-90.57,-71.26,208.29,77.2,0.0261,0.918,0.490,0.054,1,3,1,0,0,0,0,1,89.1,87.4,65.0,45.0,0,1,82.3,0,0,1,0.0,740,0.176,0.215,0.6257,94.3,1,5020,0,15,15,0
101349,55041,72374,-202.17,-173.90,208.29,77.0,0.0260,0.916,0.488,0.056,1,3,1,0,0,0,0,1,89.1,87.0,65.0,45.0,0,1,82.3,0,0,1,0.0,740,0.181,0.215,0.6257,94.3,1,5021,0,15,15,0
101369,55043,72364,-298.29,-241.71,208.29,76.8,0.0259,0.909,0.486,0.058,1,3,1,0,0,0,0,1,89.1,86.4,65.0,45.0,0,1,82.3,0,0,1,0.0,740,0.181,0.215,0.6257,94.3,1,5022,0,15,15,0
101389,55064,72380,-369.82,-281.38,208.29,76.4,0.0259,0.900,0.487,0.060,1,3,1,0,0,0,0,1,89.1,85.6,65.0,45.0,0,1,82.3,0,0,1,0.0,740,0.182,0.215,0.6257,94.3,1,5023,0,15,15,0
101409,55061,72385,-382.42,-290.87,208.29,76.0,0.0258,0.890,0.488,0.061,1,3,1,0,0,0,0,1,89.1,84.7,65.0,45.0,0,1,82.3,0,0,1,0.0,740,0.182,0.215,0.6257,94.3,1,5024,0,15,15,0
101429,55087,72387,-358.68,-275.13,208.29,75.7,0.0258,0.882,0.489,0.062,1,3,1,0,0,0,0,1,89.1,84.1,65.0,45.0,0,1,82.3,0,0,1,0.0,740,0.182,0.214,0.6257,94.3,1,5025,0,15,15,0
101449,55091,72377,-276.12,-247.13,208.29,75.6,0.0258,0.879,0.489,0.062,1,3,1,0,0,0,0,1,89.1,83.8,65.0,45.0,0,1,82.3,0,0,1,0.0,740,0.182,0.211,0.6257,94.3,1,5026,0,15,15,0
101469,55092,72374,-170.56,-225.56,208.29,75.6,0.0258,0.879,0.489,0.062,1,3,1,0,0,0,0,1,89.1,83.8,65.0,45.0,0,1,82.3,0,0,1,0.0,740,0.182,0.197,0.6257,94.3,1,5027,0,15,15,0
101489,55089,72374,-68.45,-210.13,208.29,75.6,0.0258,0.879,0.488,0.062,1,3,1,0,0,0,0,1,89.1,83.8,65.0,45.0,0,1,82.3,0,0,1,0.0,740,0.182,0.197,0.6257,94.3,1,5028,0,15,15,0
101509,55089,72382,15.24,-195.67,208.29,75.5,0.0258,0.876,0.488,0.062,1,3,1,0,0,0,0,1,89.1,83.6,65.0,45.0,0,1,82.3,0,0,1,0.0,740,0.182,0.191,0.6257,94.3,1,5029,0,15,15,0
101529,55086,72365,80.09,-180.06,208.29,75.3,0.0258,0.870,0.489,0.062,1,3,1,0,0,0,0,1,89.1,83.1,65.0,45.0,0,1,82.3,0,0,1,0.0,740,0.182,0.191,0.6257,94.3,1,5030,0,15,15,0
101549,55071,72367,122.48,-172.64,208.29,75.0,0.0258,0.861,0.489,0.061,1,3,1,0,0,0,0,1,89.1,82.5,65.0,45.0,0,1,82.3,0,0,1,0.0,740,0.182,0.191,0.6257,94.3,1,5031,0,15,15,0
101569,55058,72357,121.51,-168.95,208.29,74.7,0.0258,0.852,0.490,0.060,1,3,1,0,0,0,0,1,89.1,81.9,65.0,45.0,0,1,82.3,0,0,1,0.0,740,0.182,0.177,0.6257,94.3,1,5032,0,15,15,0
101589,55051,72360,78.86,-170.90,208.29,74.5,0.0258,0.847,0.491,0.059,1,3,1,0,0,0,0,1,89.1,81.5,65.0,45.0,0,1,82.3,0,0,1,0.0,740,0.182,0.177,0.6257,94.3,1,5033,0,15,15,0
101609,55052,72363,14.89,-171.26,208.29,74.4,0.0258,0.846,0.491,0.058,1,3,1,0,0,0,0,1,89.1,81.5,65.0,45.0,0,1,82.3,0,0,1,0.0,740,0.182,0.177,0.6257,94.3,1,5034,0,15,15,0
101629,55063,72365,-47.13,-163.05,208.29,74.5,0.0258,0.847,0.491,0.057,1,3,1,0,0,0,0,1,89.1,81.6,65.0,45.0,0,1,82.3,0,0,1,0.0,740,0.182,0.177,0.6257,94.3,1,5035,0,15,15,0
101649,55072,72363,-76.93,-149.03,208.29,74.5,0.0258,0.848,0.492,0.056,1,3,1,0,0,0,0,1,89.1,81.8,65.0,45.0,0,1,82.3,0,0,1,0.0,740,0.151,0.177,0.6257,94.3,1,5036,0,15,15,0
101669,55087,72374,-70.41,-128.46,208.29,74.6,0.0258,0.849,0.492,0.055,1,3,1,0,0,0,0,1,89.1,82.0,65.0,45.0,0,1,82.3,0,0,1,0.0,740,0.151,0.177,0.6257,94.3,1,5037,0,15,15,0
101689,55083,72371,-27.68,-96.55,208.29,74.6,0.0258,0.851,0.494,0.053,1,3,1,0,0,0,0,1,89.1,82.2,65.0,45.0,0,1,82.3,0,0,1,0.0,740,0.151,0.177,0.6257,94.3,1,5038,0,15,15,0
101709,55095,72384,32.37,-57.56,208.29,74.7,0.0258,0.853,0.497,0.052,1,3,1,0,0,0,0,1,89.1,82.5,65.0,45.0,0,1,82.3,0,0,1,0.0,740,0.151,0.177,0.6257,94.3,1,5039,0,15,15,0
101729,55089,72380,95.13,-10.43,208.29,74.8,0.0258,0.855,0.501,0.050,1,3,1,0,0,0,0,1,89.1,82.8,65.0,45.0,0,1,82.3,0,0,1,0.0,740,0.151,0.177,0.6257,94.3,1,5040,0,15,15,0
101749,55072,72390,149.92,40.77,208.29,74.8,0.0258,0.857,0.508,0.048,1,3,1,0,0,0,0,1,89.1,83.0,65.0,45.0,0,1,82.3,0,0,1,0.0,740,0.151,0.177,0.6257,94.3,1,5041,0,15,15,0
101769,55082,72386,179.97,90.44,208.29,74.9,0.0258,0.858,0.516,0.045,1,3,1,0,0,0,0,1,89.1,83.3,65.0,45.0,0,1,82.3,0,0,1,0.0,740,0.151,0.177,0.6257,94.3,1,5042,0,15,15,0
101789,55110,72403,194.87,138.83,208.29,75.0,0.0258,0.860,0.524,0.042,1,3,1,0,0,0,0,1,89.1,83.7,65.0,45.0,0,1,82.3,0,0,1,0.0,740,0.151,0.177,0.6257,94.3,1,5043,0,15,15,0
101809,55108,72406,249.06,198.52,208.29,75.1,0.0259,0.862,0.533,0.039,1,3,1,0,0,0,0,1,89.1,84.0,65.0,45.0,0,1,82.3,0,0,1,0.0,740,0.151,0.177,0.6257,94.3,1,5044,0,15,15,0
101829,55109,72412,311.62,258.13,208.29,75.3,0.0261,0.865,0.545,0.037,1,3,1,0,0,0,0,1,89.1,84.4,65.0,45.0,0,1,82.3,0,0,1,0.0,740,0.151,0.177,0.6257,94.3,1,5045,0,15,15,0
101849,55099,72424,364.35,316.66,208.29,75.8,0.0264,0.869,0.559,0.036,1,3,1,0,0,0,0,1,89.1,84.9,65.0,45.0,0,1,82.3,0,0,1,0.0,740,0.151,0.177,0.6257,94.3,1,5046,0,15,15,0
101869,55085,72421,385.83,377.49,208.29,76.4,0.0269,0.875,0.571,0.036,1,3,1,0,0,0,0,1,89.1,85.5,65.0,45.0,0,1,82.3,0,0,1,0.0,740,0.125,0.177,0.6257,94.3,1,5047,0,15,15,0
101889,55097,72420,384.80,428.23,208.29,77.2,0.0276,0.881,0.579,0.037,1,3,1,0,0,0,0,1,89.1,86.1,65.0,45.0,0,1,82.3,0,0,1,0.0,740,0.125,0.177,0.6257,94.3,1,5048,0,15,15,0
101909,55100,72400,371.82,463.36,208.31,78.0,0.0283,0.887,0.585,0.038,1,3,1,0,0,0,0,1,89.1,86.7,65.0,45.0,0,1,82.3,0,0,1,0.0,740,0.125,0.177,0.6257,94.3,1,5049,0,15,15,0
101929,55101,72388,358.65,455.62,208.31,78.7,0.0290,0.893,0.589,0.040,1,3,1,0,1,0,3520,1,89.1,87.2,65.0,45.0,4,1,82.3,0,0,1,0.0,740,0.125,0.177,0.6257,94.3,1,5050,0,15,15,0
101949,55094,72378,344.56,411.65,208.31,79.3,0.0295,0.897,0.593,0.041,1,3,1,0,0,0,0,1,89.1,87.5,65.0,45.0,0,1,82.3,0,0,1,0.0,740,0.125,0.177,0.6257,94.3,1,5051,0,15,15,0
101969,55088,72371,318.30,342.78,208.31,79.7,0.0298,0.899,0.597,0.042,1,3,1,0,0,0,0,1,89.1,87.7,65.0,45.0,0,1,82.3,0,0,1,0.0,740,0.125,0.177,0.6257,94.3,1,5052,0,15,15,0
101989,55072,72360,277.31,262.19,208.31,79.8,0.0300,0.900,0.600,0.043,1,3,1,0,0,0,0,1,89.1,87.7,65.0,45.0,0,1,82.3,0,0,1,0.0,740,0.125,0.177,0.6257,94.3,1,5053,0,15,15,0
102009,55067,72349,204.49,172.09,208.31,79.7,0.0299,0.900,0.600,0.045,1,3,1,0,0,0,0,1,89.1,87.6,65.0,45.0,0,1,82.3,0,0,1,0.0,740,0.125,0.188,0.6257,94.3,1,5054,0,15,15,0
102029,55065,72346,118.82,75.63,208.31,79.5,0.0297,0.898,0.601,0.046,1,3,1,0,0,0,0,1,89.1,87.4,65.0,45.0,0,1,82.3,0,0,1,0.0,740,0.125,0.192,0.6257,94.3,1,5055,0,15,15,0
102049,55066,72344,38.21,-12.65,208.31,79.2,0.0294,0.897,0.602,0.046,1,3,1,0,0,0,0,1,89.1,87.2,65.0,45.0,0,1,82.3,0,0,1,0.0,740,0.125,0.195,0.6257,94.3,1,5056,0,15,15,0
102069,55067,72333,-28.17,-85.79,208.31,78.9,0.0291,0.896,0.605,0.047,1,3,1,0,0,0,0,1,89.1,87.0,65.0,45.0,0,1,82.3,0,0,1,0.0,740,0.125,0.210,0.6257,94.3,1,5057,0,15,15,0
102089,55055,72351,-78.04,-139.63,208.31,78.6,0.0287,0.895,0.608,0.048,1,3,1,0,0,0,0,1,89.1,86.7,65.0,45.0,0,1,82.3,0,0,1,0.0,740,0.125,0.210,0.6257,94.3,1,5058,0,15,15,0
102109,55066,72336,-112.44,-186.18,208.31,78.3,0.0284,0.894,0.611,0.048,1,3,1,0,0,0,0,1,89.1,86.5,65.0,45.0,0,1,82.3,0,0,1,0.0,740,0.125,0.210,0.6257,94.3,1,5059,0,15,15,0
102129,55063,72355,-139.35,-198.27,208.31,77.9,0.0280,0.893,0.614,0.049,1,3,1,0,0,0,0,1,89.1,86.3,65.0,45.0,0,1,82.3,0,0,1,0.0,740,0.125,0.210,0.6257,94.3,1,5060,0,15,15,0
102149,55057,72357,-157.23,-185.48,208.31,77.6,0.0277,0.891,0.617,0.050,1,3,1,0,0,0,0,1,89.1,86.0,65.0,45.0,0,1,82.3,0,0,1,0.0,740,0.125,0.210,0.6257,94.3,1,5061,0,15,15,0
102169,55060,72348,-172.19,-161.16,208.31,77.3,0.0274,0.888,0.619,0.050,1,3,1,0,0,0,0,1,89.1,85.7,65.0,45.0,0,1,82.3,0,0,1,0.0,740,0.125,0.178,0.6257,94.3,1,5062,0,15,15,0
102189,55068,72355,-181.40,-132.68,208.31,76.9,0.0271,0.884,0.621,0.051,1,3,1,0,0,0,0,1,89.1,85.3,65.0,45.0,0,1,82.3,0,0,1,0.0,740,0.125,0.167,0.6257,94.3,1,5063,0,15,15,0
102209,55072,72344,-169.52,-113.84,208.31,76.6,0.0269,0.881,0.622,0.051,1,3,1,0,0,0,0,1,89.1,84.9,65.0,45.0,0,1,82.3,0,0,1,0.0,740,0.125,0.127,0.6257,94.3,1,5064,0,15,15,0
102229,55062,72347,-148.48,-100.47,208.31,76.3,0.0267,0.877,0.623,0.052,1,3,1,0,0,0,0,1,89.1,84.6,65.0,45.0,0,1,82.3,0,0,1,0.0,740,0.125,0.126,0.6257,94.3,1,5065,0,15,15,0
102249,55069,72348,-122.79,-88.76,208.31,76.1,0.0265,0.875,0.622,0.052,1,3,1,0,0,0,0,1,89.1,84.4,65.0,45.0,0,1,82.3,0,0,1,0.0,740,0.125,0.126,0.6257,94.3,1,5066,0,15,15,0
102269,55069,72353,-97.09,-75.59,208.31,75.9,0.0265,0.873,0.621,0.052,1,3,1,0,0,0,0,1,89.1,84.2,65.0,45.0,0,1,82.3,0,0,1,0.0,740,0.125,0.126,0.6257,94.3,1,5067,0,15,15,0
102289,55072,72350,-73.51,-58.61,208.31,75.9,0.0264,0.872,0.620,0.051,1,3,1,0,0,0,0,1,89.1,84.1,65.0,45.0,0,1,82.3,0,0,1,0.0,740,0.125,0.126,0.6257,94.3,1,5068,0,15,15,0
102309,55070,72368,-50.95,-36.18,208.31,75.8,0.0264,0.871,0.619,0.051,1,3,1,0,0,0,0,1,89.1,84.1,65.0,45.0,0,1,82.3,0,0,1,0.0,740,0.125,0.126,0.6257,94.3,1,5069,0,15,15,0
102329,55076,72357,-27.15,-7.24,208.31,75.8,0.0264,0.871,0.617,0.050,1,3,1,0,0,0,0,1,89.1,84.1,65.0,45.0,0,1,82.3,0,0,1,0.0,740,0.125,0.126,0.6257,94.3,1,5070,0,15,15,0
102349,55071,72354,-7.23,21.72,208.31,75.8,0.0264,0.871,0.616,0.049,1,3,1,0,0,0,0,1,89.1,84.2,65.0,45.0,0,1,82.3,0,0,1,0.0,740,0.122,0.126,0.6257,94.3,1,5071,0,15,15,0
102369,55065,72348,9.01,43.50,208.31,75.8,0.0264,0.870,0.615,0.048,1,3,1,0,0,0,0,1,89.1,84.2,65.0,45.0,0,1,82.3,0,0,1,0.0,740,0.107,0.126,0.6257,94.3,1,5072,0,15,15,0
102389,55081,72359,22.01,60.29,208.31,75.8,0.0265,0.870,0.615,0.047,1,3,1,0,0,0,0,1,89.1,84.3,65.0,45.0,0,1,82.3,0,0,1,0.0,740,0.107,0.126,0.6257,94.3,1,5073,0,15,15,0
102409,55069,72343,28.60,65.02,208.31,75.9,0.0265,0.870,0.614,0.046,1,3,1,0,0,0,0,1,89.1,84.4,65.0,45.0,0,1,82.3,0,0,1,0.0,740,0.107,0.126,0.6257,94.3,1,5074,0,15,15,0
102429,55075,72348,43.27,65.09,208.31,75.9,0.0265,0.870,0.613,0.044,1,3,1,0,0,0,0,1,89.1,84.4,65.0,45.0,0,1,82.3,0,0,1,0.0,740,0.107,0.126,0.6257,94.3,1,5075,0,15,15,0
102449,55078,72336,59.38,57.10,208.31,75.9,0.0265,0.870,0.614,0.043,1,3,1,0,0,0,0,1,89.1,84.6,65.0,45.0,0,1,82.3,0,0,1,0.0,740,0.107,0.126,0.6257,94.3,1,5076,0,15,15,0
102469,55072,72338,73.83,40.93,208.31,75.9,0.0265,0.871,0.615,0.042,1,3,1,0,0,0,0,1,89.1,84.7,65.0,45.0,0,1,82.3,0,0,1,0.0,740,0.107,0.126,0.6257,94.3,1,5077,0,15,15,0
102489,55082,72355,91.08,25.00,208.31,75.9,0.0265,0.872,0.618,0.041,1,3,1,0,0,0,0,1,89.1,84.8,65.0,45.0,0,1,82.3,0,0,1,0.0,740,0.107,0.126,0.6257,94.3,1,5078,0,15,15,0
102509,55070,72378,95.53,36.97,208.31,75.9,0.0264,0.872,0.620,0.040,1,3,1,0,0,0,0,1,89.1,84.9,65.0,45.0,0,1,82.3,0,0,1,0.0,740,0.107,0.126,0.6257,94.3,1,5079,0,15,15,0
102529,55094,72396,112.53,92.31,208.31,75.9,0.0264,0.873,0.621,0.039,1,3,1,0,0,0,0,1,89.1,85.0,65.0,45.0,0,1,82.3,0,0,1,0.0,740,0.107,0.126,0.6257,94.3,1,5080,0,15,15,0
102549,55085,72390,137.27,174.65,208.31,76.0,0.0265,0.873,0.621,0.039,1,3,1,0,0,0,0,1,89.1,85.1,65.0,45.0,0,1,82.3,0,0,1,0.0,740,0.107,0.126,0.6257,94.3,1,5081,0,15,15,0
102569,55088,72421,166.37,263.96,208.31,76.2,0.0267,0.874,0.618,0.038,1,3,1,0,0,0,0,1,89.1,85.3,65.0,45.0,0,1,82.3,0,0,1,0.0,740,0.107,0.126,0.6257,94.3,1,5082,0,15,15,0
102589,55078,72406,186.32,355.82,208.31,76.5,0.0270,0.876,0.614,0.037,1,3,1,0,0,0,0,1,89.1,85.5,65.0,45.0,0,1,82.3,0,0,1,0.0,740,0.105,0.126,0.6257,94.3,1,5083,0,15,15,0
102609,55098,72394,203.94,432.89,208.31,76.9,0.0275,0.877,0.608,0.035,1,3,1,0,0,0,0,1,89.1,85.9,65.0,45.0,0,1,82.3,0,0,1,0.0,740,0.100,0.126,0.6257,94.3,1,5084,0,15,15,0
102629,55079,72387,199.76,472.48,210.13,77.3,0.0279,0.877,0.602,0.033,1,3,1,0,0,0,0,1,89.1,86.1,65.0,45.0,0,1,82.3,0,0,1,0.0,740,0.100,0.126,0.6257,94.3,1,5085,0,15,15,0
102649,55080,72374,187.80,477.58,211.15,77.6,0.0283,0.877,0.596,0.031,1,3,1,0,0,0,0,1,89.1,86.3,65.0,45.0,0,1,82.3,0,0,1,0.0,740,0.100,0.126,0.6257,94.3,1,5086,0,15,15,0
102669,55064,72344,171.25,445.92,211.15,77.7,0.0285,0.875,0.591,0.029,1,2,1,0,1,0,4260,0,0.0,86.4,65.0,45.0,4,1,82.3,0,0,1,0.0,740,0.100,0.126,0.6257,94.3,1,5087,0,15,15,0
102689,55065,72314,128.02,358.19,182.48,77.6,0.0284,0.873,0.589,0.027,1,2,1,0,0,0,0,0,0.0,86.4,65.0,45.0,0,1,82.3,0,0,1,0.0,740,0.100,0.152,0.6257,94.3,1,5088,0,15,15,0
102709,55049,72307,77.74,215.73,182.48,77.2,0.0281,0.871,0.590,0.025,1,2,1,0,0,0,0,0,0.0,86.2,65.0,45.0,0,1,82.3,0,0,1,0.0,740,0.111,0.162,0.6257,94.3,1,5089,0,15,15,0
102729,55040,72295,3.82,61.23,182.48,76.7,0.0276,0.869,0.594,0.023,1,2,1,0,0,0,0,0,0.0,86.0,65.0,45.0,0,1,82.3,0,0,1,0.0,740,0.127,0.178,0.6257,94.3,1,5090,0,15,15,0
102749,55030,72292,-85.02,-91.73,182.48,76.2,0.0270,0.866,0.600,0.022,1,2,1,0,0,0,0,0,0.0,85.8,65.0,45.0,0,1,82.3,0,0,1,0.0,740,0.145,0.182,0.6257,94.3,1,5091,0,15,15,0
102769,55026,72306,-183.99,-219.31,188.16,75.7,0.0265,0.865,0.606,0.021,1,2,1,0,0,0,0,0,0.0,85.6,65.0,45.0,0,1,82.3,0,0,1,0.0,740,0.153,0.182,0.6257,94.3,1,5092,0,15,15,0
102789,55014,72306,-277.44,-298.72,199.09,75.3,0.0262,0.862,0.613,0.020,1,2,1,0,0,0,0,0,0.0,85.4,65.0,45.0,0,1,82.3,0,0,1,0.0,740,0.172,0.182,0.6257,94.3,1,5093,0,15,15,0
102809,55022,72326,-358.87,-342.65,196.46,75.0,0.0259,0.859,0.620,0.020,1,2,1,0,0,0,0,0,0.0,85.1,65.0,45.0,0,1,82.3,0,0,1,0.0,740,0.173,0.182,0.6257,94.3,1,5094,0,15,15,0
102829,55024,72313,-419.11,-351.14,193.68,74.6,0.0256,0.855,0.629,0.021,1,2,1,0,0,0,0,0,0.0,84.7,65.0,45.0,0,1,82.3,0,0,1,0.0,740,0.158,0.182,0.6257,94.3,1,5095,0,15,15,0
102849,55032,72322,-453.20,-326.52,189.49,74.2,0.0254,0.849,0.640,0.022,1,2,1,0,1,0,0,0,0.0,84.0,65.0,45.0,6,1,82.3,0,0,1,0.0,740,0.158,0.178,0.6257,94.3,1,5096,0,15,15,0
102869,55052,72310,-451.44,-300.38,184.16,73.8,0.0251,0.843,0.653,0.024,1,2,1,0,0,0,0,0,0.0,83.4,65.0,45.0,0,1,82.3,0,0,1,0.0,740,0.158,0.178,0.6257,94.3,1,5097,0,15,15,0
102889,55074,72324,-392.81,-260.48,178.02,73.4,0.0249,0.839,0.664,0.027,1,2,1,0,0,0,0,0,0.0,82.9,65.0,45.0,0,1,82.3,0,0,1,0.0,740,0.158,0.178,0.6257,94.3,1,5098,0,15,15,0
102909,55058,72310,-303.86,-234.04,171.94,73.2,0.0246,0.837,0.672,0.030,1,2,1,0,0,0,0,0,0.0,82.5,65.0,45.0,0,1,82.3,0,0,1,0.0,740,0.158,0.178,0.6257,94.3,1,5099,0,15,15,0
102929,55061,72327,-206.34,-193.45,165.74,72.9,0.0244,0.836,0.676,0.033,1,2,1,0,0,0,0,0,0.0,82.1,65.0,45.0,0,1,82.3,0,0,1,0.0,740,0.153,0.178,0.6257,94.3,1,5100,0,15,15,0
102949,55088,72328,-116.88,-145.57,165.74,72.7,0.0242,0.835,0.679,0.035,1,2,1,0,0,0,0,0,0.0,81.8,65.0,45.0,0,1,82.3,0,0,1,0.0,740,0.153,0.178,0.6257,94.3,1,5101,0,15,15,0
102969,55088,72322,8.43,-99.00,165.74,72.5,0.0240,0.834,0.681,0.038,1,2,1,0,0,0,0,0,0.0,81.5,65.0,45.0,0,1,82.3,0,0,1,0.0,740,0.153,0.178,0.6257,94.3,1,5102,0,15,15,0
102989,55049,72328,130.51,-56.04,165.74,72.3,0.0238,0.831,0.684,0.040,1,2,1,0,0,0,0,0,0.0,81.0,65.0,45.0,0,1,82.3,0,0,1,0.0,740,0.153,0.178,0.6257,94.3,1,5103,0,15,15,0
103009,55047,72309,160.03,-27.45,165.74,72.1,0.0236,0.829,0.690,0.043,1,2,1,0,0,0,0,0,0.0,80.7,65.0,45.0,0,1,82.3,0,0,1,0.0,740,0.153,0.178,0.6257,94.3,1,5104,0,15,15,0
103029,55064,72316,146.89,-15.72,165.74,71.9,0.0235,0.830,0.697,0.045,1,2,1,0,0,0,0,0,0.0,80.6,65.0,45.0,0,1,82.3,0,0,1,0.0,740,0.153,0.178,0.6257,94.3,1,5105,0,15,15,0
103049,55039,72333,114.11,-10.95,165.74,71.9,0.0233,0.833,0.705,0.048,1,2,1,0,0,0,0,0,0.0,80.6,65.0,45.0,0,1,82.3,0,0,1,0.0,740,0.153,0.178,0.6257,94.3,1,5106,0,15,15,0
103069,55064,72323,109.72,1.80,165.74,72.0,0.0232,0.837,0.713,0.050,1,2,1,0,0,0,0,0,0.0,80.7,65.0,45.0,0,1,82.3,0,0,1,0.0,740,0.153,0.178,0.6257,94.3,1,5107,0,15,15,0
103089,55061,72337,111.71,31.55,165.74,72.0,0.0231,0.841,0.720,0.053,1,2,1,0,0,0,0,0,0.0,80.8,65.0,45.0,0,1,82.3,0,0,1,0.0,740,0.153,0.178,0.6257,94.3,1,5108,0,15,15,0
103109,55060,72331,115.76,62.09,165.74,72.1,0.0231,0.843,0.724,0.056,1,2,1,0,0,0,0,0,0.0,80.8,65.0,45.0,0,1,82.3,0,0,1,0.0,740,0.153,0.178,0.6257,94.3,1,5109,0,15,15,0
103129,55061,72349,119.74,97.77,165.74,72.1,0.0231,0.844,0.725,0.059,1,2,1,0,0,0,0,0,0.0,80.6,65.0,45.0,0,1,82.3,0,0,1,0.0,740,0.153,0.178,0.6257,94.3,1,5110,0,15,15,0
103149,55069,72346,122.74,143.47,165.74,72.1,0.0231,0.844,0.726,0.061,1,2,1,0,0,0,0,0,0.0,80.5,65.0,45.0,0,1,82.3,0,0,1,0.0,740,0.153,0.178,0.6257,94.3,1,5111,0,15,15,0
103169,55082,72353,139.39,190.70,165.74,72.1,0.0230,0.845,0.729,0.062,1,2,1,0,0,0,0,0,0.0,80.5,65.0,45.0,0,1,82.3,0,0,1,0.0,740,0.153,0.178,0.6257,94.3,1,5112,0,15,15,0
103189,55082,72355,182.75,236.68,165.74,72.1,0.0229,0.848,0.738,0.064,1,2,1,0,0,0,0,0,0.0,80.5,65.0,45.0,0,1,82.3,0,0,1,0.0,740,0.153,0.178,0.6257,94.3,1,5113,0,15,15,0
103209,55095,72357,229.43,277.15,165.74,72.0,0.0226,0.853,0.752,0.067,1,2,1,0,0,0,0,0,0.0,80.7,65.0,45.0,0,1,82.3,0,0,1,0.0,740,0.153,0.178,0.6257,94.3,1,5114,0,15,15,0
103229,55081,72365,268.94,310.76,165.74,72.1,0.0224,0.859,0.770,0.070,1,2,1,0,0,0,0,0,0.0,80.9,65.0,45.0,0,1,82.3,0,0,1,0.0,740,0.153,0.178,0.6257,94.3,1,5115,0,15,15,0
103249,55100,72367,321.88,346.10,165.74,72.2,0.0222,0.865,0.786,0.074,1,2,1,0,0,0,0,0,0.0,81.1,65.0,45.0,0,1,82.3,0,0,1,0.0,740,0.156,0.178,0.6257,94.3,1,5116,0,15,15,0
103269,55083,72393,347.45,377.51,165.74,72.4,0.0223,0.870,0.796,0.078,1,2,1,0,0,0,0,0,0.0,81.2,65.0,45.0,0,1,82.3,0,0,1,0.0,740,0.156,0.178,0.6257,94.3,1,5117,0,15,15,0
103289,55084,72378,357.06,415.65,165.74,72.7,0.0226,0.874,0.800,0.082,1,2,1,0,0,0,0,0,0.0,81.3,65.0,45.0,0,1,82.3,0,0,1,0.0,740,0.156,0.178,0.6257,94.3,1,5118,0,15,15,0
103309,55084,72362,355.74,447.79,165.74,73.2,0.0230,0.878,0.800,0.085,1,2,1,0,0,0,0,0,0.0,81.4,65.0,45.0,0,1,82.3,0,0,1,0.0,740,0.156,0.178,0.6257,94.3,1,5119,0,15,15,0
103329,55078,72353,347.09,446.58,165.74,73.6,0.0233,0.880,0.798,0.088,1,2,1,0,1,0,0,0,0.0,81.6,65.0,45.0,6,1,82.3,0,0,1,0.0,740,0.156,0.178,0.6257,94.3,1,5120,0,15,15,0
103349,55058,72338,322.53,415.76,165.74,73.8,0.0235,0.882,0.794,0.090,1,2,1,0,0,0,0,0,0.0,81.6,65.0,45.0,0,1,82.3,0,0,1,0.0,740,0.156,0.178,0.6257,94.3,1,5121,0,15,15,0
103369,55062,72326,262.49,352.97,165.74,73.8,0.0236,0.881,0.786,0.091,1,2,1,0,0,0,0,0,0.0,81.5,65.0,45.0,0,1,82.3,0,0,1,0.0,740,0.156,0.178,0.6257,94.3,1,5122,0,15,15,0
103389,55059,72307,189.09,266.85,165.74,73.7,0.0235,0.880,0.775,0.091,1,2,1,0,0,0,0,0,0.0,81.4,65.0,45.0,0,1,82.3,0,0,1,0.0,740,0.156,0.178,0.6257,94.3,1,5123,0,15,15,0
103409,55049,72288,119.61,155.28,165.74,73.5,0.0232,0.879,0.764,0.089,1,2,1,0,0,0,0,0,0.0,81.3,65.0,45.0,0,1,82.3,0,0,1,0.0,740,0.156,0.184,0.6257,94.3,1,5124,0,15,15,0
103429,55049,72299,42.51,37.87,165.74,73.2,0.0230,0.877,0.754,0.087,1,2,1,0,0,0,0,0,0.0,81.3,65.0,45.0,0,1,0.0,0,0,0,0.0,740,0.156,0.184,0.6257,94.3,1,5125,0,15,15,0
103449,55040,72277,-26.37,-79.65,165.74,73.0,0.0228,0.875,0.748,0.084,1,2,1,0,0,0,0,0,0.0,81.3,65.0,45.0,0,1,0.0,0,0,0,0.0,740,0.156,0.199,0.6257,94.3,1,5126,0,15,15,0
103469,55043,72293,-92.31,-171.03,165.74,72.9,0.0228,0.874,0.746,0.081,1,2,1,0,0,0,0,0,0.0,81.4,65.0,45.0,0,1,0.0,0,0,0,0.0,740,0.156,0.199,0.6257,94.3,1,5127,0,15,15,0
103489,55043,72278,-146.06,-256.98,165.74,73.0,0.0228,0.875,0.748,0.078,1,2,1,0,0,0,0,0,0.0,81.7,65.0,45.0,0,1,0.0,0,0,0,0.0,740,0.156,0.199,0.6257,94.3,1,5128,0,15,15,0
103509,55034,72279,-185.12,-323.12,165.74,73.3,0.0230,0.880,0.752,0.075,1,2,1,0,0,0,0,0,0.0,82.3,65.0,45.0,0,1,0.0,0,0,0,0.0,740,0.156,0.199,0.6257,94.3,1,5129,0,15,15,0
103529,55034,72280,-227.02,-367.29,168.97,73.8,0.0233,0.888,0.758,0.073,1,2,1,0,0,0,0,0,0.0,83.2,65.0,45.0,0,1,0.0,0,0,0,0.0,740,0.156,0.199,0.6257,94.3,1,5130,0,15,15,0
103549,55040,72261,-261.24,-391.38,173.79,74.5,0.0236,0.899,0.766,0.072,1,2,1,0,0,0,0,0,0.0,84.2,65.0,45.0,0,1,0.0,0,0,0,0.0,740,0.156,0.221,0.6257,94.3,1,5131,0,15,15,0
103569,55035,72289,-282.41,-397.44,175.00,75.1,0.0239,0.909,0.774,0.071,1,2,1,0,0,0,0,0,0.0,85.1,65.0,45.0,0,1,0.0,0,0,0,0.0,740,0.156,0.200,0.6257,94.3,1,5132,0,15,15,0
103589,55033,72281,-291.89,-388.88,175.00,75.6,0.0242,0.917,0.782,0.070,1,2,1,0,1,0,740,0,0.0,85.8,65.0,45.0,6,1,0.0,0,0,0,0.0,740,0.156,0.184,0.6257,94.3,1,5133,0,15,15,0
103609,55041,72284,-291.83,-366.44,175.00,76.0,0.0245,0.922,0.788,0.070,1,2,1,0,0,0,0,0,0.0,86.3,65.0,45.0,0,1,0.0,0,0,0,0.0,740,0.156,0.183,0.6257,94.3,1,5134,0,15,15,0
103629,55042,72276,-273.32,-341.17,175.00,76.3,0.0247,0.924,0.791,0.070,1,2,1,0,0,0,0,0,0.0,86.5,65.0,45.0,0,1,0.0,0,0,0,0.0,740,0.156,0.183,0.6257,94.3,1,5135,0,15,15,0
103649,55043,72282,-244.92,-312.49,175.00,76.5,0.0249,0.926,0.792,0.070,1,2,1,0,0,0,0,0,0.0,86.7,65.0,45.0,0,1,0.0,0,0,0,0.0,740,0.156,0.183,0.6257,94.3,1,5136,0,15,15,0
103669,55045,72270,-211.86,-290.86,175.00,76.6,0.0250,0.927,0.792,0.070,1,2,1,0,0,0,0,0,0.0,86.8,65.0,45.0,0,1,0.0,0,0,0,0.0,740,0.156,0.183,0.6257,94.3,1,5137,0,15,15,0
103689,55048,72288,-175.36,-262.60,175.00,76.8,0.0252,0.927,0.792,0.069,1,2,1,0,0,0,0,0,0.0,86.9,65.0,45.0,0,1,0.0,0,0,0,0.0,740,0.156,0.183,0.6257,94.3,1,5138,0,15,15,0
103709,55038,72280,-140.50,-234.74,175.00,76.9,0.0253,0.928,0.791,0.069,1,2,1,0,0,0,0,0,0.0,87.1,65.0,45.0,0,1,0.0,0,0,0,0.0,740,0.156,0.183,0.6257,94.3,1,5139,0,15,15,0
103729,55045,72288,-109.43,-196.10,175.00,77.0,0.0254,0.929,0.790,0.068,1,2,1,0,0,0,0,0,0.0,87.2,65.0,45.0,0,1,0.0,0,0,0,0.0,740,0.156,0.183,0.6257,94.3,1,5140,0,15,15,0
103749,55036,72282,-95.78,-163.99,175.00,77.1,0.0255,0.931,0.789,0.067,1,2,1,0,0,0,0,0,0.0,87.4,65.0,45.0,0,1,0.0,0,0,0,0.0,740,0.156,0.183,0.6257,94.3,1,5141,0,15,15,0
103769,55047,72301,-76.51,-127.71,175.00,77.2,0.0255,0.932,0.788,0.065,1,2,1,0,0,0,0,0,0.0,87.6,65.0,45.0,0,1,0.0,0,0,0,0.0,740,0.156,0.183,0.6257,94.3,1,5142,0,15,15,0
103789,55046,72308,-54.47,-73.94,175.00,77.2,0.0255,0.932,0.786,0.064,1,2,1,0,0,0,0,0,0.0,87.7,65.0,45.0,0,1,0.0,0,0,0,0.0,740,0.142,0.183,0.6257,94.3,1,5143,0,15,15,0
103809,55034,72300,-33.30,-18.84,175.00,77.2,0.0255,0.933,0.784,0.063,1,2,1,0,0,0,0,0,0.0,87.8,65.0,45.0,0,1,0.0,0,0,0,0.0,740,0.138,0.183,0.6257,94.3,1,5144,0,15,15,0
103829,55048,72303,-14.56,33.10,175.00,77.1,0.0254,0.933,0.780,0.061,1,2,1,0,0,0,0,0,0.0,87.9,65.0,45.0,0,1,0.0,0,0,0,0.0,740,0.124,0.183,0.6257,94.3,1,5145,0,15,15,0
103849,55045,72306,-0.57,77.19,175.00,77.0,0.0252,0.932,0.774,0.059,1,2,1,0,0,0,0,0,0.0,88.0,65.0,45.0,0,1,0.0,0,0,0,0.0,740,0.122,0.183,0.6257,94.3,1,5146,0,15,15,0
103869,55050,72286,15.77,112.22,175.00,76.7,0.0250,0.930,0.767,0.056,1,2,1,0,0,0,0,0,0.0,88.0,65.0,45.0,0,1,0.0,0,0,0,0.0,740,0.122,0.183,0.6257,94.3,1,5147,0,15,15,0
103889,55063,72287,34.96,116.00,175.00,76.3,0.0246,0.928,0.762,0.053,1,2,1,0,0,0,0,0,0.0,87.9,65.0,45.0,0,1,0.0,0,0,0,0.0,740,0.122,0.183,0.6257,94.3,1,5148,0,15,15,0
103909,55065,72294,77.10,106.81,175.00,75.9,0.0242,0.926,0.761,0.050,1,2,1,0,0,0,0,0,0.0,87.8,65.0,45.0,0,1,0.0,0,0,0,0.0,740,0.122,0.183,0.6257,94.3,1,5149,0,15,15,0
103929,55062,72308,122.24,104.05,175.00,75.5,0.0239,0.923,0.760,0.047,1,2,1,0,0,0,0,0,0.0,87.7,65.0,45.0,0,1,0.0,0,0,0,0.0,740,0.122,0.183,0.6257,94.3,1,5150,0,15,15,0
103949,55064,72305,163.25,120.31,175.00,75.2,0.0235,0.921,0.759,0.044,1,2,1,0,0,0,0,0,0.0,87.6,65.0,45.0,0,1,0.0,0,0,0,0.0,740,0.122,0.183,0.6257,94.3,1,5151,0,15,15,0
103969,55073,72314,195.54,146.35,175.00,74.9,0.0233,0.919,0.757,0.041,1,2,1,0,0,0,0,0,0.0,87.6,65.0,45.0,0,1,0.0,0,0,0,0.0,740,0.122,0.183,0.6257,94.3,1,5152,0,15,15,0
103989,55076,72332,234.98,180.93,175.00,74.8,0.0233,0.917,0.757,0.039,1,2,1,0,0,0,0,0,0.0,87.7,65.0,45.0,0,1,0.0,0,0,0,0.0,740,0.122,0.183,0.6257,94.3,1,5153,0,15,15,0
104009,55081,72355,275.33,238.93,175.00,74.9,0.0233,0.918,0.759,0.036,1,2,1,0,0,0,0,0,0.0,87.9,65.0,45.0,0,1,0.0,0,0,0,0.0,740,0.122,0.183,0.6257,94.3,1,5154,0,15,15,0
104029,55078,72391,311.61,329.38,175.00,75.1,0.0235,0.920,0.762,0.034,1,2,1,0,0,0,0,0,0.0,88.2,65.0,45.0,0,1,0.0,0,0,0,0.0,740,0.122,0.183,0.6257,94.3,1,5155,0,15,15,0
104049,55070,72382,338.27,455.86,175.00,75.6,0.0239,0.922,0.761,0.033,1,2,1,0,0,0,0,0,0.0,88.7,65.0,45.0,0,1,0.0,0,0,0,0.0,740,0.122,0.183,0.6257,94.3,1,5156,0,15,15,0
104069,55077,72377,352.30,574.77,194.44,76.2,0.0246,0.924,0.755,0.031,1,2,1,0,0,0,0,0,0.0,89.1,65.0,45.0,0,1,0.0,0,0,0,0.0,740,0.122,0.183,0.6257,94.3,1,5157,0,15,15,0
104089,55077,72355,356.05,661.17,211.72,76.8,0.0253,0.924,0.742,0.029,1,2,1,0,0,0,0,0,0.0,89.4,65.0,45.0,0,1,0.0,0,0,0,0.0,740,0.122,0.183,0.6257,94.3,1,5158,0,15,15,0
104109,55072,72335,351.89,684.67,216.42,77.4,0.0261,0.924,0.729,0.028,1,2,1,0,0,0,0,0,0.0,89.6,65.0,45.0,0,1,0.0,0,0,0,0.0,740,0.122,0.183,0.6257,94.3,1,5159,0,15,15,0
104129,55054,72313,332.64,644.82,216.42,77.9,0.0267,0.923,0.718,0.028,1,2,1,0,1,0,800,0,0.0,89.7,65.0,45.0,6,1,0.0,0,0,0,0.0,740,0.122,0.183,0.6257,94.3,1,5160,0,15,15,0
104149,55051,72300,273.53,548.33,216.42,78.1,0.0270,0.922,0.710,0.028,1,2,1,0,0,0,0,0,0.0,89.7,65.0,45.0,0,1,0.0,0,0,0,0.0,740,0.122,0.183,0.6257,94.3,1,5161,0,15,15,0
104169,55048,72282,198.94,420.03,216.42,78.3,0.0272,0.921,0.705,0.029,1,2,1,0,0,0,0,0,0.0,89.6,65.0,45.0,0,1,0.0,0,0,0,0.0,740,0.122,0.183,0.6257,94.3,1,5162,0,15,15,0
104189,55017,72258,121.81,268.85,216.42,78.3,0.0272,0.921,0.701,0.030,1,2,1,0,0,0,0,0,0.0,89.5,65.0,45.0,0,1,0.0,0,0,0,0.0,740,0.151,0.187,0.6257,94.3,1,5163,0,15,15,0
104209,55024,72283,9.34,128.84,216.42,78.2,0.0272,0.920,0.699,0.031,1,2,1,0,0,0,0,0,0.0,89.4,65.0,45.0,0,1,0.0,0,0,0,0.0,740,0.151,0.187,0.6257,94.3,1,5164,0,15,15,0
104229,55015,72286,-113.70,14.94,216.42,78.1,0.0271,0.919,0.698,0.032,1,2,1,0,0,0,0,0,0.0,89.2,65.0,45.0,0,1,0.0,0,0,0,0.0,740,0.154,0.187,0.6257,94.3,1,5165,0,15,15,0
104249,55017,72289,-221.39,-66.70,216.42,78.0,0.0271,0.917,0.700,0.033,1,2,1,0,0,0,0,0,0.0,89.0,65.0,45.0,0,1,0.0,0,0,0,0.0,740,0.125,0.187,0.6257,94.3,1,5166,0,15,15,0
104269,55015,72291,-308.11,-117.58,216.42,77.9,0.0271,0.913,0.704,0.033,1,2,1,0,0,0,0,0,0.0,88.7,65.0,45.0,0,1,0.0,0,0,0,0.0,740,0.125,0.184,0.6257,94.3,1,5167,0,15,15,0
104289,55016,72286,-368.21,-146.65,216.42,77.8,0.0272,0.909,0.711,0.033,1,2,1,0,0,0,0,0,0.0,88.4,65.0,45.0,0,1,0.0,0,0,0,0.0,740,0.125,0.184,0.6257,94.3,1,5168,0,15,15,0
104309,55029,72279,-404.57,-164.73,216.42,77.7,0.0273,0.904,0.719,0.032,1,2,1,0,0,0,0,0,0.0,88.1,65.0,45.0,0,1,0.0,0,0,0,0.0,740,0.120,0.184,0.6257,94.3,1,5169,0,15,15,0
104329,55047,72300,-397.23,-173.41,216.42,77.6,0.0274,0.900,0.727,0.030,1,2,1,0,0,0,0,0,0.0,87.9,65.0,45.0,0,1,0.0,0,0,0,0.0,740,0.120,0.184,0.6257,94.3,1,5170,0,15,15,0
104349,55065,72295,-335.30,-161.84,216.42,77.7,0.0275,0.899,0.733,0.028,1,2,1,0,0,0,0,0,0.0,88.0,65.0,45.0,0,1,0.0,0,0,0,0.0,740,0.120,0.184,0.6257,94.3,1,5171,0,15,15,0
104369,55061,72292,-230.52,-141.51,216.42,77.7,0.0275,0.899,0.735,0.026,1,2,1,0,0,0,0,0,0.0,88.2,65.0,45.0,0,1,0.0,0,0,0,0.0,740,0.120,0.184,0.6257,94.3,1,5172,0,15,15,0
104389,55070,72300,-113.68,-118.55,216.42,77.8,0.0276,0.899,0.735,0.024,1,2,1,0,0,0,0,0,0.0,88.3,65.0,45.0,0,1,0.0,0,0,0,0.0,740,0.120,0.184,0.6257,94.3,1,5173,0,15,15,0
104409,55079,72286,1.62,-100.33,216.42,77.8,0.0276,0.898,0.733,0.022,1,2,1,0,0,0,0,0,0.0,88.4,65.0,45.0,0,1,0.0,0,0,0,0.0,740,0.120,0.184,0.6257,94.3,1,5174,0,15,15,0
104429,55065,72288,99.61,-90.72,216.42,77.7,0.0277,0.894,0.730,0.021,1,2,1,0,0,0,0,0,0.0,88.2,65.0,45.0,0,1,0.0,0,0,0,0.0,740,0.120,0.184,0.6257,94.3,1,5175,0,15,15,0
104449,55054,72289,166.18,-84.41,216.42,77.5,0.0277,0.888,0.725,0.020,1,2,1,0,0,0,0,0,0.0,87.8,65.0,45.0,0,1,0.0,0,0,0,0.0,740,0.120,0.184,0.6257,94.3,1,5176,0,15,15,0
104469,55039,72291,188.40,-77.37,216.42,77.3,0.0277,0.882,0.721,0.019,1,2,1,0,0,0,0,0,0.0,87.3,65.0,45.0,0,1,0.0,0,0,0,0.0,740,0.120,0.184,0.6257,94.3,1,5177,0,15,15,0
104489,55048,72278,176.71,-69.55,216.42,77.1,0.0277,0.876,0.718,0.019,1,2,1,0,0,0,0,0,0.0,87.0,65.0,45.0,0,1,0.0,0,0,0,0.0,740,0.120,0.184,0.6257,94.3,1,5178,0,15,15,0
104509,55029,72290,134.90,-59.70,216.42,77.0,0.0278,0.873,0.715,0.019,1,2,1,0,0,0,0,0,0.0,86.7,65.0,45.0,0,1,0.0,0,0,0,0.0,740,0.120,0.184,0.6257,94.3,1,5179,0,15,15,0
104529,55041,72299,89.91,-49.12,216.42,77.0,0.0278,0.871,0.713,0.019,1,2,1,0,0,0,0,0,0.0,86.6,65.0,45.0,0,1,0.0,0,0,0,0.0,740,0.120,0.184,0.6257,94.3,1,5180,0,15,15,0
104549,55050,72307,49.88,-25.76,216.42,76.9,0.0278,0.870,0.712,0.019,1,2,1,0,0,0,0,0,0.0,86.5,65.0,45.0,0,1,0.0,0,0,0,0.0,740,0.120,0.184,0.6257,94.3,1,5181,0,15,15,0
104569,55061,72292,34.53,0.38,216.42,76.8,0.0277,0.870,0.712,0.019,1,2,1,0,0,0,0,0,0.0,86.4,65.0,45.0,0,1,0.0,0,0,0,0.0,740,0.120,0.184,0.6257,94.3,1,5182,0,15,15,0
104589,55054,72305,39.02,33.04,216.42,76.6,0.0275,0.869,0.714,0.019,1,2,1,0,0,0,0,0,0.0,86.3,65.0,45.0,0,1,0.0,0,0,0,0.0,740,0.120,0.184,0.6257,94.3,1,5183,0,15,15,0
104609,55070,72305,63.96,63.96,216.42,76.4,0.0272,0.869,0.719,0.018,1,2,1,0,0,0,0,0,0.0,86.3,65.0,45.0,0,1,0.0,0,0,0,0.0,740,0.120,0.184,0.6257,94.3,1,5184,0,15,15,0
104629,55073,72315,110.02,89.71,216.42,76.1,0.0268,0.870,0.727,0.017,1,2,1,0,0,0,0,0,0.0,86.3,65.0,45.0,0,1,0.0,0,0,0,0.0,740,0.120,0.184,0.6257,94.3,1,5185,0,15,15,0
104649,55069,72319,157.07,123.59,216.42,75.9,0.0265,0.872,0.738,0.016,1,2,1,0,0,0,0,0,0.0,86.5,65.0,45.0,0,1,0.0,0,0,0,0.0,740,0.120,0.184,0.6257,94.3,1,5186,0,15,15,0
104669,55075,72323,201.87,160.94,216.42,75.7,0.0262,0.874,0.749,0.016,1,2,1,0,0,0,0,0,0.0,86.5,65.0,45.0,0,1,0.0,0,0,0,0.0,740,0.120,0.184,0.6257,94.3,1,5187,0,15,15,0
104689,55089,72330,241.12,198.93,216.42,75.7,0.0260,0.876,0.759,0.017,1,2,1,0,0,0,0,0,0.0,86.6,65.0,45.0,0,1,0.0,0,0,0,0.0,740,0.134,0.184,0.6257,94.3,1,5188,0,15,15,0
104709,55093,72344,296.25,240.17,216.42,75.7,0.0260,0.877,0.765,0.018,1,2,1,0,0,0,0,0,0.0,86.7,65.0,45.0,0,1,0.0,0,0,0,0.0,740,0.142,0.184,0.6257,94.3,1,5189,0,15,15,0
104729,55094,72348,354.35,294.74,216.42,75.9,0.0262,0.878,0.770,0.019,1,2,1,0,0,0,0,0,0.0,86.7,65.0,45.0,0,1,0.0,0,0,0,0.0,740,0.143,0.184,0.6257,94.3,1,5190,0,15,15,0
104749,55090,72351,401.63,349.95,216.42,76.1,0.0264,0.880,0.776,0.021,1,2,1,0,0,0,0,0,0.0,86.7,65.0,45.0,0,1,0.0,0,0,0,0.0,740,0.143,0.184,0.6257,94.3,1,5191,0,15,15,0
104769,55088,72362,428.00,398.53,216.42,76.2,0.0265,0.881,0.782,0.023,1,2,1,0,0,0,0,0,0.0,86.8,65.0,45.0,0,1,0.0,0,0,0,0.0,740,0.143,0.184,0.6257,94.3,1,5192,0,15,15,0
104789,55080,72355,434.00,439.38,216.42,76.3,0.0266,0.882,0.784,0.024,1,2,1,0,0,0,0,0,0.0,86.7,65.0,45.0,0,1,0.0,0,0,0,0.0,740,0.143,0.184,0.6257,94.3,1,5193,0,15,15,0
104809,55092,72363,426.48,477.01,216.42,76.4,0.0266,0.882,0.782,0.026,1,2,1,0,0,0,0,0,0.0,86.7,65.0,45.0,0,1,0.0,0,0,0,0.0,740,0.143,0.184,0.6257,94.3,1,5194,0,15,15,0
104829,55069,72366,395.35,504.74,216.42,76.5,0.0267,0.883,0.773,0.027,1,2,1,0,0,0,0,0,0.0,86.7,65.0,45.0,0,1,0.0,0,0,0,0.0,740,0.143,0.184,0.6257,94.3,1,5195,0,15,15,0
104849,55086,72380,366.36,523.82,216.42,76.6,0.0268,0.883,0.759,0.027,1,2,1,0,0,0,0,0,0.0,86.8,65.0,45.0,0,1,0.0,0,0,0,0.0,740,0.143,0.184,0.6257,94.3,1,5196,0,15,15,0
104869,55071,72370,310.73,537.20,216.42,76.7,0.0270,0.883,0.740,0.025,1,2,1,0,0,0,0,0,0.0,86.9,65.0,45.0,0,1,0.0,0,0,0,0.0,740,0.143,0.184,0.6257,94.3,1,5197,0,15,15,0
104889,55084,72353,273.46,541.02,216.42,76.8,0.0272,0.882,0.722,0.024,1,2,1,0,0,0,0,0,0.0,86.9,65.0,45.0,0,1,0.0,0,0,0,0.0,740,0.143,0.184,0.6257,94.3,1,5198,0,15,15,0
104909,55074,72335,227.51,510.89,216.42,76.8,0.0273,0.879,0.706,0.025,1,2,1,0,1,0,780,0,0.0,86.7,65.0,45.0,6,1,75.0,0,1,0,75.0,740,0.143,0.184,0.6257,94.3,1,5199,0,15,15,0
104929,55079,72336,191.60,442.19,194.87,76.8,0.0274,0.876,0.697,0.026,1,2,1,0,0,0,0,0,0.0,86.4,65.0,45.0,0,1,75.0,0,1,0,75.0,740,0.143,0.184,0.6257,94.3,1,5200,0,15,15,0
104949,55058,72321,153.50,362.10,192.90,76.7,0.0274,0.873,0.692,0.027,1,2,1,0,0,0,0,0,0.0,86.1,65.0,45.0,0,1,75.0,0,1,0,75.0,740,0.143,0.184,0.6257,94.3,1,5201,0,15,15,0
104969,55068,72308,107.05,265.66,192.90,76.7,0.0273,0.872,0.691,0.029,1,2,1,0,0,0,0,0,0.0,85.9,65.0,45.0,0,1,75.0,0,1,0,75.0,740,0.143,0.184,0.6257,94.3,1,5202,0,15,15,0
104989,55061,72302,49.58,155.61,192.90,76.7,0.0273,0.875,0.694,0.030,1,2,1,0,0,0,0,0,0.0,86.0,65.0,45.0,0,1,75.0,0,1,0,75.0,740,0.143,0.184,0.6257,94.3,1,5203,0,15,15,0
105009,55071,72296,8.32,46.10,192.90,76.8,0.0273,0.878,0.698,0.030,1,2,1,0,0,0,0,0,0.0,86.2,65.0,45.0,0,1,75.0,0,1,0,75.0,740,0.143,0.184,0.6257,94.3,1,5204,0,15,15,0
105029,55036,72291,-33.80,-56.13,192.90,76.9,0.0273,0.881,0.700,0.031,1,2,1,0,0,0,0,0,0.0,86.4,65.0,45.0,0,1,75.0,0,1,0,75.0,740,0.143,0.171,0.6257,94.3,1,5205,0,15,15,0
105049,55047,72290,-96.19,-146.98,192.90,77.1,0.0274,0.883,0.702,0.031,1,2,1,0,0,0,0,0,0.0,86.6,65.0,45.0,0,1,75.0,0,1,0,75.0,740,0.143,0.169,0.6257,94.3,1,5206,0,15,15,0
105069,55054,72287,-157.01,-219.90,205.45,77.3,0.0276,0.886,0.704,0.030,1,2,1,0,0,0,0,0,0.0,86.9,65.0,45.0,0,1,75.0,0,1,0,75.0,740,0.143,0.169,0.6257,94.3,1,5207,0,15,15,0
105089,55053,72289,-195.78,-274.12,216.42,77.6,0.0278,0.889,0.705,0.030,1,2,1,0,0,0,0,0,0.0,87.2,65.0,45.0,0,1,75.0,0,1,0,75.0,740,0.143,0.169,0.6257,94.3,1,5208,0,15,15,0
105109,55052,72291,-218.25,-310.15,216.42,78.0,0.0281,0.891,0.706,0.029,1,2,1,0,0,0,0,0,0.0,87.5,65.0,45.0,0,1,75.0,0,1,0,75.0,740,0.143,0.169,0.6257,94.3,1,5209,0,15,15,0
105129,55057,72301,-228.93,-327.64,216.42,78.3,0.0284,0.894,0.706,0.029,1,2,1,0,0,0,0,0,0.0,87.8,65.0,45.0,0,1,75.0,0,1,0,75.0,740,0.143,0.169,0.6257,94.3,1,5210,0,15,15,0
105149,55065,72307,-223.82,-317.64,216.42,78.6,0.0287,0.895,0.706,0.028,1,2,1,0,1,0,1560,0,0.0,88.1,65.0,45.0,3,1,75.0,0,1,0,75.0,740,0.143,0.169,0.6257,94.3,1,5211,0,15,15,0
105169,55051,72293,-211.11,-294.86,216.42,78.9,0.0290,0.897,0.706,0.027,1,2,1,0,0,0,0,0,0.0,88.3,65.0,45.0,0,1,75.0,0,1,0,75.0,740,0.143,0.169,0.6257,94.3,1,5212,0,15,15,0
105189,55071,72316,-180.44,-258.84,216.42,79.0,0.0291,0.898,0.706,0.027,1,2,1,0,0,0,0,0,0.0,88.4,65.0,45.0,0,1,75.0,0,1,0,75.0,740,0.143,0.141,0.6257,94.3,1,5213,0,15,15,0
105209,55056,72316,-162.27,-207.42,216.42,79.1,0.0292,0.898,0.705,0.026,1,2,1,0,0,0,0,0,0.0,88.5,65.0,45.0,0,1,75.0,0,1,0,75.0,740,0.143,0.141,0.6257,94.3,1,5214,0,15,15,0
105229,55058,72311,-146.74,-155.29,216.42,79.1,0.0292,0.898,0.705,0.026,1,2,1,0,0,0,0,0,0.0,88.6,65.0,45.0,0,1,75.0,0,1,0,75.0,740,0.143,0.141,0.6257,94.3,1,5215,0,15,15,0
105249,55072,72315,-133.30,-110.42,216.42,79.0,0.0291,0.898,0.704,0.025,1,2,1,0,0,0,0,0,0.0,88.5,65.0,45.0,0,1,75.0,0,1,0,75.0,740,0.143,0.141,0.6257,94.3,1,5216,0,15,15,0
105269,55070,72315,-99.16,-73.97,216.42,78.8,0.0290,0.897,0.701,0.024,1,2,1,0,0,0,0,0,0.0,88.5,65.0,45.0,0,1,75.0,0,1,0,75.0,740,0.142,0.141,0.6257,94.3,1,5217,0,15,15,0
105289,55062,72311,-60.85,-45.51,216.42,78.6,0.0288,0.895,0.699,0.024,1,2,1,0,0,0,0,0,0.0,88.3,65.0,45.0,0,1,75.0,0,1,0,75.0,740,0.118,0.141,0.6257,94.3,1,5218,0,15,15,0
105309,55066,72306,-33.53,-29.63,216.42,78.3,0.0285,0.893,0.697,0.024,1,2,1,0,0,0,0,0,0.0,88.1,65.0,45.0,0,1,75.0,0,1,0,75.0,740,0.118,0.141,0.6257,94.3,1,5219,0,15,15,0
105329,55067,72310,-14.52,-22.20,216.42,78.0,0.0282,0.891,0.695,0.024,1,2,1,0,0,0,0,0,0.0,87.9,65.0,45.0,0,1,75.0,0,1,0,75.0,740,0.118,0.141,0.6257,94.3,1,5220,0,15,15,0
105349,55067,72313,0.19,-18.93,216.42,77.8,0.0280,0.889,0.693,0.024,1,2,1,0,0,0,0,0,0.0,87.7,65.0,45.0,0,1,75.0,0,1,0,75.0,740,0.118,0.141,0.6257,94.3,1,5221,0,15,15,0
105369,55067,72300,10.84,-17.50,216.42,77.6,0.0278,0.888,0.692,0.024,1,2,1,0,0,0,0,0,0.0,87.5,65.0,45.0,0,1,75.0,0,1,0,75.0,740,0.118,0.141,0.6257,94.3,1,5222,0,15,15,0
105389,55089,72342,18.06,-12.43,216.42,77.5,0.0277,0.887,0.691,0.024,1,2,1,0,0,0,0,0,0.0,87.4,65.0,45.0,0,1,75.0,0,1,0,75.0,740,0.118,0.141,0.6257,94.3,1,5223,0,15,15,0
105409,55101,72369,63.52,34.82,216.42,77.4,0.0277,0.886,0.691,0.024,1,2,1,0,0,0,0,0,0.0,87.4,65.0,45.0,0,1,75.0,0,1,0,75.0,740,0.131,0.141,0.6257,94.3,1,5224,0,15,15,0
105429,55101,72379,139.38,130.31,216.42,77.5,0.0277,0.886,0.692,0.024,1,2,1,0,0,0,0,0,0.0,87.4,65.0,45.0,0,1,75.0,0,1,0,75.0,740,0.131,0.141,0.6257,94.3,1,5225,0,15,15,0
105449,55119,72403,214.74,244.20,216.42,77.5,0.0278,0.887,0.693,0.024,1,2,1,0,0,0,0,0,0.0,87.5,65.0,45.0,0,1,75.0,0,1,0,75.0,740,0.163,0.173,0.6257,94.3,1,5226,0,15,15,0
105469,55113,72416,298.73,380.31,216.42,77.7,0.0279,0.889,0.696,0.023,1,2,1,0,0,0,0,0,0.0,87.7,65.0,45.0,0,1,75.0,0,1,0,75.0,740,0.163,0.191,0.6257,94.3,1,5227,0,15,15,0
105489,55114,72466,372.38,519.88,216.42,78.0,0.0281,0.891,0.698,0.023,1,2,1,0,0,0,0,0,0.0,87.9,65.0,45.0,0,1,75.0,0,1,0,75.0,740,0.163,0.247,0.6257,94.3,1,5228,0,15,15,0
105509,55130,72476,426.87,705.79,220.65,78.4,0.0286,0.893,0.695,0.022,1,2,1,0,0,0,0,0,0.0,88.3,65.0,45.0,0,1,75.0,0,1,0,75.0,740,0.171,0.261,0.6257,94.3,1,5229,0,15,15,0
105529,55120,72481,472.04,889.83,257.46,79.1,0.0294,0.893,0.683,0.022,1,2,1,0,0,0,0,0,0.0,88.5,65.0,45.0,0,1,75.0,0,1,0,75.0,740,0.171,0.268,0.6257,94.3,1,5230,0,15,15,0
105549,55129,72476,518.38,1036.53,286.79,80.1,0.0306,0.893,0.665,0.023,1,2,1,0,0,0,0,0,0.0,88.7,65.0,45.0,0,1,75.0,0,1,0,75.0,740,0.171,0.268,0.6257,94.3,1,5231,0,15,15,0
105569,55134,72485,552.63,1142.52,306.28,81.2,0.0319,0.892,0.644,0.026,1,2,1,0,0,0,0,0,0.0,88.8,65.0,45.0,0,1,75.0,0,1,0,75.0,740,0.178,0.274,0.6257,94.3,1,5232,0,15,15,0
105589,55132,72484,576.37,1208.44,314.98,82.4,0.0334,0.891,0.623,0.029,1,2,1,0,0,0,0,0,0.0,88.8,65.0,45.0,0,1,75.0,0,1,0,75.0,740,0.178,0.274,0.6257,94.3,1,5233,0,15,15,0
105609,55128,72476,585.91,1235.43,315.32,83.6,0.0348,0.891,0.604,0.034,1,2,1,0,0,0,0,0,0.0,88.9,65.0,45.0,0,1,75.0,0,1,0,75.0,740,0.178,0.274,0.6257,94.3,1,5234,0,15,15,0
105629,55120,72478,574.19,1220.76,312.61,84.7,0.0361,0.892,0.588,0.039,1,3,1,0,1,1,780,1,82.3,88.9,65.0,45.0,0,1,76.9,1,0,0,0.0,780,0.178,0.274,0.6692,94.1,1,5235,0,15,15,0
105649,55119,72421,534.12,1175.18,312.61,85.6,0.0372,0.891,0.575,0.045,1,3,1,0,0,0,0,1,82.3,88.8,65.0,45.0,0,1,76.9,1,0,0,0.0,780,0.178,0.274,0.6557,94.0,1,5236,0,15,15,0
105669,55138,72449,482.24,1072.44,312.61,86.2,0.0380,0.891,0.565,0.051,1,3,1,0,0,0,0,1,82.3,88.5,65.0,45.0,0,1,76.9,1,0,0,0.0,780,0.185,0.274,0.6455,94.0,1,5237,0,15,15,0
105689,55132,72455,449.85,949.58,312.61,86.6,0.0385,0.891,0.560,0.057,1,3,1,0,0,0,0,1,82.3,88.3,65.0,45.0,0,1,76.9,1,0,0,0.0,780,0.185,0.274,0.6388,94.0,1,5238,0,15,15,0
105709,55125,72431,424.64,825.70,312.61,86.9,0.0388,0.892,0.558,0.062,1,3,1,0,0,0,0,1,82.3,88.0,65.0,45.0,0,1,76.9,1,0,0,0.0,780,0.185,0.274,0.6350,94.0,1,5239,0,15,15,0
105729,55102,72426,387.65,684.27,312.61,86.9,0.0389,0.892,0.558,0.066,1,3,1,0,0,0,0,1,82.3,87.8,65.0,45.0,0,1,76.9,1,0,0,0.0,780,0.185,0.274,0.6335,94.1,1,5240,0,15,15,0
105749,55109,72426,316.48,540.92,312.61,86.9,0.0388,0.892,0.558,0.070,1,3,1,0,0,0,0,1,82.3,87.5,65.0,45.0,0,1,76.9,1,0,0,0.0,780,0.185,0.274,0.6325,94.1,1,5241,0,15,15,0
105769,55101,72416,224.54,410.71,312.61,86.8,0.0387,0.891,0.557,0.073,1,3,1,0,0,0,0,1,82.3,87.3,65.0,45.0,0,1,76.9,1,0,0,0.0,780,0.185,0.274,0.6312,94.1,1,5242,0,15,15,0
105789,55110,72421,147.37,291.92,312.61,86.7,0.0386,0.891,0.557,0.075,1,3,1,0,0,0,0,1,82.3,87.0,65.0,45.0,0,1,76.9,1,0,0,0.0,780,0.185,0.274,0.6296,94.1,1,5243,0,15,15,0
105809,55117,72419,86.74,187.53,312.61,86.6,0.0385,0.890,0.557,0.077,1,3,1,0,0,0,0,1,82.3,86.8,65.0,45.0,0,1,76.9,1,0,0,0.0,780,0.185,0.274,0.6274,94.2,1,5244,0,15,15,0
105829,55151,72417,52.68,100.45,312.61,86.5,0.0385,0.890,0.556,0.079,1,3,1,0,0,0,0,1,82.3,86.7,65.0,45.0,0,1,76.9,1,0,0,0.0,780,0.209,0.274,0.6251,94.2,1,5245,0,15,15,0
105849,55082,72384,32.58,27.27,312.61,86.6,0.0385,0.890,0.556,0.080,1,3,1,0,0,0,0,1,82.3,86.6,65.0,45.0,0,1,76.9,1,0,0,0.0,780,0.209,0.274,0.6230,94.3,1,5246,0,15,15,0
105869,55048,72289,-45.81,-78.72,312.61,86.7,0.0386,0.891,0.555,0.081,1,3,1,0,0,0,0,1,82.3,86.6,65.0,45.0,0,1,76.9,1,0,0,0.0,780,0.209,0.274,0.6212,94.3,1,5247,0,15,15,0
105889,55040,72276,-200.50,-318.51,312.61,87.1,0.0390,0.893,0.556,0.081,1,3,1,0,0,0,0,1,82.3,86.9,65.0,45.0,0,1,76.9,1,0,0,0.0,780,0.209,0.289,0.6196,94.3,1,5248,0,15,15,0
105909,55044,72277,-369.95,-592.99,365.68,87.9,0.0398,0.897,0.558,0.082,1,3,1,0,0,0,0,1,82.3,87.4,65.0,45.0,0,1,76.9,1,0,0,0.0,780,0.209,0.289,0.6183,94.4,1,5249,0,15,15,0
105929,55075,72310,-517.75,-836.88,414.46,89.3,0.0411,0.904,0.562,0.081,1,3,1,0,0,0,0,1,82.3,88.3,65.0,45.0,0,1,76.9,1,0,0,0.0,780,0.209,0.289,0.6176,94.4,1,5250,0,15,15,0
105949,55052,72349,-615.89,-978.84,442.85,90.9,0.0428,0.912,0.567,0.080,1,3,1,0,0,0,0,1,82.3,89.4,65.0,45.0,0,1,76.9,1,0,0,0.0,780,0.209,0.289,0.6178,94.4,1,5251,0,15,15,0
105969,55098,72400,-631.37,-995.02,446.09,92.5,0.0444,0.919,0.571,0.079,1,3,1,0,0,0,0,1,82.3,90.4,65.0,45.0,0,1,76.9,1,0,0,0.0,780,0.209,0.289,0.6183,94.5,1,5252,0,15,15,0
105989,55141,72505,-562.85,-877.16,446.09,93.7,0.0457,0.924,0.574,0.077,1,3,1,0,0,0,0,1,82.3,91.3,65.0,45.0,0,1,76.9,1,0,0,0.0,780,0.209,0.316,0.6190,94.5,1,5253,0,15,15,0
106009,55176,72571,-385.65,-566.32,446.09,94.3,0.0462,0.927,0.575,0.075,1,3,1,0,0,0,0,1,82.3,91.8,65.0,45.0,0,1,76.9,1,0,0,0.0,780,0.254,0.408,0.6198,94.5,1,5254,0,15,15,0
106029,55190,72597,-122.56,-125.69,446.09,94.4,0.0463,0.928,0.575,0.073,1,3,1,0,0,0,0,1,82.3,92.0,65.0,45.0,0,1,76.9,1,0,0,0.0,780,0.272,0.443,0.6202,94.5,1,5255,0,15,15,0
106049,55183,72622,149.57,338.61,446.09,94.4,0.0462,0.928,0.573,0.071,1,3,1,0,0,0,0,1,82.3,92.1,65.0,45.0,0,1,76.9,1,0,0,0.0,780,0.272,0.478,0.6196,94.5,1,5256,0,15,15,0
106069,55184,72640,384.26,773.84,446.09,94.5,0.0465,0.928,0.571,0.069,1,3,1,0,0,0,0,1,82.3,92.3,65.0,45.0,0,1,76.9,1,0,0,0.0,780,0.272,0.503,0.6173,94.5,1,5257,0,15,15,0
106089,55184,72618,563.98,1123.01,446.09,95.2,0.0472,0.929,0.569,0.067,1,3,1,0,0,0,0,1,82.3,92.7,65.0,45.0,0,1,76.9,1,0,0,0.0,780,0.272,0.503,0.6125,94.5,1,5258,0,15,15,0
106109,55185,72610,687.93,1366.52,472.31,96.3,0.0484,0.932,0.565,0.066,1,3,1,0,0,0,0,1,82.3,93.3,65.0,45.0,0,1,76.9,1,0,0,0.0,780,0.272,0.503,0.6058,94.6,1,5259,0,15,15,0
106129,55177,72599,762.79,1503.86,499.78,97.7,0.0500,0.934,0.562,0.065,1,3,1,0,0,0,0,1,82.3,93.9,65.0,45.0,0,1,76.9,1,0,0,0.0,780,0.272,0.503,0.5986,94.7,1,5260,0,15,15,0
106149,55200,72597,799.57,1544.83,507.97,97.8,0.0516,0.938,0.559,0.064,1,3,1,0,0,0,0,1,82.3,94.3,65.0,45.0,0,1,76.9,1,0,0,0.0,780,0.290,0.503,0.5924,94.8,1,5261,0,15,15,0
106169,55188,72631,811.69,1522.73,507.97,97.9,0.0533,0.941,0.558,0.063,1,3,1,0,1,0,540,1,82.3,94.6,65.0,45.0,4,1,76.9,1,0,0,0.0,780,0.290,0.503,0.5878,94.9,1,5262,0,15,15,0
106189,55186,72604,802.43,1467.56,507.97,98.0,0.0547,0.944,0.558,0.062,1,3,1,0,0,0,0,1,82.3,94.9,65.0,45.0,0,1,76.9,1,0,0,0.0,780,0.290,0.503,0.5848,95.0,1,5263,0,15,15,0
106209,55182,72615,772.55,1405.27,507.97,98.1,0.0560,0.946,0.558,0.061,1,3,1,0,0,0,0,1,82.3,95.1,65.0,45.0,0,1,76.9,1,0,0,0.0,780,0.290,0.502,0.5825,95.1,1,5264,0,15,15,0
106229,55177,72621,721.86,1332.25,507.97,98.2,0.0570,0.948,0.557,0.060,1,3,1,0,0,0,0,1,82.3,95.4,65.0,45.0,0,1,76.9,1,0,0,0.0,780,0.290,0.502,0.5805,95.2,1,5265,0,15,15,0
106249,55190,72607,661.26,1249.14,507.97,98.3,0.0578,0.950,0.554,0.059,1,3,1,0,0,0,0,1,82.3,95.6,65.0,45.0,0,1,76.9,1,0,0,0.0,780,0.290,0.502,0.5786,95.2,1,5266,0,15,15,0
106269,55158,72614,587.81,1156.90,507.97,98.3,0.0584,0.953,0.550,0.058,1,3,1,0,0,0,0,1,82.3,95.7,65.0,45.0,0,1,76.9,1,0,0,0.0,780,0.290,0.502,0.5765,95.3,1,5267,0,15,15,0
106289,55176,72587,510.32,1049.51,507.97,98.5,0.0587,0.956,0.545,0.057,1,3,1,0,0,0,0,1,82.3,95.7,65.0,45.0,0,1,76.9,1,0,0,0.0,780,0.290,0.502,0.5745,95.4,1,5268,0,15,15,0
106309,55177,72592,435.51,916.33,507.97,98.6,0.0589,0.959,0.540,0.057,1,3,1,0,0,0,0,1,82.3,95.8,65.0,45.0,0,1,76.9,1,0,0,0.0,780,0.290,0.502,0.5728,95.4,1,5269,0,15,15,0
106329,55182,72613,368.26,779.32,507.97,98.7,0.0589,0.963,0.535,0.057,1,3,1,0,0,0,0,1,82.3,95.8,65.0,45.0,0,1,76.9,1,0,0,0.0,780,0.290,0.502,0.5716,95.5,1,5270,0,15,15,0
106349,55188,72635,317.46,678.97,507.97,98.8,0.0588,0.965,0.531,0.057,1,3,1,0,0,0,0,1,82.3,95.8,65.0,45.0,0,1,76.9,1,0,0,0.0,780,0.290,0.502,0.5707,95.5,1,5271,0,15,15,0
106369,55216,72634,286.60,627.11,507.97,98.8,0.0587,0.966,0.528,0.057,1,3,1,0,0,0,0,1,82.3,95.8,65.0,45.0,0,1,76.9,1,0,0,0.0,780,0.319,0.502,0.5698,95.6,1,5272,0,15,15,0
106389,55204,72666,292.98,593.40,507.97,98.8,0.0586,0.966,0.527,0.057,1,3,1,0,0,0,0,1,82.3,95.8,65.0,45.0,0,1,76.9,1,0,0,0.0,780,0.319,0.538,0.5693,95.6,1,5273,0,15,15,0
106409,55209,72643,317.48,572.95,507.97,98.8,0.0585,0.966,0.528,0.057,1,3,1,0,0,0,0,1,82.3,95.8,65.0,45.0,0,1,76.9,1,0,0,0.0,780,0.319,0.538,0.5692,95.6,1,5274,0,15,15,0
106429,55204,72644,330.72,551.97,507.97,98.8,0.0584,0.967,0.530,0.057,1,3,1,0,0,0,0,1,82.3,95.8,65.0,45.0,0,1,76.9,1,0,0,0.0,780,0.319,0.538,0.5695,95.7,1,5275,0,15,15,0
106449,55203,72646,331.55,523.66,507.97,98.9,0.0583,0.969,0.532,0.057,1,3,1,0,0,0,0,1,82.3,95.9,65.0,45.0,0,1,76.9,1,0,0,0.0,780,0.319,0.538,0.5699,95.7,1,5276,0,15,15,0
106469,55221,72629,321.30,486.52,507.97,99.0,0.0582,0.971,0.535,0.056,1,3,1,0,0,0,0,1,82.3,96.0,65.0,45.0,0,1,76.9,1,0,0,0.0,780,0.328,0.538,0.5704,95.7,1,5277,0,15,15,0
106489,55186,72623,300.36,420.32,507.97,99.1,0.0580,0.973,0.538,0.054,1,3,1,0,0,0,0,1,82.3,96.1,65.0,45.0,0,1,76.9,1,0,0,0.0,780,0.328,0.538,0.5707,95.7,1,5278,0,15,15,0
106509,55190,72579,248.29,334.50,507.97,99.1,0.0579,0.974,0.540,0.053,1,3,1,0,0,0,0,1,82.3,96.2,65.0,45.0,0,1,76.9,1,0,0,0.0,780,0.328,0.538,0.5708,95.7,1,5279,0,15,15,0
106529,55190,72598,186.11,209.72,507.97,99.1,0.0577,0.975,0.541,0.051,1,3,1,0,0,0,0,1,82.3,96.3,65.0,45.0,0,1,76.9,1,0,0,0.0,780,0.328,0.538,0.5706,95.7,1,5280,0,15,15,0
106549,55192,72604,124.47,80.54,507.97,99.1,0.0577,0.974,0.541,0.050,1,3,1,0,0,0,0,1,82.3,96.4,65.0,45.0,0,1,76.9,1,0,0,0.0,780,0.328,0.538,0.5700,95.7,1,5281,0,15,15,0
106569,55172,72583,68.18,-37.08,507.97,99.1,0.0577,0.974,0.541,0.048,1,3,1,0,0,0,0,1,82.3,96.5,65.0,45.0,0,1,76.9,1,0,0,0.0,780,0.328,0.538,0.5691,95.7,1,5282,0,15,15,0
106589,55160,72568,-14.55,-158.44,507.97,99.1,0.0578,0.974,0.540,0.047,1,3,1,0,0,0,0,1,82.3,96.6,65.0,45.0,0,1,76.9,1,0,0,0.0,780,0.328,0.538,0.5678,95.7,1,5283,0,15,15,0
106609,55154,72561,-120.72,-287.98,507.97,99.1,0.0581,0.974,0.539,0.045,1,3,1,0,0,0,0,1,82.3,96.7,65.0,45.0,0,1,76.9,1,0,0,0.0,780,0.328,0.538,0.5668,95.8,1,5284,0,15,15,0
106629,55151,72544,-233.36,-413.62,507.97,99.1,0.0586,0.975,0.540,0.044,1,3,1,0,0,0,0,1,82.3,96.8,65.0,45.0,0,1,76.9,1,0,0,0.0,780,0.328,0.538,0.5664,95.8,1,5285,0,15,15,0
106649,55161,72541,-332.27,-543.90,507.97,99.1,0.0592,0.976,0.542,0.043,1,3,1,0,0,0,0,1,82.3,96.9,65.0,45.0,0,1,76.9,1,0,0,0.0,780,0.328,0.538,0.5670,95.8,1,5286,0,15,15,0
106669,55157,72525,-404.71,-660.37,507.97,99.2,0.0600,0.977,0.543,0.041,1,3,1,0,0,0,0,1,82.3,97.0,65.0,45.0,0,1,76.9,1,0,0,0.0,780,0.328,0.538,0.5679,95.8,1,5287,0,15,15,0
106689,55184,72544,-446.77,-752.12,507.97,99.2,0.0610,0.979,0.545,0.040,1,3,1,0,0,0,0,1,82.3,97.1,65.0,45.0,0,1,76.9,1,0,0,0.0,780,0.328,0.538,0.5686,95.8,1,5288,0,15,15,0
106709,55173,72604,-446.03,-813.11,507.97,99.3,0.0620,0.980,0.545,0.038,1,3,1,0,0,0,0,1,82.3,97.3,65.0,45.0,0,1,76.9,1,0,0,0.0,780,0.328,0.538,0.5687,95.8,1,5289,0,15,15,0
106729,55187,72579,-405.63,-799.42,507.97,99.4,0.0630,0.983,0.544,0.036,1,3,1,0,0,0,0,1,82.3,97.4,65.0,45.0,0,1,76.9,1,0,0,0.0,780,0.328,0.538,0.5683,95.8,1,5290,0,15,15,0
106749,55183,72590,-355.44,-738.35,507.97,99.5,0.0638,0.985,0.543,0.035,1,3,1,0,0,0,0,1,82.3,97.5,65.0,45.0,0,1,76.9,1,0,0,0.0,780,0.328,0.538,0.5676,95.8,1,5291,0,15,15,0
106769,55192,72635,-300.18,-664.13,507.97,99.5,0.0645,0.987,0.540,0.034,1,3,1,0,0,0,0,1,82.3,97.6,65.0,45.0,0,1,76.9,1,0,0,0.0,780,0.328,0.538,0.5668,95.8,1,5292,0,15,15,0
106789,55239,72664,-241.17,-529.53,507.97,99.6,0.0650,0.988,0.539,0.033,1,3,1,0,0,0,0,1,82.3,97.7,65.0,45.0,0,1,76.9,1,0,0,0.0,780,0.361,0.538,0.5660,95.8,1,5293,0,15,15,0
106809,55193,72673,-187.50,-348.28,507.97,99.6,0.0653,0.990,0.538,0.032,1,3,1,0,0,0,0,1,82.3,97.8,65.0,45.0,0,1,76.9,1,0,0,0.0,780,0.361,0.547,0.5651,95.8,1,5294,0,15,15,0
106829,55214,72662,-105.33,-175.71,507.97,99.7,0.0654,0.990,0.537,0.031,1,3,1,0,0,0,0,1,82.3,97.8,65.0,45.0,0,1,76.9,1,0,0,0.0,780,0.361,0.547,0.5635,95.8,1,5295,0,15,15,0
106849,55231,72673,-25.05,-21.96,507.97,99.7,0.0654,0.991,0.536,0.030,1,3,1,0,0,0,0,1,82.3,97.9,65.0,45.0,0,1,76.9,1,0,0,0.0,780,0.361,0.547,0.5613,95.9,1,5296,0,15,15,0
106869,55218,72689,47.93,97.42,507.97,99.7,0.0653,0.991,0.536,0.030,1,3,1,0,0,0,0,1,82.3,97.9,65.0,45.0,0,1,76.9,1,0,0,0.0,780,0.361,0.569,0.5585,95.9,1,5297,0,15,15,0
106889,55227,72676,121.08,184.29,507.97,99.7,0.0653,0.991,0.536,0.029,1,3,1,0,0,0,0,1,82.3,98.0,65.0,45.0,0,1,76.9,1,0,0,0.0,780,0.353,0.568,0.5560,95.9,1,5298,0,15,15,0
106909,55212,72677,163.15,240.52,507.97,99.7,0.0652,0.991,0.536,0.028,1,3,1,0,0,0,0,1,82.3,98.0,65.0,45.0,0,1,76.9,1,0,0,0.0,780,0.339,0.522,0.5543,96.0,1,5299,0,15,15,0
106929,55222,72682,189.85,269.46,507.97,99.7,0.0652,0.991,0.536,0.028,1,3,1,0,0,0,0,1,82.3,98.1,65.0,45.0,0,1,76.9,1,0,0,0.0,780,0.339,0.468,0.5537,96.0,1,5300,0,15,15,0
106949,55219,72675,196.53,276.20,507.97,99.7,0.0652,0.990,0.536,0.027,1,3,1,0,0,0,0,1,82.3,98.1,65.0,45.0,0,1,76.9,1,0,0,0.0,780,0.255,0.398,0.5538,96.0,1,5301,0,15,15,0
106969,55220,72686,191.64,273.09,507.97,99.7,0.0652,0.990,0.536,0.026,1,3,1,0,0,0,0,1,82.3,98.2,65.0,45.0,0,1,76.9,1,0,0,0.0,780,0.178,0.253,0.5541,96.1,1,5302,0,15,15,0
106989,55218,72688,176.62,265.19,507.97,99.7,0.0652,0.990,0.536,0.025,1,3,1,0,0,0,0,1,82.3,98.2,65.0,45.0,0,1,76.9,1,0,0,0.0,780,0.159,0.226,0.5542,96.1,1,5303,0,15,15,0
107009,55254,72684,157.42,249.64,507.97,99.7,0.0651,0.990,0.536,0.025,1,3,1,0,0,0,0,1,82.3,98.3,65.0,45.0,0,1,76.9,1,0,0,0.0,780,0.187,0.226,0.5538,96.1,1,5304,0,15,15,0
107029,55228,72707,150.28,229.37,507.97,99.7,0.0651,0.990,0.536,0.024,1,3,1,0,0,0,0,1,82.3,98.3,65.0,45.0,0,1,76.9,1,0,0,0.0,780,0.187,0.251,0.5533,96.1,1,5305,0,15,15,0
107049,55227,72663,145.14,197.94,507.97,99.7,0.0650,0.990,0.536,0.023,1,3,1,0,0,0,0,1,82.3,98.4,65.0,45.0,0,1,76.9,1,0,0,0.0,780,0.187,0.251,0.5530,96.1,1,5306,0,15,15,0
107069,55238,72700,137.65,182.98,507.97,99.6,0.0648,0.990,0.536,0.022,1,3,1,0,0,0,0,1,82.3,98.4,65.0,45.0,0,1,76.9,1,0,0,0.0,780,0.187,0.251,0.5528,96.1,1,5307,0,15,15,0
107089,55240,72717,145.06,170.73,507.97,99.6,0.0646,0.990,0.535,0.022,1,3,1,0,0,0,0,1,82.3,98.4,65.0,45.0,0,1,76.9,1,0,0,0.0,780,0.187,0.264,0.5529,96.1,1,5308,0,15,15,0
107109,55244,72731,157.16,179.34,507.97,99.6,0.0643,0.990,0.534,0.021,1,3,1,0,0,0,0,1,82.3,98.5,65.0,45.0,0,1,76.9,1,0,0,0.0,780,0.187,0.284,0.5531,96.1,1,5309,0,15,15,0
107129,55226,72761,165.22,208.72,507.97,99.6,0.0641,0.989,0.534,0.021,1,3,1,0,0,0,0,1,82.3,98.5,65.0,45.0,0,1,76.9,1,0,0,0.0,780,0.187,0.325,0.5533,96.2,1,5310,0,15,15,0
107149,55268,72801,173.67,278.03,507.97,99.6,0.0638,0.989,0.533,0.020,1,3,1,0,0,0,0,1,82.3,98.5,65.0,45.0,0,1,76.9,1,0,0,0.0,780,0.212,0.380,0.5534,96.2,1,5311,0,15,15,0
107169,55313,72872,221.32,402.49,507.97,99.6,0.0635,0.989,0.532,0.020,1,3,1,0,0,0,0,1,82.3,98.6,65.0,45.0,0,1,76.9,1,0,0,0.0,780,0.293,0.478,0.5534,96.2,1,5312,0,15,15,0
107189,55338,72948,356.66,622.61,507.97,99.6,0.0634,0.989,0.532,0.019,1,3,1,0,0,0,0,1,82.3,98.6,65.0,45.0,0,1,76.9,1,0,0,0.0,780,0.339,0.582,0.5534,96.2,1,5313,0,15,15,0
107209,55367,72985,547.68,945.33,507.97,99.6,0.0635,0.989,0.532,0.019,1,3,1,0,0,0,0,1,82.3,98.6,65.0,45.0,0,1,76.9,1,0,0,0.0,780,0.391,0.633,0.5535,96.2,1,5314,0,15,15,0
107229,55406,73011,778.53,1299.62,507.97,99.6,0.0641,0.990,0.533,0.019,1,3,1,0,0,0,0,1,82.3,98.7,65.0,45.0,0,1,76.9,1,0,0,0.0,780,0.462,0.669,0.5544,96.2,1,5315,0,15,15,0
107249,55380,73043,1004.63,1632.64,525.53,99.6,0.0653,0.990,0.537,0.018,1,3,1,0,0,0,0,1,82.3,98.7,65.0,45.0,0,1,76.9,1,0,0,0.0,780,0.462,0.713,0.5567,96.1,1,5316,0,15,15,0
107269,55390,73015,1200.60,1891.41,577.29,99.6,0.0670,0.989,0.542,0.017,1,3,1,0,0,0,0,1,82.3,98.8,65.0,45.0,0,1,76.9,1,0,0,0.0,780,0.462,0.713,0.5606,96.1,1,5317,0,15,15,0
107289,55434,73074,1339.89,2096.55,618.31,99.6,0.0691,0.989,0.549,0.016,1,3,1,0,0,0,0,1,82.3,98.8,65.0,45.0,0,1,76.9,1,0,0,0.0,780,0.512,0.755,0.5649,96.1,1,5318,0,15,15,0
107309,55454,73133,1500.38,2266.29,652.26,99.6,0.0715,0.988,0.558,0.015,1,3,1,0,0,0,0,1,82.3,98.9,65.0,45.0,0,1,76.9,1,0,0,0.0,780,0.549,0.836,0.5710,96.0,1,5319,0,15,15,0
107329,55493,73194,1664.09,2450.84,689.17,99.6,0.0742,0.987,0.569,0.016,1,3,1,0,0,0,0,1,82.3,98.8,65.0,45.0,0,1,76.9,1,0,0,0.0,780,0.619,0.920,0.5788,95.9,1,5320,0,15,15,0
107349,55522,73289,1856.64,2668.92,732.79,99.5,0.0774,0.986,0.582,0.017,1,3,1,0,0,0,0,1,82.3,98.7,65.0,45.0,0,1,76.9,1,0,0,0.0,780,0.672,1.051,0.5885,95.8,1,5321,0,15,15,0
107369,55573,73354,2063.32,2968.53,792.71,99.5,0.0812,0.986,0.595,0.019,1,3,1,0,0,0,0,1,82.3,98.6,65.0,45.0,0,1,76.9,1,0,0,0.0,780,0.764,1.140,0.5987,95.6,1,5322,0,15,15,0
107389,55645,73508,2314.54,3311.13,861.23,99.5,0.0858,0.986,0.608,0.021,1,3,1,0,0,0,0,1,82.3,98.4,65.0,45.0,0,1,76.9,1,0,0,0.0,780,0.894,1.351,0.5987,95.6,1,5323,0,15,15,0
107409,55736,73706,2652.11,3796.25,958.25,99.5,0.0916,0.987,0.622,0.025,1,0,0,1,0,0,0,0,0.0,98.2,65.0,45.0,0,1,76.9,0,0,1,0.0,780,1.058,1.623,0.5987,95.6,1,5324,0,15,15,0
107429,55815,73898,3111.59,4499.56,1098.92,99.6,0.0996,0.988,0.635,0.029,1,0,0,1,0,0,0,0,0.0,98.0,65.0,45.0,0,1,76.9,0,0,1,0.0,780,1.201,1.886,0.5987,95.6,1,5325,0,15,15,0
107449,55890,74061,3661.79,5402.83,1279.57,99.7,0.1104,0.990,0.645,0.033,1,0,0,1,0,0,0,0,0.0,97.7,65.0,45.0,5,1,76.9,0,0,1,0.0,780,1.336,2.109,0.5987,95.6,1,5326,0,15,15,0
107469,55927,74184,4262.94,6417.81,1482.57,99.7,0.1244,0.992,0.651,0.037,1,0,0,1,0,0,0,0,0.0,97.4,65.0,45.0,5,1,76.9,0,0,1,0.0,780,1.403,2.277,0.5987,95.6,1,5327,0,15,15,0
107489,55990,74334,4813.99,7424.27,1683.86,99.8,0.1412,0.994,0.651,0.041,1,0,0,1,0,0,0,0,0.0,97.2,65.0,45.0,5,1,76.9,0,0,1,0.0,780,1.516,2.482,0.5987,95.6,1,5328,0,15,15,0
107509,56065,74485,5323.33,8401.26,1879.26,99.8,0.1603,0.995,0.648,0.044,1,0,0,1,0,0,0,0,0.0,97.0,65.0,45.0,5,1,76.9,0,0,1,0.0,780,1.651,2.687,0.5987,95.6,1,5329,0,15,15,0
107529,56100,74601,5816.85,9334.78,2065.96,99.9,0.1812,0.996,0.643,0.047,1,0,0,1,0,0,0,0,0.0,96.9,65.0,45.0,5,1,76.9,0,0,1,0.0,780,1.714,2.845,0.5987,95.6,1,5330,0,15,15,0
107549,56131,74674,6227.33,10165.35,2232.07,99.9,0.2031,0.997,0.636,0.048,1,0,0,1,0,0,0,0,0.0,96.8,65.0,45.0,5,1,76.9,0,0,1,0.0,780,1.769,2.943,0.5987,95.6,1,5331,0,15,15,0
107569,56173,74781,6527.30,10813.66,2361.74,99.9,0.2253,0.997,0.630,0.049,1,0,0,1,0,0,0,0,0.0,96.7,65.0,45.0,5,1,76.9,0,0,1,0.0,780,1.845,3.088,0.5987,95.6,1,5332,0,15,15,0
107589,56225,74870,6738.41,11314.12,2461.83,99.9,0.2471,0.997,0.624,0.049,1,0,0,1,0,0,0,0,0.0,96.7,65.0,45.0,5,1,76.9,0,0,1,0.0,780,1.938,3.208,0.5987,95.6,1,5333,0,15,15,0
107609,56251,74954,6898.00,11670.55,2533.11,99.9,0.2680,0.998,0.618,0.048,1,0,0,1,0,0,0,0,0.0,96.8,65.0,45.0,5,1,76.9,0,0,1,0.0,780,1.984,3.320,0.5987,95.6,1,5334,0,15,15,0
107629,56286,75022,6977.99,11893.38,2577.68,99.9,0.2879,0.998,0.614,0.047,1,0,0,1,0,0,0,0,0.0,96.8,65.0,45.0,5,1,76.9,0,0,1,0.0,780,2.035,3.411,0.5987,95.6,1,5335,0,15,15,0
107649,56297,75031,6993.57,11980.07,2595.02,99.9,0.3064,0.998,0.609,0.046,1,0,0,1,0,0,0,0,0.0,96.9,65.0,45.0,5,1,76.9,0,0,1,0.0,780,2.054,3.421,0.5987,95.6,1,5336,0,15,15,0
107669,56320,75045,6914.77,11864.33,2595.02,99.9,0.3231,0.998,0.606,0.044,1,0,0,1,0,0,0,0,0.0,97.1,65.0,45.0,5,1,76.9,0,0,1,0.0,780,2.066,3.412,0.5987,95.6,1,5337,0,15,15,0
107689,56320,75073,6765.34,11555.68,2595.02,99.9,0.3377,0.998,0.604,0.042,1,0,0,1,0,0,0,0,0.0,97.2,65.0,45.0,5,1,76.9,0,0,1,0.0,780,2.065,3.400,0.5987,95.6,1,5338,0,15,15,0
107709,56327,75091,6523.32,11107.58,2595.02,99.9,0.3501,0.998,0.602,0.040,1,0,0,1,0,0,0,0,0.0,97.3,65.0,45.0,5,1,76.9,0,0,1,0.0,780,2.059,3.422,0.5987,95.6,1,5339,0,15,15,0
107729,56326,75080,6206.03,10535.82,2595.02,99.9,0.3604,0.998,0.601,0.038,1,0,0,1,0,0,0,0,0.0,97.4,65.0,45.0,5,1,76.9,0,0,1,0.0,780,2.058,3.405,0.5987,95.6,1,5340,0,15,15,0
107749,56314,75067,5822.79,9859.44,2595.02,99.9,0.3686,0.998,0.601,0.036,1,0,0,1,0,0,0,0,0.0,97.6,65.0,45.0,5,1,76.9,0,0,1,0.0,780,2.041,3.341,0.5987,95.6,1,5341,0,15,15,0
107769,56297,75024,5367.94,9088.78,2595.02,99.9,0.3748,0.998,0.600,0.034,1,0,0,1,0,0,0,0,0.0,97.7,65.0,45.0,5,1,76.9,0,0,1,0.0,780,2.039,3.302,0.5987,95.6,1,5342,0,15,15,0
107789,56267,74960,4844.29,8206.44,2595.02,99.9,0.3791,0.998,0.599,0.033,1,0,0,1,0,0,0,0,0.0,97.8,65.0,45.0,5,1,76.9,0,0,1,0.0,780,2.038,3.300,0.5987,95.6,1,5343,0,15,15,0
107809,56246,74903,4243.68,7200.24,2595.02,99.9,0.3818,0.998,0.599,0.031,1,0,0,1,0,0,0,0,0.0,97.9,65.0,45.0,5,1,76.9,0,0,1,0.0,780,2.003,3.298,0.5987,95.6,1,5344,0,15,15,0
107829,56214,74845,3596.21,6102.42,2595.02,99.9,0.3830,0.998,0.599,0.029,1,0,0,1,0,0,0,0,0.0,98.0,65.0,45.0,5,1,76.9,0,0,1,0.0,780,2.002,3.295,0.5987,95.6,1,5345,0,15,15,0
107849,56166,74688,2906.66,4948.36,2595.02,99.9,0.3831,0.998,0.599,0.028,1,0,0,1,0,0,0,0,0.0,98.1,65.0,45.0,5,1,76.9,0,0,1,0.0,780,2.001,3.293,0.5987,95.6,1,5346,0,15,15,0
107869,56123,74567,2160.14,3633.55,2595.02,99.9,0.3825,0.998,0.599,0.026,1,0,0,1,0,0,0,0,0.0,98.2,65.0,45.0,5,1,76.9,0,0,1,0.0,780,2.001,3.292,0.5987,95.6,1,5347,0,15,15,0
107889,56089,74503,1375.42,2202.35,2595.02,99.9,0.3815,0.998,0.599,0.025,1,0,0,1,0,0,0,0,0.0,98.3,65.0,45.0,5,1,76.9,0,0,1,0.0,780,2.000,3.290,0.5987,95.6,1,5348,0,15,15,0
107909,56063,74449,589.99,783.53,2595.02,99.9,0.3807,0.998,0.598,0.024,1,0,0,1,0,0,0,0,0.0,98.4,65.0,45.0,5,1,76.9,0,0,1,0.0,780,1.989,3.288,0.5987,95.6,1,5349,0,15,15,0
107929,56027,74394,-158.34,-544.53,2595.02,99.9,0.3804,0.998,0.598,0.022,1,0,0,1,0,0,0,0,0.0,98.5,65.0,45.0,5,1,76.9,0,0,1,0.0,780,1.988,3.287,0.5987,95.6,1,5350,0,15,15,0
107949,56026,74436,-870.73,-1693.12,2734.64,99.9,0.3811,0.998,0.598,0.021,1,0,0,1,0,0,0,0,0.0,98.6,65.0,45.0,5,1,76.9,0,0,1,0.0,780,1.988,3.285,0.5987,95.6,1,5351,0,15,15,0
107969,56044,74518,-1479.47,-2623.23,2920.66,99.9,0.3830,0.998,0.597,0.020,1,0,0,1,0,0,0,0,0.0,98.7,65.0,45.0,5,1,76.9,0,0,1,0.0,780,1.987,3.284,0.5987,95.6,1,5352,0,15,15,0
107989,56057,74545,-1934.92,-3227.86,3041.59,99.9,0.3857,0.998,0.597,0.019,1,0,0,1,0,0,0,0,0.0,98.7,65.0,45.0,5,1,76.9,0,0,1,0.0,780,1.972,3.282,0.5987,95.6,1,5353,0,15,15,0
108009,56070,74569,-2242.34,-3582.22,3112.46,99.9,0.3892,0.998,0.598,0.018,1,0,0,1,0,0,0,0,0.0,98.8,65.0,45.0,5,1,76.9,0,0,1,0.0,780,1.972,3.280,0.5987,95.6,1,5354,0,15,15,0
108029,56096,74591,-2422.60,-3754.31,3146.88,99.9,0.3932,0.998,0.598,0.017,1,0,0,1,0,0,0,0,0.0,98.9,65.0,45.0,5,1,76.9,0,0,1,0.0,780,1.971,3.279,0.5987,95.6,1,5355,0,15,15,0
108049,56085,74592,-2497.26,-3799.46,3155.91,99.9,0.3975,0.998,0.599,0.016,1,0,0,1,0,0,0,0,0.0,98.9,65.0,45.0,5,1,76.9,0,0,1,0.0,780,1.970,3.227,0.5987,95.6,1,5356,0,15,15,0
108069,56111,74593,-2497.10,-3787.24,3155.91,99.9,0.4018,0.998,0.600,0.015,1,0,0,1,0,0,0,0,0.0,99.0,65.0,45.0,5,1,76.9,0,0,1,0.0,780,1.970,3.202,0.5987,95.6,1,5357,0,15,15,0
108089,56139,74617,-2438.00,-3753.96,3155.91,99.9,0.4061,0.998,0.601,0.015,1,0,0,1,0,0,0,0,0.0,99.0,65.0,45.0,5,1,76.9,0,0,1,0.0,780,1.969,3.182,0.5987,95.6,1,5358,0,15,15,0
108109,56139,74632,-2311.50,-3685.25,3155.91,99.9,0.4103,0.998,0.601,0.014,1,0,0,1,0,0,0,0,0.0,99.0,65.0,45.0,5,1,76.9,0,0,1,0.0,780,1.968,3.140,0.5987,95.6,1,5359,0,15,15,0
108129,56169,74693,-2176.63,-3593.17,3155.91,99.9,0.4142,0.998,0.601,0.014,1,0,0,1,0,0,0,0,0.0,99.1,65.0,45.0,5,1,76.9,0,0,1,0.0,780,1.893,3.084,0.5987,95.6,1,5360,0,15,15,0
108149,56177,74728,-2004.39,-3422.51,3155.91,99.9,0.4179,0.999,0.601,0.013,1,0,0,1,0,0,0,0,0.0,99.1,65.0,45.0,5,1,76.9,0,0,1,0.0,780,1.812,2.987,0.5987,95.6,1,5361,0,15,15,0
108169,56182,74768,-1830.45,-3199.87,3155.91,99.9,0.4211,0.999,0.601,0.013,1,0,0,1,0,0,0,0,0.0,99.1,65.0,45.0,5,1,76.9,0,0,1,0.0,780,1.767,2.883,0.5987,95.6,1,5362,0,15,15,0
108189,56179,74825,-1682.02,-2938.56,3155.91,100.0,0.4240,0.999,0.600,0.012,1,0,0,1,0,0,0,0,0.0,99.2,65.0,45.0,5,1,76.9,0,0,1,0.0,780,1.714,2.832,0.5987,95.6,1,5363,0,15,15,0
108209,56205,74898,-1565.69,-2628.31,3155.91,100.0,0.4264,0.999,0.600,0.012,1,0,0,1,0,0,0,0,0.0,99.2,65.0,45.0,5,1,76.9,0,0,1,0.0,780,1.690,2.796,0.5987,95.6,1,5364,0,15,15,0
108229,56243,74965,-1443.47,-2252.74,3155.91,100.0,0.4284,0.999,0.601,0.011,1,0,0,1,0,0,0,0,0.0,99.2,65.0,45.0,5,1,76.9,0,0,1,0.0,780,1.690,2.789,0.5987,95.6,1,5365,0,15,15,0
108249,56262,75060,-1274.19,-1826.69,3155.91,100.0,0.4300,0.999,0.601,0.011,1,0,0,1,0,0,0,0,0.0,99.3,65.0,45.0,5,1,76.9,0,0,1,0.0,780,1.672,2.787,0.5987,95.6,1,5366,0,15,15,0
108269,56257,75158,-1093.79,-1328.87,3155.91,99.9,0.4311,0.999,0.601,0.010,1,0,0,1,0,0,0,0,0.0,99.3,65.0,45.0,5,1,76.9,0,0,1,0.0,780,1.593,2.797,0.5987,95.6,1,5367,0,15,15,0
108289,56329,75273,-936.65,-762.02,3155.91,99.9,0.4318,0.998,0.602,0.010,1,0,0,1,0,0,0,0,0.0,99.3,65.0,45.0,5,1,76.9,0,0,1,0.0,780,1.560,2.870,0.5987,95.6,1,5368,0,15,15,0
108309,56366,75375,-700.77,-119.61,3155.91,99.9,0.4322,0.998,0.603,0.010,1,0,0,1,0,0,0,0,0.0,99.3,65.0,45.0,5,1,76.9,0,0,1,0.0,780,1.556,2.923,0.5987,95.6,1,5369,0,15,15,0
108329,56400,75483,-413.83,565.26,3155.91,99.9,0.4322,0.998,0.603,0.010,1,0,0,1,0,0,0,0,0.0,99.3,65.0,45.0,5,1,76.9,0,0,1,0.0,780,1.564,2.939,0.5987,95.6,1,5370,0,15,15,0
108349,56443,75623,-103.02,1274.09,3155.91,99.9,0.4321,0.997,0.603,0.009,1,0,0,1,0,0,0,0,0.0,99.3,65.0,45.0,5,1,76.9,0,0,1,0.0,780,1.550,3.037,0.5987,95.6,1,5371,0,15,15,0
108369,56482,75748,230.48,2032.67,3155.91,99.9,0.4319,0.996,0.603,0.009,1,0,0,1,0,0,0,0,0.0,99.4,65.0,45.0,5,1,76.9,0,0,1,0.0,780,1.490,2.997,0.5987,95.6,1,5372,0,15,15,0
108389,56530,75836,572.08,2815.25,3155.91,99.8,0.4319,0.996,0.603,0.009,1,0,0,1,0,0,0,0,0.0,99.4,65.0,45.0,5,1,76.9,0,0,1,0.0,780,1.413,2.848,0.5987,95.6,1,5373,0,15,15,0
108409,56542,75909,927.67,3548.25,3155.91,99.8,0.4320,0.995,0.602,0.009,1,0,0,1,0,0,0,0,0.0,99.4,65.0,45.0,5,1,76.9,0,0,1,0.0,780,1.294,2.687,0.5987,95.6,1,5374,0,15,15,0
108429,56566,75977,1227.77,4180.50,3155.91,99.8,0.4324,0.993,0.600,0.008,1,0,0,1,0,0,0,0,0.0,99.4,65.0,45.0,5,1,76.9,0,0,1,0.0,780,1.203,2.559,0.5987,95.6,1,5375,0,15,15,0
108449,56593,76002,1471.27,4692.32,3155.91,99.7,0.4330,0.992,0.598,0.008,1,0,0,1,0,0,0,0,0.0,99.4,65.0,45.0,5,1,76.9,0,0,1,0.0,780,1.185,2.427,0.5987,95.6,1,5376,0,15,15,0
108469,56599,76042,1669.01,5028.44,3155.91,99.7,0.4338,0.991,0.596,0.007,1,0,0,1,0,0,0,0,0.0,99.4,65.0,45.0,5,1,76.9,0,0,1,0.0,780,1.083,2.279,0.5987,95.6,1,5377,0,15,15,0
108489,56618,76075,1791.46,5209.18,3155.91,99.6,0.4347,0.990,0.594,0.007,1,0,0,1,0,0,0,0,0.0,99.4,65.0,45.0,5,1,76.9,0,0,1,0.0,780,1.052,2.242,0.5987,95.6,1,5378,0,15,15,0
108509,56625,76101,1860.21,5253.67,3155.91,99.6,0.4355,0.989,0.592,0.007,1,0,0,1,0,0,0,0,0.0,99.4,65.0,45.0,5,1,76.9,0,0,1,0.0,780,1.065,2.275,0.5987,95.6,1,5379,0,15,15,0
108529,56642,76125,1869.04,5179.07,3155.91,99.6,0.4361,0.988,0.591,0.006,1,0,0,1,0,0,0,0,0.0,99.4,65.0,45.0,5,1,76.9,0,0,1,0.0,780,1.095,2.306,0.5987,95.6,1,5380,0,15,15,0
108549,56648,76145,1842.32,5007.26,3155.91,99.5,0.4365,0.987,0.590,0.007,1,0,0,1,0,0,0,0,0.0,99.4,65.0,45.0,5,1,76.9,0,0,1,0.0,780,1.105,2.332,0.5987,95.6,1,5381,0,15,15,0
108569,56656,76159,1775.04,4757.04,3155.91,99.5,0.4366,0.987,0.589,0.007,1,0,0,1,0,0,0,0,0.0,99.4,65.0,45.0,5,1,76.9,0,0,1,0.0,780,1.119,2.350,0.5987,95.6,1,5382,0,15,15,0
108589,56672,76170,1675.28,4441.19,3155.91,99.5,0.4365,0.986,0.588,0.007,1,0,0,1,0,0,0,0,0.0,99.4,65.0,45.0,5,1,76.9,0,0,1,0.0,780,1.147,2.364,0.5987,95.6,1,5383,0,15,15,0
108609,56680,76216,1566.52,4073.00,3155.91,99.5,0.4360,0.986,0.587,0.007,1,0,0,1,0,0,0,0,0.0,99.4,65.0,45.0,5,1,76.9,0,0,1,0.0,780,1.161,2.424,0.5987,95.6,1,5384,0,15,15,0
108629,56686,76231,1445.81,3716.77,3155.91,99.5,0.4354,0.985,0.587,0.007,1,0,0,1,0,0,0,0,0.0,99.4,65.0,45.0,5,1,76.9,0,0,1,0.0,780,1.172,2.443,0.5987,95.6,1,5385,0,15,15,0
108649,56709,76244,1311.04,3357.13,3155.91,99.5,0.4344,0.985,0.587,0.007,1,0,0,1,0,0,0,0,0.0,99.4,65.0,45.0,5,1,76.9,0,0,1,0.0,780,1.213,2.460,0.5987,95.6,1,5386,0,15,15,0
108669,56717,76291,1195.66,2988.64,3155.91,99.5,0.4334,0.985,0.587,0.007,1,0,0,1,0,0,0,0,0.0,99.4,65.0,45.0,5,1,76.9,0,0,1,0.0,780,1.227,2.521,0.5987,95.6,1,5387,0,15,15,0
108689,56745,76308,1083.88,2660.22,3155.91,99.5,0.4322,0.985,0.587,0.007,1,0,0,1,0,0,0,0,0.0,99.4,65.0,45.0,5,1,76.9,0,0,1,0.0,780,1.276,2.543,0.5987,95.6,1,5388,0,15,15,0
108709,56762,76346,1006.20,2347.39,3155.91,99.5,0.4309,0.985,0.588,0.007,1,0,0,1,0,0,0,0,0.0,99.4,65.0,45.0,5,1,76.9,0,0,1,0.0,780,1.306,2.593,0.5987,95.6,1,5389,0,15,15,0
108729,56764,76361,950.43,2069.39,3155.91,99.5,0.4296,0.985,0.588,0.007,1,0,0,1,0,0,0,0,0.0,99.4,65.0,45.0,5,1,76.9,0,0,1,0.0,780,1.309,2.612,0.5987,95.6,1,5390,0,15,15,0
108749,56777,76369,881.32,1799.70,3155.91,99.5,0.4284,0.985,0.589,0.007,1,0,0,1,0,0,0,0,0.0,99.4,65.0,45.0,5,1,76.9,0,0,1,0.0,780,1.332,2.621,0.5987,95.6,1,5391,0,15,15,0
108769,56788,76380,807.18,1519.13,3155.91,99.5,0.4273,0.985,0.589,0.007,1,0,0,1,0,0,0,0,0.0,99.4,65.0,45.0,5,1,76.9,0,0,1,0.0,780,1.352,2.635,0.5987,95.6,1,5392,0,15,15,0
108789,56788,76395,729.07,1228.15,3155.91,99.5,0.4263,0.985,0.589,0.007,1,0,0,1,0,0,0,0,0.0,99.4,65.0,45.0,5,1,76.9,0,0,1,0.0,780,1.351,2.654,0.5987,95.6,1,5393,0,15,15,0
108809,56804,76419,628.61,936.69,3155.91,99.5,0.4256,0.984,0.589,0.006,1,0,0,1,0,0,0,0,0.0,99.4,65.0,45.0,5,1,76.9,0,0,1,0.0,780,1.379,2.685,0.5987,95.6,1,5394,0,15,15,0
108829,56817,76427,531.74,663.88,3155.91,99.5,0.4252,0.984,0.589,0.006,1,0,0,1,0,0,0,0,0.0,99.4,65.0,45.0,5,1,76.9,0,0,1,0.0,780,1.402,2.694,0.5987,95.6,1,5395,0,15,15,0
108849,56838,76438,443.87,395.46,3155.91,99.4,0.4249,0.984,0.589,0.006,1,0,0,1,0,0,0,0,0.0,99.4,65.0,45.0,5,1,76.9,0,0,1,0.0,780,1.439,2.708,0.5987,95.6,1,5396,0,15,15,0
108869,56833,76436,372.11,128.94,3155.91,99.4,0.4249,0.984,0.589,0.006,1,0,0,1,0,0,0,0,0.0,99.4,65.0,45.0,5,1,76.9,0,0,1,0.0,780,1.439,2.706,0.5987,95.6,1,5397,0,15,15,0
108889,56826,76422,288.41,-146.62,3155.91,99.4,0.4251,0.984,0.588,0.006,1,0,0,1,0,0,0,0,0.0,99.5,65.0,45.0,5,1,76.9,0,0,1,0.0,780,1.438,2.705,0.5987,95.6,1,5398,0,15,15,0
108909,56817,76367,171.17,-450.63,3155.91,99.4,0.4256,0.984,0.587,0.006,1,0,0,1,0,0,0,0,0.0,99.5,65.0,45.0,5,1,76.9,0,0,1,0.0,780,1.438,2.704,0.5987,95.6,1,5399,0,15,15,0
108929,56786,76326,14.15,-839.54,3155.91,99.4,0.4263,0.983,0.586,0.006,1,0,0,1,0,0,0,0,0.0,99.5,65.0,45.0,5,1,76.9,0,0,1,0.0,780,1.438,2.647,0.5987,95.6,1,5400,0,15,15,0
108949,56803,76309,-186.81,-1300.40,3155.91,99.4,0.4275,0.983,0.585,0.006,1,0,0,1,0,0,0,0,0.0,99.4,65.0,45.0,5,1,76.9,0,0,1,0.0,780,1.405,2.537,0.5987,95.6,1,5401,0,15,15,0
108969,56812,76274,-399.28,-1779.67,3155.91,99.4,0.4291,0.983,0.583,0.006,1,0,0,1,0,0,0,0,0.0,99.4,65.0,45.0,5,1,76.9,0,0,1,0.0,780,1.382,2.500,0.5987,95.6,1,5402,0,15,15,0
108989,56772,76201,-606.20,-2272.27,3155.91,99.4,0.4312,0.982,0.581,0.006,1,0,0,1,0,0,0,0,0.0,99.4,65.0,45.0,5,1,76.9,0,0,1,0.0,780,1.359,2.467,0.5987,95.6,1,5403,0,15,15,0
109009,56739,76112,-855.76,-2820.64,3155.91,99.4,0.4339,0.982,0.579,0.006,1,0,0,1,0,0,0,0,0.0,99.4,65.0,45.0,5,1,76.9,0,0,1,0.0,780,1.332,2.437,0.5987,95.6,1,5404,0,15,15,0
109029,56696,75994,-1162.18,-3449.48,3155.91,99.3,0.4374,0.981,0.576,0.007,1,0,0,1,0,0,0,0,0.0,99.3,65.0,45.0,5,1,76.9,0,0,1,0.0,780,1.331,2.435,0.5987,95.6,1,5405,0,15,15,0
109049,56696,75949,-1537.70,-4189.47,3233.91,99.3,0.4419,0.981,0.573,0.008,1,0,0,1,0,0,0,0,0.0,99.3,65.0,45.0,5,1,76.9,0,0,1,0.0,780,1.285,2.433,0.5987,95.6,1,5406,0,15,15,0
109069,56658,75872,-1894.71,-4928.94,3381.80,99.3,0.4474,0.980,0.570,0.008,1,0,0,1,0,0,0,0,0.0,99.2,65.0,45.0,5,1,76.9,0,0,1,0.0,780,1.235,2.400,0.5987,95.6,1,5407,0,15,15,0
109089,56597,75753,-2265.70,-5658.02,3527.62,99.3,0.4540,0.980,0.566,0.009,1,0,0,1,0,0,0,0,0.0,99.2,65.0,45.0,5,1,76.9,0,0,1,0.0,780,1.235,2.380,0.5987,95.6,1,5408,0,15,15,0
109109,56590,75696,-2699.57,-6423.25,3680.66,99.3,0.4619,0.980,0.562,0.011,1,0,0,1,0,0,0,0,0.0,99.1,65.0,45.0,5,1,76.9,0,0,1,0.0,780,1.182,2.299,0.5987,95.6,1,5409,0,15,15,0
109129,56583,75667,-3103.78,-7145.05,3825.03,99.3,0.4709,0.980,0.558,0.012,1,0,0,1,0,0,0,0,0.0,99.0,65.0,45.0,5,1,76.9,0,0,1,0.0,780,1.168,2.252,0.5987,95.6,1,5410,0,15,15,0
109149,56542,75625,-3440.63,-7751.15,3946.24,99.3,0.4809,0.980,0.554,0.013,1,0,0,1,0,0,0,0,0.0,98.9,65.0,45.0,5,1,76.9,0,0,1,0.0,780,1.164,2.199,0.5987,95.6,1,5411,0,15,15,0
109169,56522,75557,-3762.84,-8239.86,4043.99,99.3,0.4915,0.980,0.551,0.015,1,0,0,1,0,0,0,0,0.0,98.8,65.0,45.0,5,1,76.9,0,0,1,0.0,780,1.164,2.124,0.5987,95.6,1,5412,0,15,15,0
109189,56494,75513,-4051.98,-8657.22,4127.46,99.3,0.5028,0.980,0.548,0.016,1,0,0,1,0,0,0,0,0.0,98.7,65.0,45.0,5,1,76.9,0,0,1,0.0,780,1.118,2.027,0.5987,95.6,1,5413,0,15,15,0
109209,56476,75491,-4316.53,-8994.35,4194.88,99.3,0.5143,0.981,0.546,0.018,1,0,0,1,0,0,0,0,0.0,98.6,65.0,45.0,5,1,76.9,0,0,1,0.0,780,1.051,1.939,0.5987,95.6,1,5414,0,15,15,0
109229,56481,75494,-4533.00,-9220.79,4240.17,99.3,0.5260,0.981,0.544,0.019,1,0,0,1,0,0,0,0,0.0,98.5,65.0,45.0,5,1,76.9,0,0,1,0.0,780,1.026,1.813,0.5987,95.6,1,5415,0,15,15,0
109249,56472,75475,-4681.56,-9315.15,4259.05,99.4,0.5374,0.982,0.543,0.020,1,0,0,1,0,0,0,0,0.0,98.5,65.0,45.0,5,1,76.9,0,0,1,0.0,780,1.026,1.684,0.5987,95.6,1,5416,0,15,15,0
109269,56483,75479,-4743.85,-9298.24,4259.05,99.4,0.5483,0.983,0.542,0.022,1,0,0,1,0,0,0,0,0.0,98.4,65.0,45.0,5,1,76.9,0,0,1,0.0,780,0.899,1.533,0.5987,95.6,1,5417,0,15,15,0
109289,56473,75498,-4747.57,-9177.43,4259.05,99.4,0.5585,0.983,0.541,0.023,1,0,0,1,0,0,0,0,0.0,98.3,65.0,45.0,5,1,76.9,0,0,1,0.0,780,0.833,1.398,0.5987,95.6,1,5418,0,15,15,0
109309,56481,75486,-4682.77,-8961.39,4259.05,99.4,0.5678,0.984,0.541,0.023,1,0,0,1,0,0,0,0,0.0,98.3,65.0,45.0,5,1,76.9,0,0,1,0.0,780,0.773,1.267,0.5987,95.6,1,5419,0,15,15,0
109329,56483,75524,-4570.06,-8661.71,4259.05,99.4,0.5763,0.984,0.541,0.024,1,0,0,1,0,0,0,0,0.0,98.2,65.0,45.0,5,1,76.9,0,0,1,0.0,780,0.697,1.267,0.5987,95.6,1,5420,0,15,15,0
109349,56497,75548,-4421.71,-8278.07,4259.05,99.5,0.5837,0.985,0.541,0.025,1,0,0,1,0,0,0,0,0.0,98.2,65.0,45.0,5,1,76.9,0,0,1,0.0,780,0.646,1.267,0.5987,95.6,1,5421,0,15,15,0
109369,56483,75577,-4252.37,-7828.03,4259.05,99.5,0.5901,0.985,0.541,0.025,1,0,0,1,0,0,0,0,0.0,98.2,65.0,45.0,5,1,76.9,0,0,1,0.0,780,0.646,1.267,0.5987,95.6,1,5422,0,15,15,0
109389,56501,75613,-4046.67,-7325.00,4259.05,99.5,0.5953,0.985,0.541,0.025,1,0,0,1,0,0,0,0,0.0,98.1,65.0,45.0,5,1,76.9,0,0,1,0.0,780,0.646,1.267,0.5987,95.6,1,5423,0,15,15,0
109409,56507,75676,-3823.32,-6776.59,4259.05,99.5,0.5994,0.986,0.541,0.026,1,0,0,1,0,0,0,0,0.0,98.1,65.0,45.0,5,1,76.9,0,0,1,0.0,780,0.646,1.267,0.5987,95.6,1,5424,0,15,15,0
109429,56506,75716,-3592.34,-6160.23,4259.05,99.5,0.6021,0.986,0.541,0.026,1,0,0,1,0,0,0,0,0.0,98.1,65.0,45.0,5,1,76.9,0,0,1,0.0,780,0.646,1.267,0.5987,95.6,1,5425,0,15,15,0
109449,56506,75735,-3369.73,-5513.31,4259.05,99.5,0.6033,0.986,0.540,0.026,1,0,0,1,0,0,0,0,0.0,98.1,65.0,45.0,5,1,76.9,0,0,1,0.0,780,0.646,1.267,0.5987,95.6,1,5426,0,15,15,0
109469,56513,75779,-3162.39,-4889.62,4259.05,99.5,0.6028,0.986,0.540,0.026,1,0,0,1,0,0,0,0,0.0,98.1,65.0,45.0,5,1,76.9,0,0,1,0.0,780,0.646,1.267,0.5987,95.6,1,5427,0,15,15,0
109489,56542,75795,-2959.62,-4278.92,4259.05,99.5,0.6005,0.986,0.539,0.026,1,0,0,1,0,0,0,0,0.0,98.1,65.0,45.0,5,1,76.9,0,0,1,0.0,780,0.646,1.267,0.5987,95.6,1,5428,0,15,15,0
109509,56553,75839,-2717.90,-3718.55,4259.05,99.5,0.5962,0.986,0.538,0.026,1,0,0,1,0,0,0,0,0.0,98.1,65.0,45.0,5,1,76.9,0,0,1,0.0,780,0.646,1.267,0.5987,95.6,1,5429,0,15,15,0
109529,56563,75870,-2460.06,-3183.02,4259.05,99.5,0.5900,0.986,0.537,0.026,1,0,0,1,0,0,0,0,0.0,98.1,65.0,45.0,5,1,76.9,0,0,1,0.0,780,0.646,1.268,0.5987,95.6,1,5430,0,15,15,0
109549,56565,75894,-2201.74,-2680.72,4259.05,99.5,0.5818,0.985,0.535,0.026,1,0,0,1,0,0,0,0,0.0,98.1,65.0,45.0,5,1,76.9,0,0,1,0.0,780,0.646,1.268,0.5987,95.6,1,5431,0,15,15,0
109569,56580,75908,-1966.11,-2224.17,4259.05,99.5,0.5718,0.985,0.533,0.026,1,0,0,1,0,0,0,0,0.0,98.1,65.0,45.0,5,1,76.9,0,0,1,0.0,780,0.646,1.268,0.5987,95.6,1,5432,0,15,15,0
109589,56557,75920,-1764.85,-1829.36,4259.05,99.4,0.5602,0.984,0.530,0.026,1,0,0,1,0,0,0,0,0.0,98.1,65.0,45.0,5,1,76.9,0,0,1,0.0,780,0.646,1.268,0.5987,95.6,1,5433,0,15,15,0
109609,56548,75929,-1613.80,-1499.90,4259.05,99.4,0.5472,0.983,0.527,0.026,1,0,0,1,0,0,0,0,0.0,98.1,65.0,45.0,5,1,76.9,0,0,1,0.0,780,0.646,1.268,0.5987,95.6,1,5434,0,15,15,0
109629,56553,75951,-1505.87,-1234.58,4259.05,99.4,0.5329,0.982,0.524,0.026,1,0,0,1,0,0,0,0,0.0,98.0,65.0,45.0,5,1,76.9,0,0,1,0.0,780,0.646,1.268,0.5987,95.6,1,5435,0,15,15,0
109649,56540,75960,-1434.38,-1008.10,4235.90,99.3,0.5178,0.981,0.520,0.027,1,0,0,1,0,0,0,0,0.0,98.0,65.0,45.0,5,1,76.9,0,0,1,0.0,780,0.646,1.268,0.5987,95.6,1,5436,0,15,15,0
109669,56528,75967,-1397.10,-824.14,4174.17,99.3,0.5021,0.979,0.516,0.028,1,0,0,1,0,0,0,0,0.0,97.9,65.0,45.0,5,1,76.9,0,0,1,0.0,780,0.646,1.268,0.5987,95.6,1,5437,0,15,15,0
109689,56531,75969,-1389.96,-682.23,4084.55,99.2,0.4864,0.978,0.511,0.029,1,0,0,1,0,0,0,0,0.0,97.9,65.0,45.0,5,1,76.9,0,0,1,0.0,780,0.646,1.268,0.5987,95.6,1,5438,0,15,15,0
109709,56518,76007,-1395.75,-583.98,3970.19,99.2,0.4710,0.976,0.505,0.030,1,0,0,1,0,0,0,0,0.0,97.8,65.0,45.0,5,1,76.9,0,0,1,0.0,780,0.646,1.268,0.5987,95.6,1,5439,0,15,15,0
109729,56531,76022,-1394.35,-475.52,3834.92,99.1,0.4564,0.974,0.499,0.031,1,0,0,1,0,0,0,0,0.0,97.6,65.0,45.0,5,1,76.9,0,0,1,0.0,780,0.647,1.269,0.5987,95.6,1,5440,0,15,15,0
109749,56531,76040,-1383.90,-368.74,3680.79,99.0,0.4428,0.973,0.492,0.033,1,0,0,1,0,0,0,0,0.0,97.5,65.0,45.0,5,1,76.9,0,0,1,0.0,780,0.647,1.269,0.5987,95.6,1,5441,0,15,15,0
109769,56530,76063,-1364.87,-265.12,3504.32,99.0,0.4304,0.971,0.484,0.035,1,0,0,1,0,0,0,0,0.0,97.4,65.0,45.0,5,1,76.9,0,0,1,0.0,780,0.647,1.269,0.5987,95.6,1,5442,0,15,15,0
109789,56546,76075,-1338.70,-159.01,3303.08,98.9,0.4197,0.969,0.477,0.037,1,0,0,1,0,0,0,0,0.0,97.2,65.0,45.0,5,1,76.9,0,0,1,0.0,780,0.647,1.269,0.5987,95.6,1,5443,0,15,15,0
109809,56548,76095,-1279.80,-64.44,3083.51,98.9,0.4108,0.967,0.471,0.039,1,0,0,1,0,0,0,0,0.0,97.0,65.0,45.0,5,1,76.9,0,0,1,0.0,780,0.647,1.269,0.5987,95.6,1,5444,0,15,15,0
109829,56546,76110,-1210.31,24.55,2913.76,98.8,0.4039,0.966,0.465,0.042,1,0,0,1,0,0,0,0,0.0,96.9,65.0,45.0,5,1,76.9,0,0,1,0.0,780,0.647,1.269,0.5987,95.6,1,5445,0,15,15,0
109849,56564,76114,-1137.65,103.52,2913.76,98.8,0.3989,0.965,0.460,0.044,1,0,0,1,0,0,0,0,0.0,96.7,65.0,45.0,5,1,76.9,0,0,1,0.0,780,0.638,1.267,0.5987,95.6,1,5446,0,15,15,0
109869,56577,76146,-1040.39,156.45,2913.76,98.8,0.3958,0.965,0.456,0.047,1,0,0,1,0,0,0,0,0.0,96.5,65.0,45.0,5,1,76.9,0,0,1,0.0,780,0.626,1.248,0.5987,95.6,1,5447,0,15,15,0
109889,56581,76146,-919.75,218.15,2913.76,98.8,0.3943,0.964,0.453,0.049,1,0,0,1,0,0,0,0,0.0,96.4,65.0,45.0,5,1,76.9,0,0,1,0.0,780,0.610,1.176,0.5987,95.6,1,5448,0,15,15,0
109909,56592,76167,-797.11,257.39,2913.76,98.8,0.3940,0.964,0.452,0.051,1,0,0,1,0,0,0,0,0.0,96.2,65.0,45.0,5,1,76.9,0,0,1,0.0,780,0.601,1.122,0.5987,95.6,1,5449,0,15,15,0
109929,56603,76182,-669.81,292.89,2913.76,98.8,0.3943,0.965,0.451,0.052,1,0,0,1,0,0,0,0,0.0,96.1,65.0,45.0,5,1,76.9,0,0,1,0.0,780,0.601,1.099,0.5987,95.6,1,5450,0,15,15,0
109949,56603,76192,-538.63,324.27,2913.76,98.8,0.3949,0.965,0.450,0.054,1,0,0,1,0,0,0,0,0.0,96.0,65.0,45.0,5,1,76.9,0,0,1,0.0,780,0.601,1.053,0.5987,95.6,1,5451,0,15,15,0
109969,56626,76227,-425.66,344.86,2913.76,98.8,0.3953,0.965,0.450,0.055,1,0,0,1,0,0,0,0,0.0,96.0,65.0,45.0,5,1,76.9,0,0,1,0.0,780,0.530,0.991,0.5987,95.6,1,5452,0,15,15,0
109989,56631,76227,-296.40,387.17,2913.76,98.8,0.3955,0.965,0.450,0.056,1,0,0,1,0,0,0,0,0.0,95.9,65.0,45.0,5,1,76.9,0,0,1,0.0,780,0.472,0.991,0.5987,95.6,1,5453,0,15,15,0
110009,56651,76259,-173.22,413.24,2913.76,98.8,0.3955,0.965,0.450,0.056,1,0,0,1,0,0,0,0,0.0,95.9,65.0,45.0,5,1,76.9,0,0,1,0.0,780,0.396,1.034,0.5987,95.6,1,5454,0,15,15,0
110029,56677,76272,-38.23,453.10,2913.76,98.8,0.3954,0.965,0.450,0.056,1,0,0,1,0,0,0,0,0.0,95.9,65.0,45.0,5,1,76.9,0,0,1,0.0,780,0.396,1.051,0.5987,95.6,1,5455,0,15,15,0
110049,56678,76308,123.65,490.67,2913.76,98.8,0.3952,0.965,0.450,0.056,1,0,0,1,0,0,0,0,0.0,95.9,65.0,45.0,5,1,76.9,0,0,1,0.0,780,0.364,1.098,0.5987,95.6,1,5456,0,15,15,0
110069,56704,76339,267.47,550.47,2913.76,98.8,0.3951,0.965,0.450,0.056,1,0,0,1,0,0,0,0,0.0,95.9,65.0,45.0,5,1,76.9,0,0,1,0.0,780,0.410,1.139,0.5987,95.6,1,5457,0,15,15,0
110089,56724,76370,421.62,631.66,2913.76,98.7,0.3949,0.964,0.451,0.056,1,0,0,1,0,0,0,0,0.0,95.9,65.0,45.0,5,1,76.9,0,0,1,0.0,780,0.446,1.179,0.5987,95.6,1,5458,0,15,15,0
110109,56744,76394,583.59,729.78,2913.76,98.7,0.3948,0.964,0.451,0.055,1,0,0,1,0,0,0,0,0.0,95.9,65.0,45.0,5,1,76.9,0,0,1,0.0,780,0.481,1.211,0.5987,95.6,1,5459,0,15,15,0
110129,56778,76459,749.49,829.92,2913.76,98.7,0.3948,0.963,0.452,0.055,1,0,0,1,0,0,0,0,0.0,96.0,65.0,45.0,5,1,76.9,0,0,1,0.0,780,0.541,1.296,0.5987,95.6,1,5460,0,15,15,0
110149,56784,76489,940.80,980.07,2913.76,98.7,0.3949,0.962,0.454,0.054,1,0,0,1,0,0,0,0,0.0,96.0,65.0,45.0,5,1,76.9,0,0,1,0.0,780,0.552,1.335,0.5987,95.6,1,5461,0,15,15,0
110169,56800,76499,1109.57,1143.20,2913.76,98.6,0.3951,0.961,0.455,0.053,1,0,0,1,0,0,0,0,0.0,96.1,65.0,45.0,5,1,76.9,0,0,1,0.0,780,0.580,1.348,0.5987,95.6,1,5462,0,15,15,0
110189,56805,76509,1255.96,1273.49,2913.76,98.6,0.3955,0.960,0.457,0.052,1,0,0,1,0,0,0,0,0.0,96.1,65.0,45.0,5,1,76.9,0,0,1,0.0,780,0.589,1.361,0.5987,95.6,1,5463,0,15,15,0
110209,56819,76528,1361.77,1355.69,2913.76,98.5,0.3960,0.958,0.459,0.050,1,0,0,1,0,0,0,0,0.0,96.2,65.0,45.0,5,1,76.9,0,0,1,0.0,780,0.613,1.386,0.5987,95.6,1,5464,0,15,15,0
110229,56839,76522,1440.71,1393.83,2913.76,98.5,0.3967,0.957,0.461,0.049,1,0,0,1,0,0,0,0,0.0,96.3,65.0,45.0,5,1,76.9,0,0,1,0.0,780,0.649,1.385,0.5987,95.6,1,5465,0,15,15,0
110249,56828,76557,1492.28,1386.05,2913.76,98.4,0.3974,0.956,0.463,0.047,1,0,0,1,0,0,0,0,0.0,96.4,65.0,45.0,5,1,76.9,0,0,1,0.0,780,0.647,1.418,0.5987,95.6,1,5466,0,15,15,0
110269,56844,76542,1523.22,1349.10,2913.76,98.4,0.3981,0.954,0.464,0.046,1,0,0,1,0,0,0,0,0.0,96.5,65.0,45.0,5,1,76.9,0,0,1,0.0,780,0.655,1.408,0.5987,95.6,1,5467,0,15,15,0
110289,56838,76531,1517.03,1275.39,2913.76,98.3,0.3988,0.953,0.466,0.044,1,0,0,1,0,0,0,0,0.0,96.6,65.0,45.0,5,1,76.9,0,0,1,0.0,780,0.641,1.408,0.5987,95.6,1,5468,0,15,15,0
110309,56850,76514,1485.05,1152.95,2913.76,98.3,0.3993,0.952,0.468,0.042,1,0,0,1,0,0,0,0,0.0,96.7,65.0,45.0,5,1,76.9,0,0,1,0.0,780,0.648,1.357,0.5987,95.6,1,5469,0,15,15,0
110329,56856,76514,1435.81,977.15,2913.76,98.3,0.3995,0.950,0.470,0.040,1,0,0,1,0,0,0,0,0.0,96.8,65.0,45.0,5,1,76.9,0,0,1,0.0,780,0.659,1.326,0.5987,95.6,1,5470,0,15,15,0
110349,56861,76527,1375.61,778.61,2913.76,98.2,0.3992,0.949,0.472,0.038,1,0,0,1,0,0,0,0,0.0,96.9,65.0,45.0,5,1,76.9,0,0,1,0.0,780,0.667,1.287,0.5987,95.6,1,5471,0,15,15,0
110369,56859,76506,1303.56,575.03,2913.76,98.2,0.3984,0.947,0.474,0.036,1,0,0,1,0,0,0,0,0.0,96.9,65.0,45.0,5,1,76.9,0,0,1,0.0,780,0.636,1.240,0.5987,95.6,1,5472,0,15,15,0
110389,56858,76483,1216.14,365.45,2913.76,98.1,0.3967,0.946,0.477,0.034,1,0,0,1,0,0,0,0,0.0,96.9,65.0,45.0,5,1,76.9,0,0,1,0.0,780,0.627,1.157,0.5987,95.6,1,5473,0,15,15,0
110409,56864,76452,1114.88,132.17,2913.76,98.0,0.3942,0.944,0.480,0.032,1,0,0,1,0,0,0,0,0.0,96.9,65.0,45.0,5,1,76.9,0,0,1,0.0,780,0.632,1.104,0.5987,95.6,1,5474,0,15,15,0
110429,56860,76428,1005.09,-136.99,2913.76,98.0,0.3908,0.943,0.482,0.029,1,0,0,1,0,0,0,0,0.0,96.9,65.0,45.0,5,1,76.9,0,0,1,0.0,780,0.632,1.079,0.5987,95.6,1,5475,0,15,15,0
110449,56830,76372,889.31,-429.44,2913.76,97.9,0.3864,0.941,0.485,0.027,1,0,0,1,0,0,0,0,0.0,96.9,65.0,45.0,5,1,76.9,0,0,1,0.0,780,0.619,1.021,0.5987,95.6,1,5476,0,15,15,0
110469,56810,76309,716.09,-776.84,2913.76,97.8,0.3814,0.938,0.489,0.025,1,0,0,1,0,0,0,0,0.0,96.9,65.0,45.0,5,1,76.9,0,0,1,0.0,780,0.610,1.000,0.5987,95.6,1,5477,0,15,15,0
110489,56791,76235,492.83,-1189.69,2913.76,97.8,0.3758,0.936,0.492,0.024,1,0,0,1,0,0,0,0,0.0,96.8,65.0,45.0,5,1,76.9,0,0,1,0.0,780,0.610,0.942,0.5987,95.6,1,5478,0,15,15,0
110509,56750,76147,233.96,-1673.04,2898.84,97.7,0.3700,0.934,0.494,0.023,1,0,0,1,0,0,0,0,0.0,96.7,65.0,45.0,5,1,76.9,0,0,1,0.0,780,0.610,0.901,0.5987,95.6,1,5479,0,15,15,0
110529,56706,76034,-86.69,-2232.25,2864.48,97.6,0.3641,0.932,0.497,0.022,1,0,0,1,0,0,0,0,0.0,96.6,65.0,45.0,5,1,76.9,0,0,1,0.0,780,0.610,0.870,0.5987,95.6,1,5480,0,15,15,0
110549,56688,75961,-472.78,-2886.03,2814.44,97.5,0.3586,0.929,0.498,0.021,1,0,0,1,0,0,0,0,0.0,96.5,65.0,45.0,5,1,76.9,0,0,1,0.0,780,0.610,0.851,0.5987,95.6,1,5481,0,15,15,0
110569,56652,75915,-865.00,-3566.94,2751.27,97.4,0.3535,0.927,0.500,0.020,1,0,0,1,0,0,0,0,0.0,96.3,65.0,45.0,5,1,76.9,0,0,1,0.0,780,0.610,0.842,0.5987,95.6,1,5482,0,15,15,0
110589,56637,75875,-1266.94,-4199.79,2677.63,97.4,0.3491,0.925,0.501,0.020,1,0,0,1,0,0,0,0,0.0,96.2,65.0,45.0,5,1,76.9,0,0,1,0.0,780,0.610,0.894,0.5987,95.6,1,5483,0,15,15,0
110609,56617,75841,-1636.38,-4746.17,2606.38,97.3,0.3455,0.923,0.501,0.019,1,0,0,1,0,0,0,0,0.0,96.1,65.0,45.0,5,1,76.9,0,0,1,0.0,780,0.610,0.939,0.5987,95.6,1,5484,0,15,15,0
110629,56592,75797,-1966.15,-5189.10,2534.46,97.3,0.3427,0.922,0.501,0.019,1,0,0,1,0,0,0,0,0.0,96.0,65.0,45.0,5,1,76.9,0,0,1,0.0,780,0.610,0.997,0.5987,95.6,1,5485,0,15,15,0
110649,56576,75820,-2264.74,-5514.35,2460.76,97.2,0.3405,0.921,0.501,0.018,1,0,0,1,0,0,0,0,0.0,96.0,65.0,45.0,5,1,0.0,0,0,0,0.0,780,0.610,0.997,0.5987,95.6,1,5486,0,15,15,0
110669,56590,75849,-2495.25,-5701.23,2395.07,97.2,0.3388,0.920,0.502,0.018,1,0,0,1,0,0,0,0,0.0,96.0,65.0,45.0,5,1,0.0,0,0,0,0.0,780,0.610,0.997,0.5987,95.6,1,5487,0,15,15,0
110689,56592,75856,-2646.54,-5720.06,2332.51,97.2,0.3374,0.920,0.502,0.018,1,0,0,1,0,0,0,0,0.0,96.0,65.0,45.0,5,1,0.0,0,0,0,0.0,780,0.610,0.997,0.5987,95.6,1,5488,0,15,15,0
110709,56589,75878,-2723.97,-5612.42,2276.91,97.2,0.3361,0.920,0.503,0.017,1,0,0,1,0,0,0,0,0.0,96.0,65.0,45.0,5,1,0.0,0,0,0,0.0,780,0.589,0.997,0.5987,95.6,1,5489,0,15,15,0
110729,56572,75897,-2741.34,-5393.97,2222.97,97.2,0.3348,0.919,0.503,0.017,1,0,0,1,0,0,0,0,0.0,96.0,65.0,45.0,5,1,0.0,0,0,0,0.0,780,0.589,0.997,0.5987,95.6,1,5490,0,15,15,0
110749,56582,75928,-2723.49,-5092.94,2166.86,97.2,0.3333,0.919,0.504,0.017,1,0,0,1,0,0,0,0,0.0,96.0,65.0,45.0,5,1,0.0,0,0,0,0.0,780,0.589,0.997,0.5987,95.6,1,5491,0,15,15,0
110769,56590,75975,-2672.80,-4719.06,2141.80,97.1,0.3319,0.918,0.505,0.016,1,0,0,1,0,0,0,0,0.0,95.9,65.0,45.0,5,1,0.0,0,0,0,0.0,780,0.561,0.997,0.5987,95.6,1,5492,0,15,15,0
110789,56591,76012,-2580.70,-4268.45,2141.80,97.1,0.3303,0.917,0.505,0.016,1,0,0,1,0,0,0,0,0.0,95.9,65.0,45.0,5,1,0.0,0,0,0,0.0,780,0.561,0.997,0.5987,95.6,1,5493,0,15,15,0
110809,56603,76074,-2463.08,-3768.27,2141.80,97.1,0.3287,0.916,0.506,0.016,1,0,0,1,0,0,0,0,0.0,95.8,65.0,45.0,5,1,0.0,0,0,0,0.0,780,0.561,0.997,0.5987,95.6,1,5494,0,15,15,0
110829,56616,76108,-2311.00,-3207.49,2141.80,97.0,0.3272,0.915,0.506,0.016,1,0,0,1,0,0,0,0,0.0,95.7,65.0,45.0,5,1,0.0,0,0,0,0.0,780,0.529,0.997,0.5987,95.6,1,5495,0,15,15,0
110849,56620,76133,-2125.28,-2633.52,2141.80,97.0,0.3259,0.913,0.505,0.015,1,0,0,1,0,0,0,0,0.0,95.6,65.0,45.0,5,1,0.0,0,0,0,0.0,780,0.515,0.997,0.5987,95.6,1,5496,0,15,15,0
110869,56625,76160,-1929.10,-2084.98,2141.80,96.9,0.3248,0.911,0.504,0.015,1,0,0,1,0,0,0,0,0.0,95.5,65.0,45.0,5,1,0.0,0,0,0,0.0,780,0.515,0.997,0.5987,95.6,1,5497,0,15,15,0
110889,56619,76166,-1742.29,-1576.15,2141.80,96.8,0.3240,0.909,0.502,0.015,1,0,0,1,0,0,0,0,0.0,95.4,65.0,45.0,5,1,0.0,0,0,0,0.0,780,0.515,0.997,0.5987,95.6,1,5498,0,15,15,0
110909,56639,76165,-1564.01,-1141.39,2141.80,96.8,0.3236,0.908,0.500,0.014,1,0,0,1,0,0,0,0,0.0,95.3,65.0,45.0,5,1,0.0,0,0,0,0.0,780,0.515,0.997,0.5987,95.6,1,5499,0,15,15,0
110929,56669,76157,-1377.84,-794.47,2141.80,96.7,0.3236,0.906,0.497,0.013,1,0,0,1,0,0,0,0,0.0,95.2,65.0,45.0,5,1,0.0,0,0,0,0.0,780,0.515,0.997,0.5987,95.6,1,5500,0,15,15,0
110949,56674,76156,-1150.90,-541.96,2141.80,96.7,0.3240,0.905,0.495,0.012,1,0,0,1,0,0,0,0,0.0,95.2,65.0,45.0,5,1,0.0,0,0,0,0.0,780,0.515,0.997,0.5987,95.6,1,5501,0,15,15,0
110969,56646,76166,-932.34,-364.06,2141.80,96.7,0.3247,0.904,0.493,0.011,1,0,0,1,0,0,0,0,0.0,95.2,65.0,45.0,5,1,0.0,0,0,0,0.0,780,0.515,0.997,0.5987,95.6,1,5502,0,15,15,0
110989,56632,76147,-784.58,-244.61,2141.80,96.7,0.3256,0.905,0.492,0.011,1,0,0,1,0,0,0,0,0.0,95.3,65.0,45.0,5,1,0.0,0,0,0,0.0,780,0.515,0.997,0.5987,95.6,1,5503,0,15,15,0
111009,56636,76138,-700.20,-180.28,2141.80,96.7,0.3264,0.905,0.491,0.010,1,0,0,1,0,0,0,0,0.0,95.3,65.0,45.0,5,1,0.0,0,0,0,0.0,780,0.515,0.997,0.5987,95.6,1,5504,0,15,15,0
111029,56601,76123,-656.54,-162.09,2141.80,96.7,0.3272,0.906,0.490,0.010,1,0,0,1,0,0,0,0,0.0,95.4,65.0,45.0,5,1,0.0,0,0,0,0.0,780,0.515,0.997,0.5987,95.6,1,5505,0,15,15,0
111049,56595,76126,-687.61,-183.69,2141.80,96.7,0.3276,0.906,0.490,0.009,1,0,0,1,0,0,0,0,0.0,95.5,65.0,45.0,5,1,0.0,0,0,0,0.0,780,0.515,0.997,0.5987,95.6,1,5506,0,15,15,0
111069,56577,76141,-750.31,-220.14,2141.80,96.7,0.3274,0.907,0.491,0.009,1,0,0,1,0,0,0,0,0.0,95.5,65.0,45.0,5,1,0.0,0,0,0,0.0,780,0.515,0.997,0.5987,95.6,1,5507,0,15,15,0
111089,56568,76129,-843.45,-254.62,2141.80,96.7,0.3266,0.907,0.492,0.008,1,0,0,1,0,0,0,0,0.0,95.6,65.0,45.0,5,1,0.0,0,0,0,0.0,780,0.522,0.997,0.5987,95.6,1,5508,0,15,15,0
111109,56569,76110,-942.79,-284.27,2141.80,96.7,0.3247,0.906,0.493,0.008,1,0,0,1,0,0,0,0,0.0,95.6,65.0,45.0,5,1,0.0,0,0,0,0.0,780,0.522,0.997,0.5987,95.6,1,5509,0,15,15,0
111129,56585,76130,-1021.92,-308.31,2141.80,96.7,0.3217,0.905,0.495,0.007,1,0,0,1,0,0,0,0,0.0,95.5,65.0,45.0,5,1,0.0,0,0,0,0.0,780,0.522,0.997,0.5987,95.6,1,5510,0,15,15,0
111149,56601,76154,-1043.17,-325.61,2141.80,96.6,0.3175,0.904,0.497,0.007,1,0,0,1,0,0,0,0,0.0,95.4,65.0,45.0,5,1,0.0,0,0,0,0.0,780,0.522,0.998,0.5987,95.6,1,5511,0,15,15,0
111169,56583,76163,-1028.50,-305.46,2141.80,96.5,0.3122,0.901,0.499,0.007,1,0,0,1,0,0,0,0,0.0,95.3,65.0,45.0,5,1,0.0,0,0,0,0.0,780,0.522,0.998,0.5987,95.6,1,5512,0,15,15,0
111189,56604,76149,-963.17,-273.51,2141.80,96.4,0.3057,0.898,0.501,0.006,1,0,0,1,0,0,0,0,0.0,95.0,65.0,45.0,5,1,0.0,0,0,0,0.0,780,0.522,0.998,0.5987,95.6,1,5513,0,15,15,0
111209,56604,76137,-872.79,-248.96,2141.80,96.3,0.2980,0.894,0.503,0.007,1,0,0,1,0,0,0,0,0.0,94.7,65.0,45.0,5,1,0.0,0,0,0,0.0,780,0.522,0.998,0.5987,95.6,1,5514,0,15,15,0
111229,56615,76155,-777.70,-231.97,2141.80,96.1,0.2894,0.890,0.505,0.007,1,0,0,1,0,0,0,0,0.0,94.4,65.0,45.0,5,1,0.0,0,0,0,0.0,780,0.522,0.998,0.5987,95.6,1,5515,0,15,15,0
111249,56629,76167,-667.75,-213.51,2138.41,95.9,0.2799,0.884,0.507,0.007,1,0,0,1,0,0,0,0,0.0,93.9,65.0,45.0,5,1,0.0,0,0,0,0.0,780,0.522,0.978,0.5987,95.6,1,5516,0,15,15,0
111269,56636,76186,-536.55,-182.17,2114.25,95.7,0.2699,0.877,0.509,0.008,1,0,0,1,0,0,0,0,0.0,93.4,65.0,45.0,5,1,0.0,0,0,0,0.0,780,0.522,0.964,0.5987,95.6,1,5517,0,15,15,0
111289,56657,76202,-398.59,-126.08,2071.04,95.5,0.2595,0.870,0.510,0.008,1,0,0,1,0,0,0,0,0.0,92.8,65.0,45.0,5,1,0.0,0,0,0,0.0,780,0.522,0.959,0.5987,95.6,1,5518,0,15,15,0
111309,56661,76228,-236.68,-48.68,2011.11,95.2,0.2491,0.862,0.512,0.009,1,0,0,1,0,0,0,0,0.0,92.1,65.0,45.0,5,1,0.0,0,0,0,0.0,780,0.522,0.959,0.5987,95.6,1,5519,0,15,15,0
111329,56680,76258,-79.79,58.17,1934.38,94.9,0.2389,0.853,0.514,0.009,1,0,0,1,0,0,0,0,0.0,91.4,65.0,45.0,5,1,0.0,0,0,0,0.0,780,0.522,0.959,0.5987,95.6,1,5520,0,15,15,0
111349,56697,76303,86.71,197.72,1844.37,94.5,0.2292,0.844,0.515,0.010,1,0,0,1,0,0,0,0,0.0,90.6,65.0,45.0,5,1,0.0,0,0,0,0.0,780,0.522,0.931,0.5987,95.6,1,5521,0,15,15,0
111369,56718,76372,262.05,385.22,1743.77,94.2,0.2203,0.834,0.516,0.010,1,0,0,1,0,0,0,0,0.0,89.9,65.0,45.0,5,1,0.0,0,0,0,0.0,780,0.523,0.901,0.5987,95.6,1,5522,0,15,15,0
111389,56763,76428,450.07,650.16,1634.08,93.9,0.2124,0.825,0.517,0.011,1,0,0,1,0,0,0,0,0.0,89.1,65.0,45.0,5,1,0.0,0,0,0,0.0,780,0.523,0.861,0.5987,95.6,1,5523,0,15,15,0
111409,56777,76477,692.00,972.68,1510.81,93.6,0.2058,0.816,0.517,0.011,1,0,0,1,0,0,0,0,0.0,88.4,65.0,45.0,5,1,0.0,0,0,0,0.0,780,0.515,0.893,0.5987,95.6,1,5524,0,15,15,0
111429,56794,76541,937.85,1323.30,1422.78,93.3,0.2007,0.809,0.518,0.012,1,0,0,1,0,0,0,0,0.0,87.8,65.0,45.0,5,1,0.0,0,0,0,0.0,780,0.463,0.977,0.5987,95.6,1,5525,0,15,15,0
111449,56818,76551,1169.55,1702.37,1484.49,93.1,0.1974,0.804,0.517,0.012,1,0,0,1,0,0,0,0,0.0,87.4,65.0,45.0,5,1,0.0,0,0,0,0.0,780,0.441,0.991,0.5987,95.6,1,5526,0,15,15,0
111469,56816,76543,1388.47,2018.15,1547.64,93.0,0.1955,0.801,0.517,0.012,1,0,0,1,0,0,0,0,0.0,87.1,65.0,45.0,5,1,0.0,0,0,0,0.0,780,0.441,0.990,0.5987,95.6,1,5527,0,15,15,0
111489,56823,76556,1558.41,2247.44,1593.50,93.0,0.1948,0.800,0.516,0.013,1,0,0,1,0,0,0,0,0.0,87.0,65.0,45.0,5,1,0.0,0,0,0,0.0,780,0.450,0.997,0.5987,95.6,1,5528,0,15,15,0
111509,56835,76535,1675.49,2369.52,1617.92,93.0,0.1951,0.800,0.517,0.013,1,0,0,1,0,0,0,0,0.0,87.1,65.0,45.0,5,1,0.0,0,0,0,0.0,780,0.471,0.997,0.5987,95.6,1,5529,0,15,15,0
111529,56823,76528,1735.52,2390.38,1622.09,93.1,0.1960,0.802,0.518,0.013,1,0,0,1,0,0,0,0,0.0,87.2,65.0,45.0,5,1,0.0,0,0,0,0.0,780,0.471,0.997,0.5987,95.6,1,5530,0,15,15,0
111549,56848,76500,1766.18,2328.33,1622.09,93.2,0.1973,0.805,0.520,0.013,1,0,0,1,0,0,0,0,0.0,87.4,65.0,45.0,5,1,0.0,0,0,0,0.0,780,0.494,0.997,0.5987,95.6,1,5531,0,15,15,0
111569,56830,76456,1751.70,2175.12,1622.09,93.3,0.1986,0.808,0.522,0.013,1,0,0,1,0,0,0,0,0.0,87.6,65.0,45.0,5,1,0.0,0,0,0,0.0,780,0.494,0.996,0.5987,95.6,1,5532,0,15,15,0
111589,56823,76438,1701.35,1920.60,1622.09,93.4,0.1997,0.810,0.525,0.014,1,0,0,1,0,0,0,0,0.0,87.8,65.0,45.0,5,1,0.0,0,0,0,0.0,780,0.494,0.996,0.5987,95.6,1,5533,0,15,15,0
111609,56806,76355,1611.76,1613.04,1622.09,93.4,0.2006,0.813,0.528,0.014,1,0,0,1,0,0,0,0,0.0,87.9,65.0,45.0,5,1,0.0,0,0,0,0.0,780,0.494,0.996,0.5987,95.6,1,5534,0,15,15,0
111629,56783,76271,1469.95,1195.18,1622.09,93.5,0.2012,0.814,0.530,0.015,1,0,0,1,0,0,0,0,0.0,88.0,65.0,45.0,5,1,0.0,0,0,0,0.0,780,0.494,0.966,0.5987,95.6,1,5535,0,15,15,0
111649,56761,76188,1268.72,662.80,1622.09,93.5,0.2015,0.815,0.532,0.015,1,0,0,1,0,0,0,0,0.0,88.0,65.0,45.0,5,1,0.0,0,0,0,0.0,780,0.494,0.928,0.5987,95.6,1,5536,0,15,15,0
111669,56747,76135,1017.62,37.79,1622.09,93.5,0.2015,0.815,0.533,0.016,1,0,0,1,0,0,0,0,0.0,88.0,65.0,45.0,5,1,0.0,0,0,0,0.0,780,0.494,0.918,0.5987,95.6,1,5537,0,15,15,0
111689,56734,76090,744.79,-610.54,1622.09,93.5,0.2015,0.814,0.532,0.017,1,0,0,1,0,0,0,0,0.0,87.9,65.0,45.0,5,1,0.0,0,0,0,0.0,780,0.494,0.890,0.5987,95.6,1,5538,0,15,15,0
111709,56697,76022,469.28,-1233.27,1622.09,93.4,0.2017,0.813,0.529,0.017,1,0,0,1,0,0,0,0,0.0,87.8,65.0,45.0,5,1,0.0,0,0,0,0.0,780,0.494,0.865,0.5987,95.6,1,5539,0,15,15,0
111729,56679,75960,158.42,-1838.97,1622.09,93.4,0.2021,0.812,0.526,0.017,1,0,0,1,0,0,0,0,0.0,87.7,65.0,45.0,5,1,0.0,0,0,0,0.0,780,0.494,0.824,0.5987,95.6,1,5540,0,15,15,0
111749,56675,75936,-158.34,-2419.32,1622.09,93.4,0.2030,0.811,0.521,0.016,1,0,0,1,0,0,0,0,0.0,87.7,65.0,45.0,5,1,0.0,0,0,0,0.0,780,0.494,0.813,0.5987,95.6,1,5541,0,15,15,0
111769,56655,75882,-439.63,-2917.40,1622.09,93.4,0.2044,0.812,0.516,0.015,1,0,0,1,0,0,0,0,0.0,87.8,65.0,45.0,5,1,0.0,0,0,0,0.0,780,0.494,0.884,0.5987,95.6,1,5542,0,15,15,0
111789,56609,75802,-700.06,-3357.39,1622.09,93.5,0.2063,0.814,0.511,0.014,1,0,0,1,0,0,0,0,0.0,88.0,65.0,45.0,5,1,0.0,0,0,0,0.0,780,0.494,0.989,0.5987,95.6,1,5543,0,15,15,0
111809,56613,75739,-985.85,-3787.97,1622.09,93.6,0.2087,0.818,0.506,0.014,1,0,0,1,0,0,0,0,0.0,88.4,65.0,45.0,5,1,0.0,0,0,0,0.0,780,0.494,1.072,0.5987,95.6,1,5544,0,15,15,0
111829,56613,75744,-1232.94,-4195.82,1622.09,93.8,0.2116,0.822,0.502,0.013,1,0,0,1,0,0,0,0,0.0,88.7,65.0,45.0,5,1,0.0,0,0,0,0.0,780,0.494,1.072,0.5987,95.6,1,5545,0,15,15,0
111849,56591,75738,-1418.42,-4502.76,1622.09,94.0,0.2149,0.828,0.499,0.013,1,0,0,1,0,0,0,0,0.0,89.2,65.0,45.0,5,1,0.0,0,0,0,0.0,780,0.494,1.074,0.5987,95.6,1,5546,0,15,15,0
111869,56603,75722,-1558.24,-4682.92,1622.09,94.2,0.2184,0.833,0.496,0.013,1,0,0,1,0,0,0,0,0.0,89.6,65.0,45.0,5,1,0.0,0,0,0,0.0,780,0.494,1.095,0.5987,95.6,1,5547,0,15,15,0
111889,56584,75670,-1667.68,-4762.39,1622.09,94.4,0.2218,0.839,0.494,0.013,1,0,0,1,0,0,0,0,0.0,90.0,65.0,45.0,5,1,0.0,0,0,0,0.0,780,0.494,1.163,0.5987,95.6,1,5548,0,15,15,0
111909,56583,75654,-1747.06,-4813.80,1622.09,94.6,0.2251,0.845,0.493,0.014,1,0,0,1,0,0,0,0,0.0,90.5,65.0,45.0,5,1,0.0,0,0,0,0.0,780,0.494,1.184,0.5987,95.6,1,5549,0,15,15,0
111929,56605,75681,-1787.25,-4799.41,1622.09,94.8,0.2282,0.850,0.492,0.014,1,0,0,1,0,0,0,0,0.0,90.8,65.0,45.0,5,1,0.0,0,0,0,0.0,780,0.494,1.184,0.5987,95.6,1,5550,0,15,15,0
111949,56591,75680,-1777.03,-4699.58,1622.09,94.9,0.2310,0.855,0.492,0.014,1,0,0,1,0,0,0,0,0.0,91.2,65.0,45.0,5,1,0.0,0,0,0,0.0,780,0.494,1.185,0.5987,95.6,1,5551,0,15,15,0
111969,56582,75641,-1731.84,-4532.77,1622.09,95.0,0.2334,0.858,0.493,0.014,1,0,0,1,0,0,0,0,0.0,91.5,65.0,45.0,5,1,0.0,0,0,0,0.0,780,0.494,1.202,0.5987,95.6,1,5552,0,15,15,0
111989,56558,75606,-1679.65,-4370.02,1622.09,95.2,0.2353,0.862,0.493,0.014,1,0,0,1,0,0,0,0,0.0,91.7,65.0,45.0,5,1,0.0,0,0,0,0.0,780,0.512,1.248,0.5987,95.6,1,5553,0,15,15,0
112009,56562,75614,-1653.04,-4224.32,1622.09,95.3,0.2370,0.864,0.494,0.014,1,0,0,1,0,0,0,0,0.0,91.9,65.0,45.0,5,1,0.0,0,0,0,0.0,780,0.512,1.248,0.5987,95.6,1,5554,0,15,15,0
112029,56561,75639,-1627.00,-4062.69,1622.09,95.3,0.2383,0.866,0.494,0.014,1,0,0,1,0,0,0,0,0.0,92.1,65.0,45.0,5,1,0.0,0,0,0,0.0,780,0.512,1.248,0.5987,95.6,1,5555,0,15,15,0
112049,56571,75668,-1587.66,-3841.28,1622.09,95.4,0.2393,0.868,0.495,0.014,1,0,0,1,0,0,0,0,0.0,92.2,65.0,45.0,5,1,0.0,0,0,0,0.0,780,0.512,1.248,0.5987,95.6,1,5556,0,15,15,0
112069,56590,75730,-1516.97,-3547.33,1622.09,95.4,0.2398,0.869,0.496,0.014,1,0,0,1,0,0,0,0,0.0,92.3,65.0,45.0,5,1,0.0,0,0,0,0.0,780,0.512,1.249,0.5987,95.6,1,5557,0,15,15,0
112089,56588,75733,-1398.26,-3144.20,1622.09,95.4,0.2398,0.870,0.497,0.013,1,0,0,1,0,0,0,0,0.0,92.4,65.0,45.0,5,1,0.0,0,0,0,0.0,780,0.512,1.249,0.5987,95.6,1,5558,0,15,15,0
112109,56589,75755,-1261.84,-2716.46,1622.09,95.4,0.2394,0.869,0.498,0.013,1,0,0,1,0,0,0,0,0.0,92.4,65.0,45.0,5,1,0.0,0,0,0,0.0,780,0.512,1.249,0.5987,95.6,1,5559,0,15,15,0
112129,56607,75795,-1125.62,-2280.25,1622.09,95.4,0.2387,0.869,0.498,0.012,1,0,0,1,0,0,0,0,0.0,92.4,65.0,45.0,5,1,0.0,0,0,0,0.0,780,0.512,1.249,0.5987,95.6,1,5560,0,15,15,0
112149,56610,75808,-965.40,-1823.00,1622.09,95.4,0.2376,0.867,0.497,0.012,1,0,0,1,0,0,0,0,0.0,92.3,65.0,45.0,5,1,0.0,0,0,0,0.0,780,0.512,1.249,0.5987,95.6,1,5561,0,15,15,0
112169,56623,75861,-803.52,-1383.43,1622.09,95.3,0.2363,0.865,0.496,0.012,1,0,0,1,0,0,0,0,0.0,92.2,65.0,45.0,5,1,0.0,0,0,0,0.0,780,0.512,1.249,0.5987,95.6,1,5562,0,15,15,0
112189,56624,75894,-632.66,-924.71,1622.09,95.2,0.2348,0.863,0.494,0.011,1,0,0,1,0,0,0,0,0.0,92.0,65.0,45.0,5,1,0.0,0,0,0,0.0,780,0.512,1.249,0.5987,95.6,1,5563,0,15,15,0
112209,56627,75947,-474.52,-466.11,1622.09,95.1,0.2334,0.860,0.491,0.011,1,0,0,1,0,0,0,0,0.0,91.8,65.0,45.0,5,1,0.0,0,0,0,0.0,780,0.512,1.249,0.5987,95.6,1,5564,0,15,15,0
112229,56626,75970,-335.69,7.12,1622.09,95.0,0.2321,0.857,0.487,0.012,1,0,0,1,0,0,0,0,0.0,91.5,65.0,45.0,5,1,0.0,0,0,0,0.0,780,0.512,1.249,0.5987,95.6,1,5565,0,15,15,0
112249,56622,76008,-220.90,453.58,1622.09,94.9,0.2312,0.853,0.481,0.012,1,0,0,1,0,0,0,0,0.0,91.2,65.0,45.0,5,1,0.0,0,0,0,0.0,780,0.512,1.249,0.5987,95.6,1,5566,0,15,15,0
112269,56631,76061,-129.59,876.22,1622.09,94.7,0.2306,0.849,0.474,0.013,1,0,0,1,0,0,0,0,0.0,90.8,65.0,45.0,5,1,0.0,0,0,0,0.0,780,0.512,1.249,0.5987,95.6,1,5567,0,15,15,0
112289,56650,76094,-49.84,1295.76,1622.09,94.6,0.2307,0.845,0.466,0.014,1,0,0,1,0,0,0,0,0.0,90.4,65.0,45.0,5,1,0.0,0,0,0,0.0,780,0.512,1.249,0.5987,95.6,1,5568,0,15,15,0
112309,56656,76155,49.51,1689.67,1622.09,94.4,0.2313,0.841,0.457,0.016,1,0,0,1,0,0,0,0,0.0,90.0,65.0,45.0,5,1,0.0,0,0,0,0.0,780,0.512,1.249,0.5987,95.6,1,5569,0,15,15,0
112329,56696,76189,153.64,2086.28,1622.09,94.3,0.2327,0.837,0.447,0.019,1,0,0,1,0,0,0,0,0.0,89.5,65.0,45.0,5,1,0.0,0,0,0,0.0,780,0.512,1.249,0.5987,95.6,1,5570,0,15,15,0
112349,56695,76228,314.58,2455.95,1635.20,94.2,0.2349,0.835,0.438,0.021,1,0,0,1,0,0,0,0,0.0,89.2,65.0,45.0,5,1,0.0,0,0,0,0.0,780,0.512,1.249,0.5987,95.6,1,5571,0,15,15,0
112369,56708,76240,474.48,2793.35,1702.68,94.2,0.2378,0.833,0.428,0.024,1,0,0,1,0,0,0,0,0.0,88.9,65.0,45.0,5,1,0.0,0,0,0,0.0,780,0.512,1.250,0.5987,95.6,1,5572,0,15,15,0
112389,56703,76252,619.19,3060.87,1756.19,94.2,0.2413,0.834,0.420,0.028,1,0,0,1,0,0,0,0,0.0,88.7,65.0,45.0,5,1,0.0,0,0,0,0.0,780,0.512,1.250,0.5987,95.6,1,5573,0,15,15,0
112409,56689,76249,731.02,3246.44,1793.30,94.3,0.2452,0.836,0.412,0.031,1,0,0,1,0,0,0,0,0.0,88.6,65.0,45.0,5,1,0.0,0,0,0,0.0,780,0.512,1.250,0.5987,95.6,1,5574,0,15,15,0
112429,56684,76272,781.08,3346.94,1813.40,94.4,0.2493,0.839,0.406,0.035,1,0,0,1,0,0,0,0,0.0,88.6,65.0,45.0,5,1,0.0,0,0,0,0.0,780,0.512,1.250,0.5987,95.6,1,5575,0,15,15,0
112449,56678,76283,782.55,3395.19,1823.05,94.5,0.2535,0.843,0.401,0.038,1,0,0,1,0,0,0,0,0.0,88.7,65.0,45.0,5,1,0.0,0,0,0,0.0,780,0.512,1.250,0.5987,95.6,1,5576,0,15,15,0
112469,56656,76252,746.09,3384.30,1823.05,94.6,0.2576,0.847,0.397,0.041,1,0,0,1,0,0,0,0,0.0,88.8,65.0,45.0,5,1,0.0,0,0,0,0.0,780,0.512,1.250,0.5987,95.6,1,5577,0,15,15,0
112489,56652,76269,652.92,3315.80,1823.05,94.8,0.2615,0.851,0.393,0.045,1,0,0,1,0,0,0,0,0.0,88.9,65.0,45.0,5,1,0.0,0,0,0,0.0,780,0.512,1.222,0.5987,95.6,1,5578,0,15,15,0
112509,56668,76291,544.56,3203.09,1823.05,94.9,0.2650,0.855,0.390,0.047,1,0,0,1,0,0,0,0,0.0,89.0,65.0,45.0,5,1,0.0,0,0,0,0.0,780,0.512,1.213,0.5987,95.6,1,5579,0,15,15,0
112529,56676,76321,462.89,3088.49,1823.05,95.0,0.2681,0.858,0.388,0.050,1,0,0,1,0,0,0,0,0.0,89.0,65.0,45.0,5,1,0.0,0,0,0,0.0,780,0.512,1.176,0.5987,95.6,1,5580,0,15,15,0
112549,56705,76358,414.40,3000.91,1823.05,95.1,0.2705,0.860,0.387,0.052,1,0,0,1,0,0,0,0,0.0,89.1,65.0,45.0,5,1,0.0,0,0,0,0.0,780,0.480,1.119,0.5987,95.6,1,5581,0,15,15,0
112569,56743,76379,435.27,2957.88,1823.05,95.2,0.2721,0.862,0.387,0.054,1,0,0,1,0,0,0,0,0.0,89.1,65.0,45.0,5,1,0.0,0,0,0,0.0,780,0.468,1.095,0.5987,95.6,1,5582,0,15,15,0
112589,56764,76421,545.86,2938.19,1823.05,95.2,0.2728,0.863,0.387,0.056,1,0,0,1,0,0,0,0,0.0,89.1,65.0,45.0,5,1,0.0,0,0,0,0.0,780,0.438,1.073,0.5987,95.6,1,5583,0,15,15,0
112609,56780,76461,709.06,2957.79,1823.05,95.2,0.2726,0.864,0.388,0.057,1,0,0,1,0,0,0,0,0.0,89.1,65.0,45.0,5,1,0.0,0,0,0,0.0,780,0.397,1.125,0.5987,95.6,1,5584,0,15,15,0
112629,56802,76493,891.15,3013.89,1823.05,95.2,0.2716,0.864,0.390,0.057,1,0,0,1,0,0,0,0,0.0,89.0,65.0,45.0,5,1,0.0,0,0,0,0.0,780,0.431,1.167,0.5987,95.6,1,5585,0,15,15,0
112649,56818,76497,1084.52,3088.07,1823.05,95.2,0.2699,0.863,0.391,0.058,1,0,0,1,0,0,0,0,0.0,88.9,65.0,45.0,5,1,0.0,0,0,0,0.0,780,0.459,1.172,0.5987,95.6,1,5586,0,15,15,0
112669,56850,76533,1271.42,3131.13,1823.05,95.2,0.2675,0.862,0.392,0.058,1,0,0,1,0,0,0,0,0.0,88.8,65.0,45.0,5,1,0.0,0,0,0,0.0,780,0.515,1.220,0.5987,95.6,1,5587,0,15,15,0
112689,56878,76576,1472.55,3169.91,1801.52,95.1,0.2649,0.860,0.392,0.058,1,0,0,1,0,0,0,0,0.0,88.7,65.0,45.0,5,1,0.0,0,0,0,0.0,780,0.565,1.276,0.5987,95.6,1,5588,0,15,15,0
112709,56925,76619,1684.70,3224.50,1757.83,95.0,0.2623,0.857,0.393,0.057,1,0,0,1,0,0,0,0,0.0,88.5,65.0,45.0,5,1,0.0,0,0,0,0.0,780,0.648,1.332,0.5987,95.6,1,5589,0,15,15,0
112729,56946,76653,1936.93,3299.59,1697.63,94.9,0.2598,0.854,0.394,0.057,1,0,0,1,0,0,0,0,0.0,88.3,65.0,45.0,5,1,0.0,0,0,0,0.0,780,0.685,1.377,0.5987,95.6,1,5590,0,15,15,0
112749,56985,76673,2185.16,3380.60,1641.80,94.8,0.2578,0.851,0.396,0.056,1,0,0,1,0,0,0,0,0.0,88.1,65.0,45.0,5,1,0.0,0,0,0,0.0,780,0.753,1.403,0.5987,95.6,1,5591,0,15,15,0
112769,57008,76678,2441.86,3440.49,1650.86,94.7,0.2562,0.847,0.398,0.055,1,0,0,1,0,0,0,0,0.0,87.9,65.0,45.0,5,1,0.0,0,0,0,0.0,780,0.794,1.409,0.5987,95.6,1,5592,0,15,15,0
112789,57012,76657,2678.88,3443.30,1651.42,94.5,0.2552,0.844,0.401,0.053,1,0,0,1,0,0,0,0,0.0,87.7,65.0,45.0,5,1,0.0,0,0,0,0.0,780,0.801,1.409,0.5987,95.6,1,5593,0,15,15,0
112809,56978,76584,2843.31,3360.81,1651.42,94.4,0.2546,0.840,0.404,0.052,1,0,0,1,0,0,0,0,0.0,87.5,65.0,45.0,5,1,0.0,0,0,0,0.0,780,0.801,1.409,0.5987,95.6,1,5594,0,15,15,0
112829,56933,76421,2868.09,3117.77,1651.42,94.3,0.2543,0.836,0.408,0.050,1,0,0,1,0,0,0,0,0.0,87.4,65.0,45.0,5,1,0.0,0,0,0,0.0,780,0.801,1.408,0.5987,95.6,1,5595,0,15,15,0
112849,56854,76242,2718.98,2588.27,1651.42,94.1,0.2540,0.832,0.410,0.048,1,0,0,1,0,0,0,0,0.0,87.2,65.0,45.0,5,1,0.0,0,0,0,0.0,780,0.801,1.408,0.5987,95.6,1,5596,0,15,15,0
112869,56834,76137,2347.55,1747.18,1651.42,94.0,0.2535,0.827,0.410,0.046,1,0,0,1,0,0,0,0,0.0,87.0,65.0,45.0,5,1,0.0,0,0,0,0.0,780,0.801,1.408,0.5987,95.6,1,5597,0,15,15,0
112889,56793,76007,1877.37,738.53,1651.42,93.8,0.2529,0.822,0.409,0.044,1,0,0,1,0,0,0,0,0.0,86.7,65.0,45.0,5,1,0.0,0,0,0,0.0,780,0.800,1.408,0.5987,95.6,1,5598,0,15,15,0
112909,56721,75852,1339.73,-378.00,1651.42,93.6,0.2526,0.817,0.405,0.043,1,0,0,1,0,0,0,0,0.0,86.4,65.0,45.0,5,1,0.0,0,0,0,0.0,780,0.800,1.408,0.5987,95.6,1,5599,0,15,15,0
112929,56682,75730,706.43,-1584.71,1651.42,93.4,0.2530,0.813,0.399,0.041,1,0,0,1,0,0,0,0,0.0,86.1,65.0,45.0,5,1,0.0,0,0,0,0.0,780,0.800,1.408,0.5987,95.6,1,5600,0,15,15,0
112949,56636,75612,46.13,-2804.35,1651.42,93.3,0.2547,0.810,0.393,0.041,1,0,0,1,0,0,0,0,0.0,85.9,65.0,45.0,5,1,0.0,0,0,0,0.0,780,0.800,1.408,0.5987,95.6,1,5601,0,15,15,0
112969,56595,75539,-615.39,-3985.76,1651.42,93.3,0.2580,0.809,0.387,0.040,1,0,0,1,0,0,0,0,0.0,85.9,65.0,45.0,5,1,0.0,0,0,0,0.0,780,0.800,1.496,0.5987,95.6,1,5602,0,15,15,0
112989,56593,75483,-1251.79,-5040.95,1696.85,93.4,0.2631,0.812,0.382,0.041,1,0,0,1,0,0,0,0,0.0,86.1,65.0,45.0,5,1,0.0,0,0,0,0.0,780,0.795,1.569,0.5987,95.6,1,5603,0,15,15,0
113009,56531,75385,-1779.06,-5918.88,1872.44,93.6,0.2699,0.818,0.379,0.041,1,0,0,1,0,0,0,0,0.0,86.6,65.0,45.0,5,1,0.0,0,0,0,0.0,780,0.848,1.698,0.5987,95.6,1,5604,0,15,15,0
113029,56508,75315,-2282.45,-6672.32,2023.12,93.9,0.2781,0.826,0.378,0.041,1,0,0,1,0,0,0,0,0.0,87.2,65.0,45.0,5,1,0.0,0,0,0,0.0,780,0.889,1.790,0.5987,95.6,1,5605,0,15,15,0
113049,56494,75316,-2724.24,-7293.70,2147.40,94.3,0.2874,0.837,0.379,0.041,1,0,0,1,0,0,0,0,0.0,88.0,65.0,45.0,5,1,0.0,0,0,0,0.0,780,0.913,1.790,0.5987,95.6,1,5606,0,15,15,0
113069,56510,75300,-3051.84,-7700.59,2228.78,94.7,0.2972,0.848,0.381,0.041,1,0,0,1,0,0,0,0,0.0,88.9,65.0,45.0,5,1,0.0,0,0,0,0.0,780,0.913,1.810,0.5987,95.6,1,5607,0,15,15,0
113089,56483,75253,-3282.55,-7905.13,2269.69,95.1,0.3070,0.859,0.384,0.041,1,0,0,1,0,0,0,0,0.0,89.7,65.0,45.0,5,1,0.0,0,0,0,0.0,780,0.933,1.872,0.5987,95.6,1,5608,0,15,15,0
113109,56457,75200,-3429.61,-7982.33,2285.13,95.4,0.3166,0.869,0.388,0.040,1,0,0,1,0,0,0,0,0.0,90.6,65.0,45.0,5,1,0.0,0,0,0,0.0,780,0.979,1.942,0.5987,95.6,1,5609,0,15,15,0
113129,56457,75177,-3536.03,-7987.77,2286.21,95.8,0.3257,0.879,0.393,0.038,1,0,0,1,0,0,0,0,0.0,91.5,65.0,45.0,5,1,0.0,0,0,0,0.0,780,0.979,1.973,0.5987,95.6,1,5610,0,15,15,0
113149,56454,75204,-3576.66,-7881.79,2286.21,96.1,0.3341,0.888,0.397,0.037,1,0,0,1,0,0,0,0,0.0,92.2,65.0,45.0,5,1,0.0,0,0,0,0.0,780,0.984,1.973,0.5987,95.6,1,5611,0,15,15,0
113169,56468,75233,-3550.09,-7659.25,2286.21,96.3,0.3417,0.896,0.401,0.035,1,0,0,1,0,0,0,0,0.0,92.9,65.0,45.0,5,1,0.0,0,0,0,0.0,780,0.984,1.973,0.5987,95.6,1,5612,0,15,15,0
113189,56488,75271,-3445.54,-7302.58,2286.21,96.6,0.3482,0.902,0.406,0.033,1,0,0,1,0,0,0,0,0.0,93.5,65.0,45.0,5,1,0.0,0,0,0,0.0,780,0.984,1.974,0.5987,95.6,1,5613,0,15,15,0
113209,56505,75328,-3254.42,-6814.79,2286.21,96.7,0.3536,0.907,0.409,0.031,1,0,0,1,0,0,0,0,0.0,94.1,65.0,45.0,5,1,0.0,0,0,0,0.0,780,0.984,1.974,0.5987,95.6,1,5614,0,15,15,0
113229,56519,75335,-2992.94,-6194.61,2286.21,96.9,0.3578,0.910,0.412,0.029,1,0,0,1,0,0,0,0,0.0,94.5,65.0,45.0,5,1,0.0,0,0,0,0.0,780,0.984,1.974,0.5987,95.6,1,5615,0,15,15,0
113249,56512,75347,-2698.39,-5534.00,2286.21,97.0,0.3610,0.913,0.415,0.026,1,0,0,1,0,0,0,0,0.0,94.9,65.0,45.0,5,1,0.0,0,0,0,0.0,780,0.984,1.975,0.5987,95.6,1,5616,0,15,15,0
113269,56520,75337,-2393.32,-4888.73,2286.21,97.0,0.3632,0.915,0.417,0.025,1,0,0,1,0,0,0,0,0.0,95.1,65.0,45.0,5,1,0.0,0,0,0,0.0,780,0.984,1.975,0.5987,95.6,1,5617,0,15,15,0
113289,56518,75350,-2105.60,-4273.89,2286.21,97.1,0.3648,0.916,0.419,0.023,1,0,0,1,0,0,0,0,0.0,95.3,65.0,45.0,5,1,0.0,0,0,0,0.0,780,0.984,1.976,0.5987,95.6,1,5618,0,15,15,0
113309,56536,75394,-1841.00,-3705.93,2286.21,97.1,0.3657,0.917,0.420,0.022,1,0,0,1,0,0,0,0,0.0,95.5,65.0,45.0,5,1,0.0,0,0,0,0.0,780,0.984,1.976,0.5987,95.6,1,5619,0,15,15,0
113329,56563,75453,-1575.36,-3134.02,2286.21,97.1,0.3663,0.917,0.421,0.021,1,0,0,1,0,0,0,0,0.0,95.6,65.0,45.0,5,1,0.0,0,0,0,0.0,780,0.984,1.976,0.5987,95.6,1,5620,0,15,15,0
113349,56591,75517,-1281.45,-2522.90,2286.21,97.1,0.3664,0.917,0.422,0.020,1,0,0,1,0,0,0,0,0.0,95.6,65.0,45.0,5,1,0.0,0,0,0,0.0,780,0.984,1.977,0.5987,95.6,1,5621,0,15,15,0
113369,56585,75590,-964.17,-1862.91,2286.21,97.1,0.3663,0.917,0.422,0.019,1,0,0,1,0,0,0,0,0.0,95.7,65.0,45.0,5,1,0.0,0,0,0,0.0,780,0.984,1.977,0.5987,95.6,1,5622,0,15,15,0
113389,56608,75671,-660.97,-1151.43,2286.21,97.1,0.3659,0.917,0.422,0.018,1,0,0,1,0,0,0,0,0.0,95.7,65.0,45.0,5,1,0.0,0,0,0,0.0,780,0.985,1.977,0.5987,95.6,1,5623,0,15,15,0
113409,56637,75769,-367.92,-391.06,2286.21,97.1,0.3654,0.916,0.422,0.017,1,0,0,1,0,0,0,0,0.0,95.7,65.0,45.0,5,1,0.0,0,0,0,0.0,780,0.985,1.978,0.5987,95.6,1,5624,0,15,15,0
113429,56633,75823,-70.24,425.42,2286.21,97.0,0.3650,0.916,0.421,0.016,1,0,0,1,0,0,0,0,0.0,95.7,65.0,45.0,5,1,0.0,0,0,0,0.0,780,0.985,1.978,0.5987,95.6,1,5625,0,15,15,0
113449,56637,75894,196.40,1224.88,2286.21,97.0,0.3646,0.915,0.419,0.015,1,0,0,1,0,0,0,0,0.0,95.7,65.0,45.0,5,1,0.0,0,0,0,0.0,780,0.985,1.978,0.5987,95.6,1,5626,0,15,15,0
113469,56654,76001,412.20,1995.05,2286.21,97.0,0.3646,0.913,0.417,0.014,1,0,0,1,0,0,0,0,0.0,95.7,65.0,45.0,5,1,0.0,0,0,0,0.0,780,0.985,1.978,0.5987,95.6,1,5627,0,15,15,0
113489,56686,76095,605.34,2776.09,2286.21,96.9,0.3651,0.912,0.414,0.013,1,0,0,1,0,0,0,0,0.0,95.7,65.0,45.0,5,1,0.0,0,0,0,0.0,780,0.985,1.978,0.5987,95.6,1,5628,0,15,15,0
113509,56713,76161,815.81,3556.93,2308.94,96.9,0.3664,0.911,0.410,0.013,1,0,0,1,0,0,0,0,0.0,95.6,65.0,45.0,5,1,0.0,0,0,0,0.0,780,0.985,1.978,0.5987,95.6,1,5629,0,15,15,0
113529,56733,76230,1046.02,4286.85,2454.92,96.8,0.3687,0.909,0.405,0.012,1,0,0,1,0,0,0,0,0.0,95.5,65.0,45.0,5,1,0.0,0,0,0,0.0,780,0.985,1.978,0.5987,95.6,1,5630,0,15,15,0
113549,56768,76290,1278.84,4948.96,2587.34,96.8,0.3719,0.908,0.400,0.012,1,0,0,1,0,0,0,0,0.0,95.4,65.0,45.0,5,1,0.0,0,0,0,0.0,780,0.985,1.978,0.5987,95.6,1,5631,0,15,15,0
113569,56769,76323,1531.60,5526.94,2702.94,96.8,0.3763,0.908,0.395,0.013,1,0,0,1,0,0,0,0,0.0,95.4,65.0,45.0,5,1,0.0,0,0,0,0.0,780,0.985,1.978,0.5987,95.6,1,5632,0,15,15,0
113589,56792,76388,1744.01,5983.56,2794.26,96.8,0.3815,0.909,0.390,0.013,1,0,0,1,0,0,0,0,0.0,95.4,65.0,45.0,5,1,0.0,0,0,0,0.0,780,0.984,1.978,0.5987,95.6,1,5633,0,15,15,0
113609,56802,76404,1935.04,6359.57,2869.47,96.9,0.3875,0.911,0.385,0.014,1,0,0,1,0,0,0,0,0.0,95.5,65.0,45.0,5,1,0.0,0,0,0,0.0,780,0.984,1.978,0.5987,95.6,1,5634,0,15,15,0
113629,56802,76436,2089.85,6612.51,2920.05,97.0,0.3940,0.913,0.382,0.015,1,0,0,1,0,0,0,0,0.0,95.6,65.0,45.0,5,1,0.0,0,0,0,0.0,780,0.984,1.978,0.5987,95.6,1,5635,0,15,15,0
113649,56818,76468,2187.80,6761.53,2949.86,97.1,0.4009,0.916,0.379,0.016,1,0,0,1,0,0,0,0,0.0,95.8,65.0,45.0,5,1,0.0,0,0,0,0.0,780,0.984,1.979,0.5987,95.6,1,5636,0,15,15,0
113669,56837,76493,2256.67,6827.32,2963.02,97.2,0.4079,0.919,0.377,0.018,1,0,0,1,0,0,0,0,0.0,95.9,65.0,45.0,5,1,0.0,0,0,0,0.0,780,0.984,1.979,0.5987,95.6,1,5637,0,15,15,0
113689,56851,76510,2316.46,6819.48,2963.02,97.3,0.4146,0.923,0.376,0.019,1,0,0,1,0,0,0,0,0.0,96.1,65.0,45.0,5,1,0.0,0,0,0,0.0,780,0.984,1.979,0.5987,95.6,1,5638,0,15,15,0
113709,56857,76537,2366.62,6741.02,2963.02,97.4,0.4209,0.926,0.376,0.020,1,0,0,1,0,0,0,0,0.0,96.3,65.0,45.0,5,1,0.0,0,0,0,0.0,780,0.985,1.979,0.5987,95.6,1,5639,0,15,15,0
113729,56892,76522,2392.98,6596.61,2963.02,97.5,0.4266,0.930,0.376,0.020,1,0,0,1,0,0,0,0,0.0,96.5,65.0,45.0,5,1,0.0,0,0,0,0.0,780,0.985,1.979,0.5987,95.6,1,5640,0,15,15,0
113749,56905,76525,2445.20,6386.19,2963.02,97.6,0.4315,0.932,0.378,0.021,1,0,0,1,0,0,0,0,0.0,96.7,65.0,45.0,5,1,0.0,0,0,0,0.0,780,0.985,1.979,0.5987,95.6,1,5641,0,15,15,0
113769,56929,76524,2498.83,6115.22,2963.02,97.7,0.4354,0.935,0.379,0.021,1,0,0,1,0,0,0,0,0.0,96.9,65.0,45.0,5,1,0.0,0,0,0,0.0,780,0.985,1.951,0.5987,95.6,1,5642,0,15,15,0
113789,56918,76526,2542.79,5799.32,2963.02,97.8,0.4384,0.937,0.382,0.021,1,0,0,1,0,0,0,0,0.0,97.0,65.0,45.0,5,1,0.0,0,0,0,0.0,780,0.925,1.855,0.5987,95.6,1,5643,0,15,15,0
113809,56930,76542,2569.53,5453.73,2963.02,97.8,0.4404,0.938,0.384,0.021,1,0,0,1,0,0,0,0,0.0,97.1,65.0,45.0,5,1,0.0,0,0,0,0.0,780,0.845,1.800,0.5987,95.6,1,5644,0,15,15,0
113829,56940,76510,2559.76,5090.24,2963.02,97.8,0.4414,0.939,0.387,0.021,1,0,0,1,0,0,0,0,0.0,97.2,65.0,45.0,5,1,0.0,0,0,0,0.0,780,0.858,1.800,0.5987,95.6,1,5645,0,15,15,0
113849,56907,76476,2508.96,4697.49,2963.02,97.9,0.4414,0.939,0.390,0.020,1,0,0,1,0,0,0,0,0.0,97.3,65.0,45.0,5,1,0.0,0,0,0,0.0,780,0.858,1.799,0.5987,95.6,1,5646,0,15,15,0
113869,56895,76414,2379.88,4254.06,2963.02,97.9,0.4407,0.939,0.392,0.019,1,0,0,1,0,0,0,0,0.0,97.3,65.0,45.0,5,1,0.0,0,0,0,0.0,780,0.858,1.799,0.5987,95.6,1,5647,0,15,15,0
113889,56851,76358,2189.87,3724.72,2963.02,97.8,0.4392,0.938,0.394,0.018,1,0,0,1,0,0,0,0,0.0,97.4,65.0,45.0,5,1,0.0,0,0,0,0.0,780,0.858,1.799,0.5987,95.6,1,5648,0,15,15,0
113909,56842,76307,1898.69,3120.73,2963.02,97.8,0.4371,0.937,0.396,0.017,1,0,0,1,0,0,0,0,0.0,97.4,65.0,45.0,5,1,0.0,0,0,0,0.0,780,0.858,1.799,0.5987,95.6,1,5649,0,15,15,0
113929,56694,75992,1571.01,2470.04,2963.02,97.8,0.4345,0.936,0.397,0.016,1,0,0,1,0,0,0,0,0.0,97.4,65.0,45.0,5,1,0.0,0,0,0,0.0,780,0.857,1.799,0.5987,95.6,1,5650,0,15,15,0
113949,56434,75405,989.99,1440.77,2963.02,97.7,0.4315,0.936,0.398,0.015,1,0,0,1,0,0,0,0,0.0,97.4,65.0,45.0,5,1,0.0,0,0,0,0.0,780,0.893,1.799,0.5987,95.6,1,5651,0,15,15,0
113969,56323,75097,-91.88,-402.75,2963.02,97.7,0.4286,0.935,0.398,0.014,1,0,0,1,0,0,0,0,0.0,97.4,65.0,45.0,5,1,0.0,0,0,0,0.0,780,1.089,1.905,0.5987,95.6,1,5652,0,15,15,0
113989,56257,74936,-1420.12,-2721.55,2963.02,97.7,0.4270,0.935,0.399,0.013,1,0,0,1,0,0,0,0,0.0,97.4,65.0,45.0,5,1,0.0,0,0,0,0.0,780,1.205,2.117,0.5987,95.6,1,5653,0,15,15,0
114009,56162,74770,-2759.79,-5085.36,2963.02,97.7,0.4281,0.935,0.401,0.012,1,0,0,1,0,0,0,0,0.0,97.5,65.0,45.0,5,1,0.0,0,0,0,0.0,780,1.373,2.336,0.5987,95.6,1,5654,0,15,15,0
114029,56098,74636,-4052.63,-7295.41,2963.02,97.8,0.4327,0.936,0.405,0.011,1,0,0,1,0,0,0,0,0.0,97.7,65.0,45.0,5,1,0.0,0,0,0,0.0,780,1.486,2.513,0.5987,95.6,1,5655,0,15,15,0
114049,56042,74518,-5212.46,-9227.80,3211.03,97.8,0.4414,0.938,0.413,0.011,1,0,0,1,0,0,0,0,0.0,97.8,65.0,45.0,5,1,0.0,0,0,0,0.0,780,1.586,2.670,0.5987,95.6,1,5656,0,15,15,0
114069,55954,74375,-6197.36,-10831.59,3531.78,97.9,0.4538,0.940,0.422,0.012,1,0,0,1,0,0,0,0,0.0,98.0,65.0,45.0,5,1,0.0,0,0,0,0.0,780,1.741,2.859,0.5987,95.6,1,5657,0,15,15,0
114089,55863,74237,-7063.76,-12151.53,3795.77,98.0,0.4694,0.943,0.432,0.013,1,0,0,1,0,0,0,0,0.0,98.1,65.0,45.0,5,1,0.0,0,0,0,0.0,780,1.902,3.042,0.5987,95.6,1,5658,0,15,15,0
114109,55789,74108,-7848.14,-13226.60,4010.78,98.1,0.4875,0.946,0.443,0.015,1,0,0,1,0,0,0,0,0.0,98.2,65.0,45.0,5,1,0.0,0,0,0,0.0,780,2.034,3.213,0.5987,95.6,1,5659,0,15,15,0
114129,55746,73993,-8537.81,-14084.44,4182.35,98.2,0.5072,0.949,0.455,0.017,1,0,0,1,0,0,0,0,0.0,98.3,65.0,45.0,5,1,0.0,0,0,0,0.0,780,2.110,3.366,0.5987,95.6,1,5660,0,15,15,0
114149,55694,73901,-9077.38,-14739.18,4313.30,98.3,0.5279,0.952,0.467,0.020,1,0,0,1,0,0,0,0,0.0,98.1,65.0,45.0,5,1,0.0,0,0,0,0.0,780,2.203,3.488,0.5987,95.6,1,5661,0,15,15,0
114169,55659,73828,-9476.35,-15186.97,4402.86,98.4,0.5489,0.954,0.478,0.024,1,0,0,1,0,0,0,0,0.0,97.9,65.0,45.0,5,1,0.0,0,0,0,0.0,780,2.265,3.586,0.5987,95.6,1,5662,0,15,15,0
114189,55614,73779,-9723.24,-15424.58,4450.38,98.5,0.5694,0.956,0.488,0.028,1,0,0,1,0,0,0,0,0.0,97.7,65.0,45.0,5,1,0.0,0,0,0,0.0,780,2.345,3.652,0.5987,95.6,1,5663,0,15,15,0
114209,55606,73726,-9850.28,-15444.67,4454.40,98.5,0.5889,0.958,0.497,0.032,1,0,0,1,0,0,0,0,0.0,97.5,65.0,45.0,5,1,0.0,0,0,0,0.0,780,2.360,3.724,0.5987,95.6,1,5664,0,15,15,0
114229,55596,73703,-9818.37,-15279.50,4454.40,98.6,0.6070,0.960,0.505,0.036,1,0,0,1,0,0,0,0,0.0,97.2,65.0,45.0,5,1,0.0,0,0,0,0.0,780,2.379,3.756,0.5987,95.6,1,5665,0,15,15,0
114249,55571,73661,-9637.67,-14928.19,4454.40,98.7,0.6233,0.962,0.511,0.040,1,0,0,1,0,0,0,0,0.0,96.9,65.0,45.0,5,1,0.0,0,0,0,0.0,780,2.424,3.813,0.5987,95.6,1,5666,0,15,15,0
114269,55563,73621,-9362.02,-14445.03,4454.40,98.7,0.6377,0.963,0.517,0.044,1,0,0,1,0,0,0,0,0.0,96.7,65.0,45.0,5,1,0.0,0,0,0,0.0,780,2.439,3.868,0.5987,95.6,1,5667,0,15,15,0
114289,55544,73567,-8997.72,-13871.46,4454.40,98.7,0.6501,0.964,0.522,0.048,1,0,0,1,0,0,0,0,0.0,96.4,65.0,45.0,5,1,0.0,0,0,0,0.0,780,2.473,3.941,0.5987,95.6,1,5668,0,15,15,0
114309,55546,73553,-8579.06,-13260.33,4454.40,98.8,0.6607,0.965,0.526,0.051,1,0,0,1,0,0,0,0,0.0,96.2,65.0,45.0,5,1,0.0,0,0,0,0.0,780,2.474,3.962,0.5987,95.6,1,5669,0,15,15,0
114329,55561,73573,-8099.87,-12569.00,4454.40,98.8,0.6693,0.966,0.530,0.055,1,0,0,1,0,0,0,0,0.0,96.0,65.0,45.0,5,1,0.0,0,0,0,0.0,780,2.475,3.964,0.5987,95.6,1,5670,0,15,15,0
114349,55560,73621,-7544.52,-11788.61,4454.40,98.8,0.6761,0.967,0.533,0.058,1,0,0,1,0,0,0,0,0.0,95.8,65.0,45.0,5,1,0.0,0,0,0,0.0,780,2.476,3.966,0.5987,95.6,1,5671,0,15,15,0
114369,55615,73706,-6945.94,-10877.23,4454.40,98.9,0.6810,0.968,0.535,0.060,1,0,0,1,0,0,0,0,0.0,95.6,65.0,45.0,5,1,0.0,0,0,0,0.0,780,2.477,3.968,0.5987,95.6,1,5672,0,15,15,0
114389,55683,73824,-6232.05,-9793.88,4454.40,98.9,0.6841,0.968,0.537,0.063,1,0,0,1,0,0,0,0,0.0,95.5,65.0,45.0,5,1,0.0,0,0,0,0.0,780,2.478,3.970,0.5987,95.6,1,5673,0,15,15,0
114409,55732,73915,-5371.16,-8511.37,4454.40,98.9,0.6854,0.968,0.539,0.065,1,0,0,1,0,0,0,0,0.0,95.3,65.0,45.0,5,1,0.0,0,0,0,0.0,780,2.478,3.972,0.5987,95.6,1,5674,0,15,15,0
114429,55819,74065,-4414.52,-7096.29,4454.40,98.9,0.6853,0.969,0.540,0.066,1,0,0,1,0,0,0,0,0.0,95.2,65.0,45.0,5,1,0.0,0,0,0,0.0,780,2.479,3.974,0.5987,95.6,1,5675,0,15,15,0
114449,55851,74138,-3336.53,-5527.48,4454.40,98.9,0.6840,0.969,0.541,0.068,1,0,0,1,0,0,0,0,0.0,95.1,65.0,45.0,5,1,0.0,0,0,0,0.0,780,2.480,3.975,0.5987,95.6,1,5676,0,15,15,0
114469,55793,74023,-2313.71,-4038.77,4454.40,98.9,0.6820,0.969,0.542,0.069,1,0,0,1,0,0,0,0,0.0,95.1,65.0,45.0,5,1,0.0,0,0,0,0.0,780,2.481,3.978,0.5987,95.6,1,5677,0,15,15,0
114489,55736,73916,-1466.72,-2784.74,4454.40,98.9,0.6798,0.969,0.543,0.070,1,0,0,1,0,0,0,0,0.0,95.0,65.0,45.0,5,1,0.0,0,0,0,0.0,780,2.481,3.980,0.5987,95.6,1,5678,0,15,15,0
114509,55732,73858,-883.09,-1894.09,4454.40,98.9,0.6776,0.969,0.544,0.070,1,0,0,1,0,0,0,0,0.0,95.0,65.0,45.0,5,1,0.0,0,0,0,0.0,780,2.482,3.982,0.5987,95.6,1,5679,0,15,15,0
114529,55692,73796,-467.96,-1306.42,4454.40,98.9,0.6755,0.970,0.545,0.071,1,0,0,1,0,0,0,0,0.0,95.0,65.0,45.0,5,1,0.0,0,0,0,0.0,780,2.483,3.985,0.5987,95.6,1,5680,0,15,15,0
114549,55673,73752,-227.44,-963.10,4454.40,98.9,0.6736,0.970,0.546,0.071,1,0,0,1,0,0,0,0,0.0,94.9,65.0,45.0,5,1,0.0,0,0,0,0.0,780,2.484,3.988,0.5987,95.6,1,5681,0,15,15,0
114569,55632,73693,-101.94,-782.46,4454.40,99.0,0.6716,0.970,0.548,0.071,1,0,0,1,0,0,0,0,0.0,94.9,65.0,45.0,5,1,0.0,0,0,0,0.0,780,2.485,3.990,0.5987,95.6,1,5682,0,15,15,0
114589,55630,73684,-91.52,-729.29,4454.40,99.0,0.6697,0.970,0.549,0.071,1,0,0,1,0,0,0,0,0.0,94.9,65.0,45.0,5,1,0.0,0,0,0,0.0,780,2.486,3.993,0.5987,95.6,1,5683,0,15,15,0
114609,55642,73723,-104.21,-689.81,4454.40,99.0,0.6677,0.970,0.550,0.071,1,0,0,1,0,0,0,0,0.0,95.0,65.0,45.0,5,1,0.0,0,0,0,0.0,780,2.487,3.996,0.5987,95.6,1,5684,0,15,15,0
114629,55663,73771,-80.76,-574.83,4454.40,99.0,0.6657,0.970,0.551,0.071,1,0,0,1,0,0,0,0,0.0,95.0,65.0,45.0,5,1,0.0,0,0,0,0.0,780,2.488,3.999,0.5987,95.6,1,5685,0,15,15,0
114649,55690,73829,17.45,-335.61,4454.40,99.0,0.6637,0.970,0.552,0.070,1,0,0,1,0,0,0,0,0.0,95.0,65.0,45.0,5,1,0.0,0,0,0,0.0,780,2.489,4.002,0.5987,95.6,1,5686,0,15,15,0
114669,55721,73889,204.99,40.59,4454.40,99.0,0.6618,0.970,0.553,0.070,1,0,0,1,0,0,0,0,0.0,95.0,65.0,45.0,5,1,0.0,0,0,0,0.0,780,2.490,4.005,0.5987,95.6,1,5687,0,15,15,0
114689,55742,73905,479.90,537.65,4454.40,99.0,0.6600,0.970,0.553,0.069,1,0,0,1,0,0,0,0,0.0,95.1,65.0,45.0,5,1,0.0,0,0,0,0.0,780,2.491,4.007,0.5987,95.6,1,5688,0,15,15,0
114709,55740,73863,803.64,1043.64,4454.40,99.0,0.6584,0.970,0.553,0.068,1,0,0,1,0,0,0,0,0.0,95.1,65.0,45.0,5,1,0.0,0,0,0,0.0,780,2.492,4.010,0.5987,95.6,1,5689,0,15,15,0
114729,55733,73856,1115.18,1470.86,4454.40,98.9,0.6570,0.970,0.553,0.068,1,0,0,1,0,0,0,0,0.0,95.2,65.0,45.0,5,1,0.0,0,0,0,0.0,780,2.493,4.013,0.5987,95.6,1,5690,0,15,15,0
114749,55752,73856,1388.28,1817.07,4454.40,98.9,0.6557,0.970,0.553,0.067,1,0,0,1,0,0,0,0,0.0,95.2,65.0,45.0,5,1,0.0,0,0,0,0.0,780,2.494,4.016,0.5987,95.6,1,5691,0,15,15,0
114769,55744,73857,1622.43,2099.37,4454.40,98.9,0.6546,0.970,0.553,0.066,1,0,0,1,0,0,0,0,0.0,95.3,65.0,45.0,5,1,0.0,0,0,0,0.0,780,2.495,4.019,0.5987,95.6,1,5692,0,15,15,0
114789,55770,73879,1827.96,2332.49,4454.40,98.9,0.6537,0.970,0.553,0.064,1,0,0,1,0,0,0,0,0.0,95.4,65.0,45.0,5,1,0.0,0,0,0,0.0,780,2.496,4.022,0.5987,95.6,1,5693,0,15,15,0
114809,55775,73897,2029.37,2556.00,4454.40,98.9,0.6530,0.970,0.552,0.063,1,0,0,1,0,0,0,0,0.0,95.5,65.0,45.0,5,1,0.0,0,0,0,0.0,780,2.497,3.982,0.5987,95.6,1,5694,0,15,15,0
114829,55765,73914,2201.92,2779.30,4454.40,98.9,0.6527,0.970,0.551,0.062,1,0,0,1,0,0,0,0,0.0,95.6,65.0,45.0,5,1,0.0,0,0,0,0.0,780,2.439,3.939,0.5987,95.6,1,5695,0,15,15,0
114849,55776,73952,2346.99,3002.24,4454.40,99.0,0.6530,0.970,0.551,0.060,1,0,0,1,0,0,0,0,0.0,95.7,65.0,45.0,5,1,0.0,0,0,0,0.0,780,2.419,3.858,0.5987,95.6,1,5696,0,15,15,0
114869,55769,73970,2447.27,3251.06,4454.40,99.0,0.6542,0.971,0.550,0.059,1,0,0,1,0,0,0,0,0.0,95.8,65.0,45.0,5,1,0.0,0,0,0,0.0,780,2.341,3.785,0.5987,95.6,1,5697,0,15,15,0
114889,55767,73975,2512.00,3502.05,4454.40,99.0,0.6563,0.972,0.550,0.057,1,0,0,1,0,0,0,0,0.0,95.9,65.0,45.0,5,1,0.0,0,0,0,0.0,780,2.326,3.718,0.5987,95.6,1,5698,0,15,15,0
114909,55774,73983,2549.20,3724.34,4454.40,99.1,0.6590,0.973,0.550,0.055,1,0,0,1,0,0,0,0,0.0,96.0,65.0,45.0,5,1,0.0,0,0,0,0.0,780,2.061,3.295,0.5987,95.6,1,5699,0,15,15,0
114929,55766,73992,2561.81,3911.00,4454.40,99.1,0.6621,0.974,0.550,0.054,1,0,0,1,0,0,0,0,0.0,96.1,65.0,45.0,5,1,0.0,0,0,0,0.0,780,1.596,2.503,0.5987,95.6,1,5700,0,15,15,0
114949,55782,73998,2570.61,4063.44,4454.40,99.1,0.6653,0.976,0.551,0.052,1,0,0,1,0,0,0,0,0.0,96.2,65.0,45.0,5,1,0.0,0,0,0,0.0,780,1.397,2.088,0.5987,95.6,1,5701,0,15,15,0
114969,55783,74000,2585.98,4181.04,4454.40,99.2,0.6685,0.977,0.552,0.051,1,0,0,1,0,0,0,0,0.0,96.4,65.0,45.0,5,1,0.0,0,0,0,0.0,780,1.279,1.871,0.5987,95.6,1,5702,0,15,15,0
114989,55795,74016,2597.73,4261.41,4454.40,99.2,0.6712,0.978,0.554,0.050,1,0,0,1,0,0,0,0,0.0,96.5,65.0,45.0,5,1,0.0,0,0,0,0.0,780,1.109,1.647,0.5987,95.6,1,5703,0,15,15,0
115009,55788,74021,2609.06,4326.93,4454.40,99.3,0.6735,0.979,0.556,0.049,1,0,0,1,0,0,0,0,0.0,96.5,65.0,45.0,5,1,0.0,0,0,0,0.0,780,0.994,1.466,0.5987,95.6,1,5704,0,15,15,0
115029,55786,74015,2611.64,4365.52,4454.40,99.3,0.6751,0.980,0.558,0.048,1,0,0,1,0,0,0,0,0.0,96.6,65.0,45.0,5,1,0.0,0,0,0,0.0,780,0.894,1.306,0.5987,95.6,1,5705,0,15,15,0
115049,55771,74029,2599.25,4382.10,4454.40,99.3,0.6761,0.981,0.560,0.047,1,0,0,1,0,0,0,0,0.0,96.7,65.0,45.0,5,1,0.0,0,0,0,0.0,780,0.736,1.113,0.5987,95.6,1,5706,0,15,15,0
115069,55774,74056,2552.98,4385.22,4454.40,99.4,0.6766,0.982,0.563,0.046,1,0,0,1,0,0,0,0,0.0,96.7,65.0,45.0,5,1,0.0,0,0,0,0.0,780,0.573,0.926,0.5987,95.6,1,5707,0,15,15,0
115089,55775,74085,2492.23,4405.80,4454.40,99.4,0.6767,0.983,0.565,0.045,1,1,0,1,0,0,0,0,0.0,96.8,65.0,45.0,0,1,76.9,0,0,1,0.0,780,0.551,0.792,0.5987,95.6,1,5708,0,15,15,0
115109,55801,74062,2429.07,4423.95,4454.40,99.4,0.6766,0.984,0.567,0.045,1,1,0,1,0,0,0,0,0.0,96.8,65.0,45.0,0,1,76.9,0,0,0,0.0,780,0.551,0.792,0.5987,95.6,1,5709,0,15,15,0
115129,55812,74089,2414.86,4454.49,4454.40,99.4,0.6762,0.984,0.569,0.044,1,1,0,1,0,0,0,0,0.0,96.9,65.0,45.0,9,1,76.9,0,0,0,0.0,780,0.551,0.792,0.5987,95.6,1,5710,0,15,15,0
115149,55821,74107,2435.39,4474.37,4454.40,99.5,0.6757,0.985,0.571,0.044,1,1,0,1,0,0,0,0,0.0,96.9,65.0,45.0,9,1,76.9,0,0,0,0.0,780,0.551,0.792,0.5987,95.6,1,5711,0,15,15,0
115169,55832,74113,2475.45,4494.19,4454.40,99.5,0.6752,0.985,0.572,0.044,1,1,0,1,0,0,0,0,0.0,96.9,65.0,45.0,9,1,76.9,0,0,0,0.0,780,0.551,0.792,0.5987,95.6,1,5712,0,15,15,0
115189,55869,74099,2528.80,4492.52,4454.40,99.5,0.6749,0.985,0.574,0.043,1,1,0,1,0,0,0,0,0.0,97.0,65.0,45.0,9,1,76.9,0,0,0,0.0,780,0.583,0.792,0.5987,95.6,1,5713,0,15,15,0
115209,55857,74106,2615.67,4461.76,4454.40,99.5,0.6747,0.986,0.575,0.043,1,1,0,1,0,0,0,0,0.0,97.0,65.0,45.0,9,1,76.9,0,0,0,0.0,780,0.583,0.792,0.5987,95.6,1,5714,0,15,15,0
115229,55844,74101,2692.15,4397.21,4454.40,99.5,0.6748,0.986,0.577,0.043,1,1,0,1,0,0,0,0,0.0,97.0,65.0,45.0,9,1,76.9,0,0,0,0.0,780,0.583,0.792,0.5987,95.6,1,5715,0,15,15,0
115249,55852,74108,2731.55,4315.71,4454.40,99.5,0.6752,0.986,0.578,0.042,1,1,0,1,0,0,0,0,0.0,97.0,65.0,45.0,9,1,76.9,0,0,0,0.0,780,0.583,0.792,0.5987,95.6,1,5716,0,15,15,0
115269,55856,74107,2736.91,4221.24,4454.40,99.5,0.6758,0.986,0.580,0.042,1,1,0,1,0,0,0,0,0.0,97.0,65.0,45.0,9,1,76.9,0,0,0,0.0,780,0.583,0.791,0.5987,95.6,1,5717,0,15,15,0
115289,55829,74097,2714.03,4116.19,4454.40,99.5,0.6765,0.986,0.581,0.042,1,1,0,1,0,0,0,0,0.0,97.1,65.0,45.0,9,1,76.9,0,0,0,0.0,780,0.579,0.791,0.5987,95.6,1,5718,0,15,15,0
115309,55826,74117,2627.07,4003.50,4454.40,99.5,0.6774,0.987,0.582,0.042,1,1,0,1,0,0,0,0,0.0,97.1,65.0,45.0,9,1,76.9,0,0,0,0.0,780,0.554,0.764,0.5987,95.6,1,5719,0,15,15,0
115329,55824,74138,2508.16,3899.76,4454.40,99.5,0.6783,0.987,0.582,0.041,1,1,0,1,0,0,0,0,0.0,97.1,65.0,45.0,9,1,76.9,0,0,0,0.0,780,0.554,0.699,0.5987,95.6,1,5720,0,15,15,0
115349,55836,74126,2381.38,3809.37,4454.40,99.5,0.6794,0.987,0.583,0.041,1,1,0,1,0,0,0,0,0.0,97.1,65.0,45.0,9,1,76.9,0,0,0,0.0,780,0.455,0.614,0.5987,95.6,1,5721,0,15,15,0
115369,55841,74139,2276.91,3736.56,4454.40,99.5,0.6805,0.987,0.583,0.041,1,1,0,1,0,0,0,0,0.0,97.2,65.0,45.0,9,1,76.9,0,0,0,0.0,780,0.429,0.615,0.5987,95.6,1,5722,0,15,15,0
115389,55846,74155,2195.17,3665.33,4454.40,99.5,0.6816,0.987,0.584,0.040,1,1,0,1,0,0,0,0,0.0,97.2,65.0,45.0,9,1,76.9,0,0,0,0.0,780,0.429,0.637,0.5987,95.6,1,5723,0,15,15,0
115409,55854,74131,2133.39,3587.67,4454.40,99.5,0.6827,0.987,0.584,0.040,1,1,0,1,0,0,0,0,0.0,97.2,65.0,45.0,9,1,76.9,0,0,0,0.0,780,0.428,0.637,0.5987,95.6,1,5724,0,15,15,0
115429,55825,74122,2078.54,3490.43,4454.40,99.5,0.6837,0.987,0.584,0.039,1,1,0,1,0,0,0,0,0.0,97.3,65.0,45.0,9,1,76.9,0,0,0,0.0,780,0.428,0.637,0.5987,95.6,1,5725,0,15,15,0
115449,55847,74104,2026.33,3370.17,4454.40,99.5,0.6845,0.987,0.585,0.038,1,1,0,1,0,0,0,0,0.0,97.3,65.0,45.0,9,1,76.9,0,0,0,0.0,780,0.428,0.637,0.5987,95.6,1,5726,0,15,15,0
115469,55838,74087,1956.46,3217.14,4454.40,99.5,0.6850,0.987,0.585,0.038,1,1,0,1,0,0,0,0,0.0,97.3,65.0,45.0,9,1,76.9,0,0,0,0.0,780,0.428,0.637,0.5987,95.6,1,5727,0,15,15,0
115489,55823,74072,1880.18,3034.63,4454.40,99.6,0.6851,0.987,0.586,0.037,1,1,0,1,0,0,0,0,0.0,97.4,65.0,45.0,9,1,76.9,0,0,0,0.0,780,0.428,0.637,0.5987,95.6,1,5728,0,15,15,0
115509,55836,74070,1799.82,2832.44,4454.40,99.6,0.6848,0.987,0.587,0.037,1,1,0,1,0,0,0,0,0.0,97.4,65.0,45.0,9,1,76.9,0,0,0,0.0,780,0.428,0.637,0.5987,95.6,1,5729,0,15,15,0
115529,55829,74043,1708.24,2636.98,4454.40,99.6,0.6839,0.988,0.588,0.036,1,1,0,1,0,0,0,0,0.0,97.5,65.0,45.0,9,1,76.9,0,0,0,0.0,780,0.428,0.637,0.5987,95.6,1,5730,0,15,15,0
115549,55820,74032,1617.70,2424.93,4454.40,99.6,0.6824,0.989,0.590,0.036,1,1,0,1,0,0,0,0,0.0,97.5,65.0,45.0,9,1,76.9,0,0,0,0.0,780,0.428,0.636,0.5987,95.6,1,5731,0,15,15,0
115569,55808,74024,1517.12,2213.09,4454.40,99.6,0.6804,0.989,0.592,0.035,1,1,0,1,0,0,0,0,0.0,97.5,65.0,45.0,9,1,76.9,0,0,0,0.0,780,0.428,0.636,0.5987,95.6,1,5732,0,15,15,0
115589,55798,74034,1398.74,2025.19,4454.40,99.6,0.6779,0.990,0.595,0.035,1,1,0,1,0,0,0,0,0.0,97.6,65.0,45.0,9,1,76.9,0,0,0,0.0,780,0.407,0.584,0.5987,95.6,1,5733,0,15,15,0
115609,55803,74024,1275.84,1857.75,4454.40,99.7,0.6749,0.991,0.597,0.035,1,1,0,1,0,0,0,0,0.0,97.6,65.0,45.0,9,1,76.9,0,0,0,0.0,780,0.369,0.519,0.5987,95.6,1,5734,0,15,15,0
115629,55786,74021,1155.50,1718.74,4454.40,99.7,0.6716,0.992,0.600,0.035,1,1,0,1,0,0,0,0,0.0,97.6,65.0,45.0,9,1,76.9,0,0,0,0.0,780,0.321,0.440,0.5987,95.6,1,5735,0,15,15,0
115649,55799,74024,1052.25,1608.23,4454.40,99.7,0.6680,0.993,0.603,0.035,1,1,0,1,0,0,0,0,0.0,97.6,65.0,45.0,9,1,76.9,0,0,0,0.0,780,0.265,0.404,0.5987,95.6,1,5736,0,15,15,0
115669,55805,74025,968.43,1522.82,4452.83,99.8,0.6643,0.994,0.606,0.035,1,1,0,1,0,0,0,0,0.0,97.6,65.0,45.0,9,1,76.9,0,0,0,0.0,780,0.244,0.404,0.5987,95.6,1,5737,0,15,15,0
115689,55798,74033,902.78,1459.37,4437.14,99.8,0.6605,0.995,0.609,0.036,1,1,0,1,0,0,0,0,0.0,97.6,65.0,45.0,9,1,76.9,0,0,0,0.0,780,0.244,0.404,0.5987,95.6,1,5738,0,15,15,0
115709,55799,74024,852.57,1412.33,4408.26,99.8,0.6567,0.996,0.612,0.036,1,1,0,1,0,0,0,0,0.0,97.6,65.0,45.0,9,1,76.9,0,0,0,0.0,780,0.244,0.404,0.5987,95.6,1,5739,0,15,15,0
115729,55791,74010,812.90,1375.84,4366.17,99.9,0.6529,0.996,0.615,0.036,1,1,0,1,0,0,0,0,0.0,97.5,65.0,45.0,9,1,76.9,0,0,0,0.0,780,0.224,0.404,0.5987,95.6,1,5740,0,15,15,0
115749,55797,74020,780.48,1341.94,4311.98,99.9,0.6494,0.997,0.618,0.037,1,2,1,0,0,0,0,0,0.0,97.5,65.0,45.0,0,1,76.9,0,0,1,0.0,780,0.224,0.402,0.5987,95.6,1,5741,0,15,15,0
115769,55789,74010,743.88,1298.81,862.75,99.9,0.6460,0.998,0.620,0.037,1,2,1,0,0,0,0,0,0.0,97.5,65.0,45.0,0,1,76.9,0,0,0,0.0,780,0.186,0.373,0.5987,95.6,1,5742,0,15,15,0
115789,55784,74019,706.67,1269.54,870.66,99.9,0.6430,0.998,0.621,0.038,1,2,1,0,0,0,0,0,0.0,97.4,65.0,45.0,0,1,76.9,0,0,0,0.0,780,0.186,0.348,0.5987,95.6,1,5743,0,15,15,0
115809,55796,74008,674.33,1236.60,879.55,99.9,0.6402,0.998,0.623,0.038,1,2,1,0,0,0,0,0,0.0,97.4,65.0,45.0,0,1,76.9,0,0,0,0.0,780,0.186,0.325,0.5987,95.6,1,5744,0,15,15,0
115829,55788,74019,646.73,1218.47,884.45,99.9,0.6378,0.998,0.623,0.039,1,2,1,0,0,0,0,0,0.0,97.4,65.0,45.0,0,1,76.9,0,0,0,0.0,780,0.185,0.274,0.5987,95.6,1,5745,0,15,15,0
115849,55792,74009,632.44,1194.12,891.02,99.9,0.6356,0.998,0.624,0.039,1,2,1,0,0,0,0,0,0.0,97.4,65.0,45.0,0,1,76.9,0,0,0,0.0,780,0.185,0.250,0.5987,95.6,1,5746,0,15,15,0
115869,55784,74007,618.31,1169.83,897.58,99.9,0.6338,0.998,0.624,0.039,1,2,1,0,0,0,0,0,0.0,97.4,65.0,45.0,0,1,76.9,0,0,0,0.0,780,0.185,0.243,0.5987,95.6,1,5747,0,15,15,0
115889,55795,74006,613.72,1145.40,904.17,99.9,0.6324,0.998,0.625,0.039,1,2,1,0,0,0,0,0,0.0,97.4,65.0,45.0,0,1,76.9,0,0,0,0.0,780,0.185,0.232,0.5987,95.6,1,5748,0,15,15,0
115909,55795,74000,619.14,1122.23,910.43,99.9,0.6314,0.998,0.625,0.039,1,2,1,0,0,0,0,0,0.0,97.4,65.0,45.0,0,1,76.9,0,0,0,0.0,780,0.185,0.220,0.5987,95.6,1,5749,0,15,15,0
115929,55795,74009,627.63,1102.11,915.86,99.9,0.6308,0.998,0.625,0.039,1,2,1,0,0,0,0,0,0.0,97.4,65.0,45.0,0,1,76.9,0,0,0,0.0,780,0.176,0.212,0.5987,95.6,1,5750,0,15,15,0
115949,55795,74022,635.71,1089.50,919.27,99.9,0.6307,0.998,0.624,0.038,1,2,1,0,0,0,0,0,0.0,97.4,65.0,45.0,0,1,76.9,0,0,0,0.0,780,0.176,0.209,0.5987,95.6,1,5751,0,15,15,0
115969,55792,74016,641.85,1090.57,918.82,99.9,0.6310,0.998,0.624,0.038,1,2,1,0,0,0,0,0,0.0,97.4,65.0,45.0,0,1,76.9,0,0,0,0.0,780,0.176,0.209,0.5987,95.6,1,5752,0,15,15,0
115989,55793,74020,641.87,1101.44,910.51,99.9,0.6311,0.998,0.624,0.038,1,2,1,0,0,0,0,0,0.0,97.5,65.0,45.0,0,1,76.9,0,0,0,0.0,780,0.176,0.209,0.5987,95.6,1,5753,0,15,15,0
116009,55796,74029,638.55,1113.25,893.08,99.9,0.6301,0.998,0.625,0.037,1,2,1,0,0,0,0,0,0.0,97.5,65.0,45.0,0,1,76.9,0,0,0,0.0,780,0.176,0.209,0.5987,95.6,1,5754,0,15,15,0
116029,55795,74018,637.13,1121.97,871.08,99.9,0.6272,0.998,0.625,0.036,1,2,1,0,0,0,0,0,0.0,97.6,65.0,45.0,0,1,76.9,0,0,0,0.0,780,0.176,0.209,0.5987,95.6,1,5755,0,15,15,0
116049,55793,74033,635.69,1138.60,845.57,99.9,0.6218,0.998,0.627,0.036,1,2,1,0,0,0,0,0,0.0,97.6,65.0,45.0,0,1,76.9,0,0,0,0.0,780,0.170,0.209,0.5987,95.6,1,5756,0,15,15,0
116069,55800,74021,633.36,1142.55,817.21,99.9,0.6138,0.998,0.628,0.035,1,2,1,0,0,0,0,0,0.0,97.6,65.0,45.0,0,1,76.9,0,0,0,0.0,780,0.168,0.209,0.5987,95.6,1,5757,0,15,15,0
116089,55804,74017,639.03,1138.20,786.78,99.9,0.6030,0.999,0.630,0.035,1,2,1,0,1,0,0,0,0.0,97.6,65.0,45.0,6,1,76.9,0,0,0,0.0,780,0.152,0.209,0.5987,95.6,1,5758,0,15,15,0
116109,55803,74032,651.28,1128.43,758.77,99.9,0.5895,0.999,0.631,0.035,1,2,1,0,0,0,0,0,0.0,97.7,65.0,45.0,0,1,76.9,0,0,0,0.0,780,0.152,0.209,0.5987,95.6,1,5759,0,15,15,0
116129,55808,74004,664.65,1109.56,734.36,99.9,0.5732,0.999,0.633,0.034,1,2,1,0,0,0,0,0,0.0,97.7,65.0,45.0,0,1,76.9,0,0,0,0.0,780,0.152,0.209,0.5987,95.6,1,5760,0,15,15,0
116149,55793,73977,672.84,1069.03,720.23,99.9,0.5544,0.998,0.634,0.034,1,2,1,0,0,0,0,0,0.0,97.7,65.0,45.0,0,1,76.9,0,0,0,0.0,780,0.152,0.240,0.5987,95.6,1,5761,0,15,15,0
116169,55789,73953,657.32,985.78,723.48,99.9,0.5332,0.998,0.635,0.034,1,2,1,0,0,0,0,0,0.0,97.7,65.0,45.0,0,1,76.9,0,0,0,0.0,780,0.152,0.273,0.5987,95.6,1,5762,0,15,15,0
116189,55782,73945,625.18,862.45,735.81,99.9,0.5098,0.998,0.635,0.034,1,2,1,0,0,0,0,0,0.0,97.7,65.0,45.0,0,1,76.9,0,0,0,0.0,780,0.134,0.284,0.5987,95.6,1,5763,0,15,15,0
116209,55777,73928,576.47,729.34,745.49,99.9,0.4847,0.998,0.635,0.033,1,2,1,0,0,0,0,0,0.0,97.8,65.0,45.0,0,1,76.9,0,0,0,0.0,780,0.142,0.307,0.5987,95.6,1,5764,0,15,15,0
116229,55787,73927,526.95,588.92,750.94,99.9,0.4583,0.998,0.634,0.033,1,2,1,0,0,0,0,0,0.0,97.8,65.0,45.0,0,1,76.9,0,0,0,0.0,780,0.142,0.308,0.5987,95.6,1,5765,0,15,15,0
116249,55769,73915,474.35,466.75,742.60,99.9,0.4309,0.997,0.632,0.032,1,2,1,0,0,0,0,0,0.0,97.8,65.0,45.0,0,1,76.9,0,0,0,0.0,780,0.156,0.324,0.5987,95.6,1,5766,0,15,15,0
116269,55763,73925,413.13,370.25,719.38,99.9,0.4029,0.997,0.629,0.031,1,2,1,0,0,0,0,0,0.0,97.9,65.0,45.0,0,1,76.9,0,0,0,0.0,780,0.163,0.324,0.5987,95.6,1,5767,0,15,15,0
116289,55767,73931,353.90,302.24,683.16,99.9,0.3747,0.997,0.626,0.030,1,2,1,0,0,0,0,0,0.0,98.0,65.0,45.0,0,1,76.9,0,0,0,0.0,780,0.163,0.324,0.5987,95.6,1,5768,0,15,15,0
116309,55755,73943,297.53,268.57,639.47,99.9,0.3461,0.996,0.622,0.029,1,2,1,0,0,0,0,0,0.0,98.0,65.0,45.0,0,1,76.9,0,0,0,0.0,780,0.177,0.324,0.5987,95.6,1,5769,0,15,15,0
116329,55758,73924,242.60,258.47,584.95,99.8,0.3175,0.996,0.618,0.027,1,2,1,0,0,0,0,0,0.0,98.1,65.0,45.0,0,1,76.9,0,0,0,0.0,780,0.177,0.324,0.5987,95.6,1,5770,0,15,15,0
116349,55755,73928,192.51,259.93,527.75,99.8,0.2892,0.995,0.613,0.026,1,2,1,0,0,0,0,0,0.0,98.2,65.0,45.0,0,1,76.9,0,0,0,0.0,780,0.177,0.324,0.5987,95.6,1,5771,0,15,15,0
116369,55759,73916,159.41,264.92,477.01,99.8,0.2617,0.994,0.607,0.024,1,2,1,0,0,0,0,0,0.0,98.3,65.0,45.0,0,1,76.9,0,0,0,0.0,780,0.177,0.324,0.5987,95.6,1,5772,0,15,15,0
116389,55753,73898,134.97,264.00,431.81,99.7,0.2361,0.993,0.600,0.023,1,2,1,0,0,0,0,0,0.0,98.4,65.0,45.0,0,1,76.9,0,0,0,0.0,780,0.181,0.315,0.5987,95.6,1,5773,0,15,15,0
116409,55742,73889,116.57,240.34,399.17,99.7,0.2134,0.991,0.592,0.022,1,2,1,0,0,0,0,0,0.0,98.4,65.0,45.0,0,1,76.9,0,0,0,0.0,780,0.188,0.315,0.5987,95.6,1,5774,0,15,15,0
116429,55738,73890,85.85,204.53,379.00,99.6,0.1948,0.989,0.585,0.022,1,2,1,0,0,0,0,0,0.0,98.4,65.0,45.0,0,1,76.9,0,0,0,0.0,780,0.195,0.291,0.5987,95.6,1,5775,0,15,15,0
116449,55728,73859,50.36,172.71,364.53,99.6,0.1811,0.988,0.581,0.022,1,2,1,0,0,0,0,0,0.0,98.4,65.0,45.0,0,1,76.9,0,0,0,0.0,780,0.197,0.308,0.5987,95.6,1,5776,0,15,15,0
116469,55710,73874,3.18,131.72,358.47,99.5,0.1720,0.986,0.581,0.023,1,2,1,0,0,0,0,0,0.0,98.3,65.0,45.0,0,1,76.9,0,0,0,0.0,780,0.226,0.288,0.5987,95.6,1,5777,0,15,15,0
116489,55703,73898,-71.01,98.76,354.66,99.5,0.1665,0.985,0.583,0.023,1,2,1,0,0,0,0,0,0.0,98.3,65.0,45.0,0,1,76.9,0,0,0,0.0,780,0.238,0.285,0.5987,95.6,1,5778,0,15,15,0
116509,55711,73890,-140.54,102.12,344.81,99.5,0.1631,0.984,0.587,0.023,1,2,1,0,0,0,0,0,0.0,98.3,65.0,45.0,0,1,76.9,0,0,0,0.0,780,0.226,0.249,0.5987,95.6,1,5779,0,15,15,0
116529,55716,73892,-190.71,128.40,335.66,99.4,0.1608,0.984,0.592,0.022,1,2,1,0,0,0,0,0,0.0,98.3,65.0,45.0,0,1,76.9,0,0,0,0.0,780,0.210,0.237,0.5987,95.6,1,5780,0,15,15,0
116549,55727,73897,-210.52,165.70,324.01,99.4,0.1591,0.983,0.597,0.021,1,2,1,0,0,0,0,0,0.0,98.4,65.0,45.0,0,1,76.9,0,0,0,0.0,780,0.188,0.237,0.5987,95.6,1,5781,0,15,15,0
116569,55725,73898,-192.47,214.06,316.11,99.4,0.1577,0.983,0.603,0.020,1,2,1,0,0,0,0,0,0.0,98.5,65.0,45.0,0,1,76.9,0,0,0,0.0,780,0.188,0.237,0.5987,95.6,1,5782,0,15,15,0
116589,55755,73903,-152.16,265.81,307.22,99.4,0.1563,0.983,0.609,0.019,1,2,1,0,0,0,0,0,0.0,98.6,65.0,45.0,0,1,76.9,0,0,0,0.0,780,0.188,0.235,0.5987,95.6,1,5783,0,15,15,0
116609,55777,73882,-51.82,315.37,302.32,99.4,0.1549,0.983,0.614,0.018,1,2,1,0,0,0,0,0,0.0,98.6,65.0,45.0,0,1,76.9,0,0,0,0.0,780,0.188,0.235,0.5987,95.6,1,5784,0,15,15,0
116629,55769,73894,88.23,354.71,295.75,99.4,0.1536,0.983,0.618,0.017,1,2,1,0,0,0,0,0,0.0,98.7,65.0,45.0,0,1,76.9,0,0,0,0.0,780,0.188,0.235,0.5987,95.6,1,5785,0,15,15,0
116649,55746,73888,226.63,378.88,289.19,99.4,0.1527,0.983,0.620,0.017,1,2,1,0,0,0,0,0,0.0,98.7,65.0,45.0,0,1,76.9,0,0,0,0.0,780,0.188,0.235,0.5987,95.6,1,5786,0,15,15,0
116669,55758,73892,325.18,401.69,282.59,99.4,0.1523,0.983,0.621,0.017,1,2,1,0,0,0,0,0,0.0,98.7,65.0,45.0,0,1,76.9,0,0,0,0.0,780,0.188,0.235,0.5987,95.6,1,5787,0,15,15,0
116689,55743,73893,371.46,423.13,281.82,99.4,0.1524,0.983,0.622,0.017,1,2,1,0,0,0,0,0,0.0,98.7,65.0,45.0,0,1,76.9,0,0,0,0.0,780,0.188,0.235,0.5987,95.6,1,5788,0,15,15,0
116709,55737,73893,384.24,444.50,281.82,99.4,0.1529,0.983,0.622,0.017,1,2,1,0,0,0,0,0,0.0,98.7,65.0,45.0,0,1,76.9,0,0,0,0.0,780,0.188,0.235,0.5987,95.6,1,5789,0,15,15,0
116729,55737,73896,370.44,464.67,281.82,99.4,0.1536,0.984,0.622,0.016,1,2,1,0,0,0,0,0,0.0,98.7,65.0,45.0,0,1,76.9,0,0,0,0.0,780,0.188,0.235,0.5987,95.6,1,5790,0,15,15,0
116749,55716,73883,347.96,483.09,281.82,99.4,0.1543,0.984,0.621,0.016,1,2,1,0,0,0,0,0,0.0,98.8,65.0,45.0,0,1,76.9,0,0,0,0.0,780,0.188,0.235,0.5987,95.6,1,5791,0,15,15,0
116769,55724,73895,301.62,502.30,281.82,99.5,0.1550,0.985,0.621,0.016,1,2,1,0,0,0,0,0,0.0,98.8,65.0,45.0,0,1,76.9,0,0,0,0.0,780,0.188,0.235,0.5987,95.6,1,5792,0,15,15,0
116789,55758,73886,253.13,507.69,281.82,99.5,0.1556,0.986,0.621,0.015,1,2,1,0,0,0,0,0,0.0,98.8,65.0,45.0,0,1,76.9,0,0,0,0.0,780,0.188,0.235,0.5987,95.6,1,5793,0,15,15,0
116809,55755,73888,269.13,510.51,281.82,99.5,0.1562,0.987,0.620,0.015,1,2,1,0,0,0,0,0,0.0,98.9,65.0,45.0,0,1,76.9,0,0,0,0.0,780,0.188,0.235,0.5987,95.6,1,5794,0,15,15,0
116829,55750,73910,309.80,512.84,281.82,99.6,0.1566,0.988,0.618,0.015,1,2,1,0,0,0,0,0,0.0,98.9,65.0,45.0,0,1,76.9,0,0,0,0.0,780,0.188,0.235,0.5987,95.6,1,5795,0,15,15,0
116849,55766,73895,354.86,525.18,281.82,99.6,0.1568,0.989,0.616,0.014,1,2,1,0,0,0,0,0,0.0,99.0,65.0,45.0,0,1,76.9,0,0,0,0.0,780,0.188,0.235,0.5987,95.6,1,5796,0,15,15,0
116869,55774,73890,415.11,540.40,280.65,99.7,0.1568,0.990,0.613,0.013,1,2,1,0,0,0,0,0,0.0,99.0,65.0,45.0,0,1,76.9,0,0,0,0.0,780,0.188,0.235,0.5987,95.6,1,5797,0,15,15,0
116889,55753,73864,471.81,548.00,278.01,99.7,0.1565,0.991,0.609,0.012,1,2,1,0,0,0,0,0,0.0,99.1,65.0,45.0,0,1,76.9,0,0,0,0.0,780,0.188,0.235,0.5987,95.6,1,5798,0,15,15,0
116909,55751,73863,493.28,515.52,272.92,99.7,0.1558,0.991,0.606,0.012,1,2,1,0,1,0,820,0,0.0,99.1,65.0,45.0,6,1,76.9,0,0,0,0.0,780,0.188,0.235,0.5987,95.6,1,5799,0,15,15,0
116929,55746,73844,491.87,470.71,261.97,99.7,0.1549,0.991,0.603,0.011,1,2,1,0,0,0,0,0,0.0,99.2,65.0,45.0,0,1,76.9,0,0,0,0.0,780,0.188,0.256,0.5987,95.6,1,5800,0,15,15,0
116949,55758,73843,479.63,402.04,239.49,99.7,0.1538,0.990,0.601,0.011,1,2,1,0,0,0,0,0,0.0,99.2,65.0,45.0,0,1,76.9,0,0,0,0.0,780,0.188,0.257,0.5987,95.6,1,5801,0,15,15,0
116969,55726,73829,453.92,333.99,206.20,99.6,0.1524,0.990,0.598,0.011,1,2,1,0,0,0,0,0,0.0,99.2,65.0,45.0,0,1,76.9,0,0,0,0.0,780,0.188,0.276,0.5987,95.6,1,5802,0,15,15,0
116989,55731,73825,397.43,258.99,170.26,99.6,0.1509,0.989,0.597,0.011,1,2,1,0,0,0,0,0,0.0,99.2,65.0,45.0,0,1,76.9,0,0,0,0.0,780,0.188,0.281,0.5987,95.6,1,5803,0,15,15,0
117009,55717,73809,326.62,189.58,132.34,99.6,0.1491,0.989,0.595,0.011,1,2,1,0,0,0,0,0,0.0,99.1,65.0,45.0,0,1,76.9,0,0,0,0.0,780,0.188,0.303,0.5987,95.6,1,5804,0,15,15,0
117029,55724,73814,256.51,120.94,121.29,99.6,0.1473,0.988,0.594,0.011,1,2,1,0,0,0,0,0,0.0,99.1,65.0,45.0,0,1,76.9,0,0,0,0.0,780,0.188,0.303,0.5987,95.6,1,5805,0,15,15,0
117049,55718,73797,186.35,60.01,131.76,99.6,0.1453,0.988,0.594,0.012,1,2,1,0,0,0,0,0,0.0,99.1,65.0,45.0,0,1,76.9,0,0,0,0.0,780,0.188,0.318,0.5987,95.6,1,5806,0,15,15,0
117069,55718,73816,127.58,22.91,141.77,99.6,0.1431,0.987,0.594,0.012,1,2,1,0,0,0,0,0,0.0,99.1,65.0,45.0,0,1,76.9,0,0,0,0.0,780,0.188,0.318,0.5987,95.6,1,5807,0,15,15,0
117089,55720,73804,83.68,-7.81,150.07,99.6,0.1408,0.987,0.596,0.012,1,2,1,0,0,0,0,0,0.0,99.1,65.0,45.0,0,1,76.9,0,0,0,0.0,780,0.188,0.318,0.5987,95.6,1,5808,0,15,15,0
117109,55725,73814,57.97,-12.14,151.24,99.6,0.1383,0.987,0.599,0.012,1,2,1,0,0,0,0,0,0.0,99.1,65.0,45.0,0,1,76.9,0,0,0,0.0,780,0.188,0.280,0.5987,95.6,1,5809,0,15,15,0
117129,55714,73801,45.63,-13.59,151.63,99.6,0.1356,0.988,0.604,0.011,1,2,1,0,0,0,0,0,0.0,99.1,65.0,45.0,0,1,76.9,0,0,0,0.0,780,0.161,0.244,0.5987,95.6,1,5810,0,15,15,0
117149,55727,73806,52.04,-5.47,151.63,99.6,0.1325,0.988,0.609,0.010,1,2,1,0,0,0,0,0,0.0,99.2,65.0,45.0,0,1,76.9,0,0,0,0.0,780,0.154,0.211,0.5987,95.6,1,5811,0,15,15,0
117169,55714,73796,47.05,3.70,151.63,99.6,0.1292,0.988,0.614,0.010,1,2,1,0,0,0,0,0,0.0,99.2,65.0,45.0,0,1,76.9,0,0,0,0.0,780,0.151,0.202,0.5987,95.6,1,5812,0,15,15,0
117189,55706,73782,40.41,10.22,151.63,99.6,0.1256,0.988,0.619,0.010,1,2,1,0,0,0,0,0,0.0,99.2,65.0,45.0,0,1,76.9,0,0,0,0.0,780,0.151,0.218,0.5987,95.6,1,5813,0,15,15,0
117209,55701,73776,21.65,0.41,151.63,99.6,0.1219,0.988,0.622,0.010,1,2,1,0,0,0,0,0,0.0,99.2,65.0,45.0,0,1,76.9,0,0,0,0.0,780,0.154,0.226,0.5987,95.6,1,5814,0,15,15,0
117229,55706,73785,3.25,-9.31,151.63,99.5,0.1180,0.987,0.624,0.011,1,2,1,0,0,0,0,0,0.0,99.2,65.0,45.0,0,1,76.9,0,0,0,0.0,780,0.136,0.226,0.5987,95.6,1,5815,0,15,15,0
117249,55717,73767,-9.60,-20.51,153.50,99.5,0.1141,0.986,0.623,0.011,1,2,1,0,0,0,0,0,0.0,99.1,65.0,45.0,0,1,76.9,0,0,0,0.0,780,0.136,0.238,0.5987,95.6,1,5816,0,15,15,0
117269,55711,73785,-6.29,-12.66,153.50,99.5,0.1102,0.985,0.621,0.011,1,2,1,0,0,0,0,0,0.0,99.1,65.0,45.0,0,1,76.9,0,0,0,0.0,780,0.136,0.238,0.5987,95.6,1,5817,0,15,15,0
117289,55710,73789,5.85,7.15,153.50,99.4,0.1062,0.984,0.616,0.011,1,2,1,0,0,0,0,0,0.0,99.1,65.0,45.0,0,1,76.9,0,0,0,0.0,780,0.136,0.238,0.5987,95.6,1,5818,0,15,15,0
117309,55713,73779,22.39,34.07,153.50,99.4,0.1023,0.983,0.612,0.011,1,2,1,0,0,0,0,0,0.0,99.1,65.0,45.0,0,1,76.9,0,0,0,0.0,780,0.136,0.218,0.5987,95.6,1,5819,0,15,15,0
117329,55709,73787,38.88,67.57,153.50,99.4,0.0983,0.982,0.609,0.010,1,2,1,0,0,0,0,0,0.0,99.1,65.0,45.0,0,1,76.9,0,0,0,0.0,780,0.136,0.218,0.5987,95.6,1,5820,0,15,15,0
117349,55702,73785,53.34,100.56,153.50,99.3,0.0942,0.980,0.608,0.009,1,2,1,0,0,0,0,0,0.0,99.2,65.0,45.0,0,1,76.9,0,0,0,0.0,780,0.136,0.202,0.5987,95.6,1,5821,0,15,15,0
117369,55710,73786,66.96,134.05,153.50,99.2,0.0900,0.978,0.609,0.009,1,2,1,0,0,0,0,0,0.0,99.2,65.0,45.0,0,1,76.9,0,0,0,0.0,780,0.136,0.194,0.5987,95.6,1,5822,0,15,15,0
117389,55715,73776,82.05,165.26,153.50,99.2,0.0857,0.976,0.611,0.008,1,2,1,0,0,0,0,0,0.0,99.2,65.0,45.0,0,1,76.9,0,0,0,0.0,780,0.136,0.194,0.5987,95.6,1,5823,0,15,15,0
117409,55706,73793,97.31,195.83,153.50,99.1,0.0813,0.974,0.615,0.008,1,2,1,0,0,0,0,0,0.0,99.2,65.0,45.0,0,1,76.9,0,0,0,0.0,780,0.136,0.194,0.5987,95.6,1,5824,0,15,15,0
117429,55717,73798,121.25,234.54,153.50,99.0,0.0767,0.972,0.619,0.008,1,2,1,0,0,0,0,0,0.0,99.2,65.0,45.0,0,1,76.9,0,0,0,0.0,780,0.136,0.194,0.5987,95.6,1,5825,0,15,15,0
117449,55711,73801,139.19,280.52,153.50,98.9,0.0722,0.968,0.622,0.008,1,2,1,0,0,0,0,0,0.0,99.1,65.0,45.0,0,1,76.9,0,0,0,0.0,780,0.136,0.194,0.5987,95.6,1,5826,0,15,15,0
117469,55696,73789,153.22,324.91,153.50,98.8,0.0677,0.965,0.626,0.008,1,2,1,0,0,0,0,0,0.0,99.1,65.0,45.0,0,1,76.9,0,0,0,0.0,780,0.145,0.194,0.5987,95.6,1,5827,0,15,15,0
117489,55726,73791,164.62,354.10,153.50,98.6,0.0636,0.960,0.628,0.009,1,2,1,0,0,0,0,0,0.0,99.0,65.0,45.0,0,1,76.9,0,0,0,0.0,780,0.145,0.194,0.5987,95.6,1,5828,0,15,15,0
117509,55730,73800,201.79,374.23,153.50,98.4,0.0598,0.955,0.627,0.009,1,2,1,0,0,0,0,0,0.0,98.9,65.0,45.0,0,1,76.9,0,0,0,0.0,780,0.145,0.194,0.5987,95.6,1,5829,0,15,15,0
117529,55732,73801,251.76,401.39,153.50,98.2,0.0563,0.950,0.624,0.010,1,2,1,0,0,0,0,0,0.0,98.8,65.0,45.0,0,1,76.9,0,0,0,0.0,780,0.145,0.194,0.5987,95.6,1,5830,0,15,15,0
117549,55732,73792,303.12,428.23,153.50,98.0,0.0533,0.944,0.617,0.009,1,2,1,0,0,0,0,0,0.0,98.4,65.0,45.0,0,1,76.9,0,0,0,0.0,780,0.145,0.194,0.5987,95.6,1,5831,0,15,15,0
117569,55712,73771,346.81,440.34,153.50,97.8,0.0508,0.938,0.607,0.009,1,2,1,0,0,0,0,0,0.0,97.9,65.0,45.0,0,1,76.9,0,0,0,0.0,780,0.145,0.194,0.5987,95.6,1,5832,0,15,15,0
117589,55706,73748,342.95,415.84,153.50,96.5,0.0486,0.932,0.597,0.009,1,2,1,0,1,0,680,0,0.0,97.1,65.0,45.0,6,1,76.9,0,0,0,0.0,780,0.145,0.219,0.5987,95.6,1,5833,0,15,15,0
117609,55709,73742,313.73,348.67,153.50,94.8,0.0469,0.926,0.588,0.010,1,2,1,0,0,0,0,0,0.0,96.2,65.0,45.0,0,1,76.9,0,0,0,0.0,780,0.140,0.228,0.5987,95.6,1,5834,0,15,15,0
117629,55702,73722,272.19,266.97,153.50,93.4,0.0455,0.920,0.579,0.011,1,2,1,0,0,0,0,0,0.0,95.3,65.0,45.0,0,1,76.9,0,0,0,0.0,780,0.140,0.255,0.5987,95.6,1,5835,0,15,15,0
117649,55711,73719,236.88,165.65,153.50,92.2,0.0443,0.914,0.572,0.013,1,2,1,0,0,0,0,0,0.0,94.4,65.0,45.0,0,1,76.9,0,0,0,0.0,780,0.140,0.259,0.5987,95.6,1,5836,0,15,15,0
117669,55708,73739,207.36,74.35,153.50,91.2,0.0433,0.908,0.565,0.015,1,2,1,0,0,0,0,0,0.0,93.5,65.0,45.0,0,1,76.9,0,0,0,0.0,780,0.140,0.259,0.5987,95.6,1,5837,0,15,15,0
117689,55711,73742,190.20,28.12,144.73,90.3,0.0425,0.902,0.559,0.018,1,2,1,0,0,0,0,0,0.0,92.7,65.0,45.0,0,1,76.9,0,0,0,0.0,780,0.140,0.259,0.5987,95.6,1,5838,0,15,15,0
117709,55708,73758,175.33,15.48,132.63,89.5,0.0417,0.896,0.555,0.020,1,2,1,0,0,0,0,0,0.0,91.9,65.0,45.0,0,1,76.9,0,0,0,0.0,780,0.140,0.259,0.5987,95.6,1,5839,0,15,15,0
117729,55698,73764,163.93,44.94,124.43,88.6,0.0409,0.891,0.552,0.022,1,2,1,0,0,0,0,0,0.0,91.2,65.0,45.0,0,1,76.9,0,0,0,0.0,780,0.140,0.259,0.5987,95.6,1,5840,0,15,15,0
117749,55702,73749,145.03,91.15,124.43,87.8,0.0401,0.887,0.551,0.025,1,2,1,0,0,0,0,0,0.0,90.5,65.0,45.0,0,1,76.9,0,0,0,0.0,780,0.140,0.259,0.5987,95.6,1,5841,0,15,15,0
117769,55704,73760,126.48,143.60,124.43,87.0,0.0393,0.883,0.552,0.026,1,2,1,0,0,0,0,0,0.0,89.9,65.0,45.0,0,1,76.9,0,0,0,0.0,780,0.140,0.259,0.5987,95.6,1,5842,0,15,15,0
117789,55695,73768,111.60,193.78,124.43,86.2,0.0384,0.880,0.555,0.028,1,2,1,0,0,0,0,0,0.0,89.3,65.0,45.0,0,1,76.9,0,0,0,0.0,780,0.142,0.259,0.5987,95.6,1,5843,0,15,15,0
117809,55714,73749,104.99,238.04,124.43,85.4,0.0376,0.877,0.559,0.029,1,2,1,0,0,0,0,0,0.0,88.8,65.0,45.0,0,1,76.9,0,0,0,0.0,780,0.142,0.259,0.5987,95.6,1,5844,0,15,15,0
117829,55694,73732,87.07,259.99,124.43,84.6,0.0367,0.874,0.564,0.029,1,2,1,0,0,0,0,0,0.0,88.4,65.0,45.0,0,1,76.9,0,0,0,0.0,780,0.144,0.239,0.5987,95.6,1,5845,0,15,15,0
117849,55688,73727,66.48,247.73,124.43,83.8,0.0359,0.871,0.570,0.029,1,2,1,0,1,0,260,0,0.0,88.0,65.0,45.0,2,1,76.9,0,0,0,0.0,780,0.154,0.232,0.5987,95.6,1,5846,0,15,15,0
117869,55670,73735,38.11,225.22,124.43,83.0,0.0351,0.868,0.578,0.028,1,2,1,0,0,0,0,0,0.0,87.6,65.0,45.0,0,1,76.9,0,0,0,0.0,780,0.158,0.197,0.5987,95.6,1,5847,0,15,15,0
117889,55669,73739,-20.80,208.10,124.43,82.2,0.0343,0.864,0.585,0.027,1,2,1,0,0,0,0,0,0.0,87.2,65.0,45.0,0,1,76.9,0,0,0,0.0,780,0.160,0.195,0.5987,95.6,1,5848,0,15,15,0
117909,55659,73737,-83.02,200.66,124.43,81.3,0.0335,0.858,0.593,0.025,1,2,1,0,0,0,0,0,0.0,86.6,65.0,45.0,0,1,76.9,0,0,0,0.0,780,0.178,0.169,0.5987,95.6,1,5849,0,15,15,0
117929,55665,73767,-141.91,203.24,124.43,80.3,0.0327,0.850,0.601,0.023,1,2,1,0,0,0,0,0,0.0,85.9,65.0,45.0,0,1,76.9,0,0,0,0.0,780,0.178,0.168,0.5987,95.6,1,5850,0,15,15,0
117949,55662,73734,-192.80,208.87,124.43,79.2,0.0319,0.838,0.608,0.023,1,2,1,0,0,0,0,0,0.0,84.8,65.0,45.0,0,1,76.9,0,0,0,0.0,780,0.131,0.149,0.5987,95.6,1,5851,0,15,15,0
117969,55686,73759,-223.42,247.53,124.43,78.0,0.0310,0.822,0.615,0.022,1,2,1,0,0,0,0,0,0.0,83.4,65.0,45.0,0,1,76.9,0,0,0,0.0,780,0.131,0.144,0.5987,95.6,1,5852,0,15,15,0
117989,55685,73780,-200.13,295.47,124.43,76.6,0.0301,0.804,0.620,0.022,1,2,1,0,0,0,0,0,0.0,81.8,65.0,45.0,0,1,76.9,0,0,0,0.0,780,0.131,0.131,0.5987,95.6,1,5853,0,15,15,0
118009,55695,73754,-152.51,341.14,124.43,75.1,0.0290,0.786,0.624,0.023,1,2,1,0,0,0,0,0,0.0,80.1,65.0,45.0,0,1,76.9,0,0,0,0.0,780,0.131,0.131,0.5987,95.6,1,5854,0,15,15,0
118029,55709,73762,-81.93,383.83,124.43,73.5,0.0279,0.769,0.628,0.024,1,2,1,0,0,0,0,0,0.0,78.4,65.0,45.0,0,1,76.9,0,0,0,0.0,780,0.131,0.131,0.5987,95.6,1,5855,0,15,15,0
118049,55714,73773,16.16,419.07,122.31,71.9,0.0267,0.753,0.633,0.024,1,2,1,0,0,0,0,0,0.0,76.8,65.0,45.0,0,1,76.9,0,0,0,0.0,780,0.131,0.131,0.5987,95.6,1,5856,0,15,15,0
118069,55719,73774,121.97,461.01,122.54,70.3,0.0254,0.739,0.640,0.026,1,2,1,0,0,0,0,0,0.0,75.3,65.0,45.0,0,1,76.9,0,0,0,0.0,780,0.131,0.129,0.5987,95.6,1,5857,0,15,15,0
118089,55724,73780,225.20,500.02,130.83,68.7,0.0240,0.725,0.648,0.027,1,2,1,0,0,0,0,0,0.0,73.8,65.0,45.0,0,1,76.9,0,0,0,0.0,780,0.131,0.129,0.5987,95.6,1,5858,0,15,15,0
118109,55722,73765,317.34,530.75,139.12,67.1,0.0227,0.710,0.658,0.029,1,2,1,0,0,0,0,0,0.0,72.2,65.0,45.0,0,1,76.9,0,0,0,0.0,780,0.131,0.118,0.5987,95.6,1,5859,0,15,15,0
118129,55708,73768,390.09,543.54,142.58,65.4,0.0213,0.694,0.670,0.031,1,2,1,0,0,0,0,0,0.0,70.4,65.0,45.0,0,1,76.9,0,0,0,0.0,780,0.131,0.118,0.5987,95.6,1,5860,0,15,15,0
118149,55691,73776,416.38,545.25,143.04,63.6,0.0200,0.675,0.680,0.034,1,2,1,0,0,0,0,0,0.0,68.5,65.0,45.0,0,1,76.9,0,0,0,0.0,780,0.131,0.111,0.5987,95.6,1,5861,0,15,15,0
118169,55695,73787,393.66,551.37,144.69,62.0,0.0189,0.655,0.681,0.037,1,2,1,0,0,0,0,0,0.0,66.4,65.0,45.0,0,1,76.9,0,0,0,0.0,780,0.131,0.111,0.5987,95.6,1,5862,0,15,15,0
118189,55702,73789,352.34,571.54,149.97,60.7,0.0182,0.634,0.669,0.039,1,2,1,0,0,0,0,0,0.0,64.5,65.0,45.0,0,1,76.9,0,0,0,0.0,780,0.131,0.111,0.5987,95.6,1,5863,0,15,15,0
118209,55699,73788,315.26,593.38,122.78,59.8,0.0179,0.616,0.647,0.040,1,2,1,0,0,0,0,0,0.0,63.0,65.0,45.0,0,1,76.9,0,0,0,0.0,780,0.131,0.111,0.5987,95.6,1,5864,0,15,15,0
118229,55727,73791,289.55,611.30,126.36,59.4,0.0179,0.603,0.622,0.038,1,2,1,0,0,0,0,0,0.0,62.2,65.0,45.0,0,1,76.9,0,0,0,0.0,780,0.131,0.111,0.5987,95.6,1,5865,0,15,15,0
118249,55718,73779,300.56,620.56,128.21,59.4,0.0181,0.599,0.602,0.036,1,2,1,0,0,0,0,0,0.0,62.0,65.0,45.0,0,1,76.9,0,0,0,0.0,780,0.131,0.111,0.5987,95.6,1,5866,0,15,15,0
118269,55719,73775,325.32,609.20,128.21,59.8,0.0184,0.603,0.593,0.034,1,2,1,0,0,0,0,0,0.0,62.5,65.0,45.0,0,1,76.9,0,0,0,0.0,780,0.131,0.111,0.5987,95.6,1,5867,0,15,15,0
118289,55724,73769,350.31,582.40,128.21,60.3,0.0187,0.611,0.593,0.033,1,2,1,0,0,0,0,0,0.0,63.2,65.0,45.0,0,1,76.9,0,0,0,0.0,780,0.131,0.111,0.5987,95.6,1,5868,0,15,15,0
118309,55721,73743,373.36,541.97,128.21,60.7,0.0188,0.619,0.598,0.032,1,2,1,0,0,0,0,0,0.0,64.0,65.0,45.0,0,1,76.9,0,0,0,0.0,780,0.131,0.111,0.5987,95.6,1,5869,0,15,15,0
118329,55708,73741,389.92,463.16,128.21,61.0,0.0189,0.625,0.605,0.031,1,2,1,0,0,0,0,0,0.0,64.6,65.0,45.0,0,1,76.9,0,0,0,0.0,780,0.131,0.111,0.5987,95.6,1,5870,0,15,15,0
118349,55712,73728,382.30,375.73,128.21,61.0,0.0190,0.626,0.609,0.029,1,2,1,0,0,0,0,0,0.0,64.8,65.0,45.0,0,1,76.9,0,0,0,0.0,780,0.131,0.111,0.5987,95.6,1,5871,0,15,15,0
118369,55702,73728,356.14,278.55,128.21,60.9,0.0190,0.622,0.609,0.027,1,2,1,0,0,0,0,0,0.0,64.6,65.0,45.0,0,1,76.9,0,0,0,0.0,780,0.131,0.111,0.5987,95.6,1,5872,0,15,15,0
118389,55694,73725,313.02,191.63,128.21,60.7,0.0190,0.616,0.604,0.025,1,2,1,0,0,0,0,0,0.0,64.2,65.0,45.0,0,1,76.9,0,0,0,0.0,780,0.131,0.111,0.5987,95.6,1,5873,0,15,15,0
118409,55696,73720,256.49,118.21,128.21,60.5,0.0190,0.608,0.595,0.024,1,2,1,0,0,0,0,0,0.0,63.7,65.0,45.0,0,1,76.9,0,0,0,0.0,780,0.131,0.111,0.5987,95.6,1,5874,0,15,15,0
118429,55693,73714,197.86,55.53,128.21,60.3,0.0192,0.601,0.584,0.024,1,2,1,0,0,0,0,0,0.0,63.2,65.0,45.0,0,1,76.9,0,0,0,0.0,780,0.131,0.118,0.5987,95.6,1,5875,0,15,15,0
118449,55686,73719,144.47,7.02,128.21,60.3,0.0193,0.595,0.573,0.025,1,2,1,0,0,0,0,0,0.0,62.8,65.0,45.0,0,1,76.9,0,0,0,0.0,780,0.131,0.118,0.5987,95.6,1,5876,0,15,15,0
118469,55679,73721,87.92,-26.16,129.34,60.3,0.0195,0.592,0.562,0.026,1,2,1,0,0,0,0,0,0.0,62.5,65.0,45.0,0,1,76.9,0,0,0,0.0,780,0.131,0.118,0.5987,95.6,1,5877,0,15,15,0
118489,55685,73723,36.91,-42.71,132.65,60.4,0.0197,0.590,0.552,0.028,1,2,1,0,0,0,0,0,0.0,62.2,65.0,45.0,0,1,76.9,0,0,0,0.0,780,0.131,0.118,0.5987,95.6,1,5878,0,15,15,0
118509,55679,73724,-14.60,-44.41,132.99,60.6,0.0199,0.591,0.543,0.030,1,2,1,0,0,0,0,0,0.0,62.2,65.0,45.0,0,1,76.9,0,0,0,0.0,780,0.131,0.118,0.5987,95.6,1,5879,0,15,15,0
118529,55688,73726,-46.35,-35.58,132.99,61.0,0.0201,0.597,0.536,0.033,1,2,1,0,0,0,0,0,0.0,62.6,65.0,45.0,0,1,76.9,0,0,0,0.0,780,0.131,0.106,0.5987,95.6,1,5880,0,15,15,0
118549,55688,73718,-58.26,-21.00,132.99,61.5,0.0202,0.608,0.533,0.036,1,2,1,0,0,0,0,0,0.0,63.3,65.0,45.0,0,1,76.9,0,0,0,0.0,780,0.122,0.104,0.5987,95.6,1,5881,0,15,15,0
118569,55687,73734,-58.66,-0.85,132.99,62.1,0.0204,0.623,0.535,0.038,1,2,1,0,0,0,0,0,0.0,64.3,65.0,45.0,0,1,76.9,0,0,0,0.0,780,0.122,0.104,0.5987,95.6,1,5882,0,15,15,0
118589,55696,73731,-52.65,27.95,132.99,62.8,0.0206,0.639,0.540,0.039,1,2,1,0,0,0,0,0,0.0,65.5,65.0,45.0,0,1,76.9,0,0,0,0.0,780,0.122,0.104,0.5987,95.6,1,5883,0,15,15,0
118609,55687,73731,-45.14,58.12,132.99,63.4,0.0207,0.653,0.548,0.040,1,2,1,0,0,0,0,0,0.0,66.5,65.0,45.0,0,1,76.9,0,0,0,0.0,780,0.122,0.104,0.5987,95.6,1,5884,0,15,15,0
118629,55692,73736,-27.37,86.18,132.99,63.7,0.0207,0.659,0.556,0.040,1,2,1,0,0,0,0,0,0.0,67.1,65.0,45.0,0,1,76.9,0,0,0,0.0,780,0.122,0.104,0.5987,95.6,1,5885,0,15,15,0
118649,55681,73739,-15.91,117.69,132.99,63.7,0.0207,0.661,0.560,0.039,1,2,1,0,0,0,0,0,0.0,67.2,65.0,45.0,0,1,76.9,0,0,0,0.0,780,0.122,0.104,0.5987,95.6,1,5886,0,15,15,0
118669,55694,73735,1.78,147.12,132.99,63.7,0.0207,0.660,0.560,0.038,1,2,1,0,0,0,0,0,0.0,67.2,65.0,45.0,0,1,76.9,0,0,0,0.0,780,0.122,0.104,0.5987,95.6,1,5887,0,15,15,0
118689,55693,73741,22.30,176.39,132.99,63.6,0.0206,0.658,0.558,0.038,1,2,1,0,0,0,0,0,0.0,67.1,65.0,45.0,0,1,76.9,0,0,0,0.0,780,0.122,0.104,0.5987,95.6,1,5888,0,15,15,0
118709,55685,73738,41.81,200.43,132.99,63.4,0.0206,0.654,0.554,0.037,1,2,1,0,0,0,0,0,0.0,66.8,65.0,45.0,0,1,76.9,0,0,0,0.0,780,0.122,0.104,0.5987,95.6,1,5889,0,15,15,0
118729,55684,73752,43.96,223.25,132.99,63.1,0.0205,0.649,0.550,0.037,1,2,1,0,0,0,0,0,0.0,66.4,65.0,45.0,0,1,76.9,0,0,0,0.0,780,0.122,0.104,0.5987,95.6,1,5890,0,15,15,0
118749,55684,73747,37.55,250.57,132.99,62.8,0.0203,0.643,0.546,0.037,1,2,1,0,0,0,0,0,0.0,65.9,65.0,45.0,0,1,76.9,0,0,0,0.0,780,0.122,0.104,0.5987,95.6,1,5891,0,15,15,0
118769,55694,73756,29.35,282.34,132.99,62.4,0.0202,0.636,0.545,0.037,1,2,1,0,0,0,0,0,0.0,65.4,65.0,45.0,0,1,76.9,0,0,0,0.0,780,0.122,0.104,0.5987,95.6,1,5892,0,15,15,0
118789,55684,73751,22.46,309.17,132.99,62.1,0.0200,0.631,0.545,0.037,1,2,1,0,0,0,0,0,0.0,64.9,65.0,45.0,0,1,76.9,0,0,0,0.0,780,0.122,0.104,0.5987,95.6,1,5893,0,15,15,0
118809,55692,73762,32.73,336.01,132.99,61.7,0.0198,0.623,0.542,0.037,1,2,1,0,0,0,0,0,0.0,64.3,65.0,45.0,0,1,76.9,0,0,0,0.0,780,0.122,0.104,0.5987,95.6,1,5894,0,15,15,0
118829,55701,73763,49.20,365.94,132.99,61.2,0.0197,0.613,0.536,0.037,1,2,1,0,0,0,0,0,0.0,63.4,65.0,45.0,0,1,76.9,0,0,0,0.0,780,0.122,0.104,0.5987,95.6,1,5895,0,15,15,0
118849,55701,73770,82.92,392.45,132.99,60.6,0.0195,0.601,0.526,0.037,1,2,1,0,0,0,0,0,0.0,62.4,65.0,45.0,0,1,76.9,0,0,0,0.0,780,0.122,0.104,0.5987,95.6,1,5896,0,15,15,0
118869,55706,73775,118.86,421.41,132.99,60.0,0.0194,0.587,0.511,0.039,1,2,1,0,0,0,0,0,0.0,61.2,65.0,45.0,0,1,76.9,0,0,0,0.0,780,0.122,0.104,0.5987,95.6,1,5897,0,15,15,0
118889,55714,73787,159.42,451.72,132.99,59.4,0.0193,0.571,0.491,0.041,1,2,1,0,0,0,0,0,0.0,59.8,65.0,45.0,0,1,76.9,0,0,0,0.0,780,0.122,0.104,0.5987,95.6,1,5898,0,15,15,0
118909,55710,73769,202.62,475.39,132.99,58.9,0.0192,0.559,0.471,0.045,1,2,1,0,0,0,0,0,0.0,58.6,65.0,45.0,0,1,76.9,0,0,0,0.0,780,0.117,0.104,0.5987,95.6,1,5899,0,15,15,0
118929,55703,73757,239.42,481.50,132.99,58.7,0.0192,0.553,0.455,0.050,1,2,1,0,0,0,0,0,0.0,57.8,65.0,45.0,0,1,76.9,0,0,0,0.0,780,0.117,0.104,0.5987,95.6,1,5900,0,15,15,0
118949,55695,73726,253.81,459.74,132.99,58.7,0.0193,0.553,0.444,0.054,1,2,1,0,1,0,1360,0,0.0,57.5,65.0,45.0,3,1,76.9,0,0,0,0.0,780,0.086,0.104,0.5987,95.6,1,5901,0,15,15,0
118969,55704,73708,255.33,383.80,132.99,59.0,0.0193,0.558,0.439,0.059,1,2,1,0,0,0,0,0,0.0,57.6,65.0,45.0,0,1,76.9,0,0,0,0.0,780,0.086,0.113,0.5987,95.6,1,5902,0,15,15,0
118989,55693,73706,234.99,269.82,132.99,59.2,0.0193,0.565,0.438,0.064,1,2,1,0,0,0,0,0,0.0,57.8,65.0,45.0,0,1,76.9,0,0,0,0.0,780,0.086,0.115,0.5987,95.6,1,5903,0,15,15,0
119009,55676,73678,203.62,153.41,132.99,59.4,0.0193,0.570,0.438,0.067,1,2,1,0,0,0,0,0,0.0,58.0,65.0,45.0,0,1,76.9,0,0,0,0.0,780,0.092,0.153,0.5987,95.6,1,5904,0,15,15,0
119029,55682,73665,150.95,14.32,132.99,59.5,0.0194,0.572,0.436,0.070,1,2,1,0,0,0,0,0,0.0,58.0,65.0,45.0,0,1,76.9,0,0,0,0.0,780,0.092,0.171,0.5987,95.6,1,5905,0,15,15,0
119049,55674,73664,85.70,-130.03,150.12,59.8,0.0197,0.574,0.431,0.073,1,2,1,0,0,0,0,0,0.0,58.0,65.0,45.0,0,1,76.9,0,0,0,0.0,780,0.095,0.172,0.5987,95.6,1,5906,0,15,15,0
119069,55677,73667,26.83,-252.24,174.56,60.2,0.0202,0.575,0.423,0.076,1,2,1,0,0,0,0,0,0.0,58.0,65.0,45.0,0,1,76.9,0,0,0,0.0,780,0.095,0.172,0.5987,95.6,1,5907,0,15,15,0
119089,55678,73666,-20.18,-341.84,192.48,60.9,0.0208,0.577,0.413,0.078,1,2,1,0,0,0,0,0,0.0,58.2,65.0,45.0,0,1,76.9,0,0,0,0.0,780,0.095,0.172,0.5987,95.6,1,5908,0,15,15,0
119109,55670,73681,-54.41,-398.51,203.81,61.7,0.0216,0.582,0.404,0.082,1,2,1,0,0,0,0,0,0.0,58.6,65.0,45.0,0,1,76.9,0,0,0,0.0,780,0.102,0.172,0.5987,95.6,1,5909,0,15,15,0
119129,55668,73697,-89.94,-408.29,205.77,62.7,0.0224,0.591,0.399,0.085,1,2,1,0,0,0,0,0,0.0,59.2,65.0,45.0,0,1,76.9,0,0,0,0.0,780,0.106,0.172,0.5987,95.6,1,5910,0,15,15,0
119149,55674,73710,-119.04,-369.57,205.77,63.6,0.0230,0.603,0.400,0.087,1,2,1,0,1,0,0,0,0.0,60.2,65.0,45.0,6,1,76.9,0,0,0,0.0,780,0.106,0.172,0.5987,95.6,1,5911,0,15,15,0
119169,55689,73720,-131.84,-293.43,205.77,64.4,0.0235,0.615,0.405,0.089,1,2,1,0,0,0,0,0,0.0,61.1,65.0,45.0,0,1,76.9,0,0,0,0.0,780,0.106,0.172,0.5987,95.6,1,5912,0,15,15,0
119189,55678,73688,-126.62,-208.77,205.77,65.0,0.0238,0.624,0.411,0.090,1,2,1,0,0,0,0,0,0.0,61.8,65.0,45.0,0,1,76.9,0,0,0,0.0,780,0.106,0.172,0.5987,95.6,1,5913,0,15,15,0
119209,55675,73691,-112.76,-155.84,205.77,65.4,0.0240,0.631,0.415,0.090,1,2,1,0,0,0,0,0,0.0,62.4,65.0,45.0,0,1,76.9,0,0,0,0.0,780,0.106,0.172,0.5987,95.6,1,5914,0,15,15,0
119229,55679,73690,-95.49,-121.72,205.77,65.6,0.0241,0.635,0.418,0.089,1,2,1,0,0,0,0,0,0.0,62.8,65.0,45.0,0,1,76.9,0,0,0,0.0,780,0.101,0.167,0.5987,95.6,1,5915,0,15,15,0
119249,55662,73671,-83.14,-97.25,205.77,65.8,0.0242,0.638,0.421,0.088,1,2,1,0,0,0,0,0,0.0,63.1,65.0,45.0,0,1,76.9,0,0,0,0.0,780,0.111,0.167,0.5987,95.6,1,5916,0,15,15,0
119269,55652,73676,-96.89,-97.01,205.77,66.0,0.0243,0.642,0.424,0.087,1,2,1,0,0,0,0,0,0.0,63.5,65.0,45.0,0,1,76.9,0,0,0,0.0,780,0.129,0.167,0.5987,95.6,1,5917,0,15,15,0
119289,55651,73670,-135.78,-110.74,205.77,66.3,0.0244,0.647,0.429,0.085,1,2,1,0,0,0,0,0,0.0,64.0,65.0,45.0,0,1,76.9,0,0,0,0.0,780,0.126,0.167,0.5987,95.6,1,5918,0,15,15,0
119309,55656,73681,-176.81,-118.14,205.77,66.6,0.0245,0.653,0.437,0.083,1,2,1,0,0,0,0,0,0.0,64.7,65.0,45.0,0,1,76.9,0,0,0,0.0,780,0.113,0.167,0.5987,95.6,1,5919,0,15,15,0
119329,55644,73706,-211.74,-111.80,205.77,67.0,0.0247,0.660,0.446,0.080,1,2,1,0,0,0,0,0,0.0,65.4,65.0,45.0,0,1,76.9,0,0,0,0.0,780,0.126,0.167,0.5987,95.6,1,5920,0,15,15,0
119349,55640,73694,-248.81,-79.65,205.77,67.3,0.0248,0.664,0.456,0.076,1,2,1,0,0,0,0,0,0.0,66.1,65.0,45.0,0,1,76.9,0,0,0,0.0,780,0.133,0.167,0.5987,95.6,1,5921,0,15,15,0
119369,55646,73693,-277.73,-39.06,205.77,67.4,0.0249,0.666,0.466,0.072,1,2,1,0,0,0,0,0,0.0,66.5,65.0,45.0,0,1,76.9,0,0,0,0.0,780,0.133,0.167,0.5987,95.6,1,5922,0,15,15,0
119389,55658,73695,-291.52,1.27,205.77,67.5,0.0250,0.665,0.476,0.067,1,2,1,0,0,0,0,0,0.0,66.8,65.0,45.0,0,1,76.9,0,0,0,0.0,780,0.133,0.167,0.5987,95.6,1,5923,0,15,15,0
119409,55662,73725,-270.98,38.82,205.77,67.4,0.0251,0.663,0.483,0.062,1,2,1,0,0,0,0,0,0.0,67.0,65.0,45.0,0,1,76.9,0,0,0,0.0,780,0.133,0.167,0.5987,95.6,1,5924,0,15,15,0
119429,55686,73722,-228.35,108.83,205.77,67.3,0.0251,0.659,0.486,0.057,1,2,1,0,0,0,0,0,0.0,67.0,65.0,45.0,0,1,76.9,0,0,0,0.0,780,0.133,0.167,0.5987,95.6,1,5925,0,15,15,0
119449,55681,73706,-144.61,182.45,205.77,67.1,0.0251,0.654,0.487,0.053,1,2,1,0,0,0,0,0,0.0,66.9,65.0,45.0,0,1,76.9,0,0,0,0.0,780,0.133,0.167,0.5987,95.6,1,5926,0,15,15,0
119469,55707,73717,-44.80,239.72,205.77,67.0,0.0250,0.651,0.485,0.049,1,2,1,0,0,0,0,0,0.0,66.8,65.0,45.0,0,1,76.9,0,0,0,0.0,780,0.133,0.167,0.5987,95.6,1,5927,0,15,15,0
119489,55706,73729,85.19,281.30,205.77,66.9,0.0250,0.649,0.485,0.046,1,2,1,0,0,0,0,0,0.0,67.0,65.0,45.0,0,1,76.9,0,0,0,0.0,780,0.133,0.167,0.5987,95.6,1,5928,0,15,15,0
119509,55689,73718,208.42,310.76,205.77,66.8,0.0250,0.649,0.485,0.042,1,2,1,0,0,0,0,0,0.0,67.1,65.0,45.0,0,1,76.9,0,0,0,0.0,780,0.133,0.167,0.5987,95.6,1,5929,0,15,15,0
119529,55701,73725,300.42,339.36,205.77,66.8,0.0249,0.647,0.486,0.039,1,2,1,0,0,0,0,0,0.0,67.2,65.0,45.0,0,1,76.9,0,0,0,0.0,780,0.133,0.167,0.5987,95.6,1,5930,0,15,15,0
119549,55681,73732,342.03,361.72,205.77,66.6,0.0249,0.645,0.487,0.036,1,2,1,0,0,0,0,0,0.0,67.3,65.0,45.0,0,1,76.9,0,0,0,0.0,780,0.133,0.167,0.5987,95.6,1,5931,0,15,15,0
119569,55685,73734,347.29,386.04,205.77,66.5,0.0248,0.644,0.487,0.034,1,2,1,0,0,0,0,0,0.0,67.3,65.0,45.0,0,1,76.9,0,0,0,0.0,780,0.133,0.167,0.5987,95.6,1,5932,0,15,15,0
119589,55674,73736,327.20,408.11,205.77,66.5,0.0248,0.643,0.486,0.031,1,2,1,0,0,0,0,0,0.0,67.4,65.0,45.0,0,1,76.9,0,0,0,0.0,780,0.133,0.167,0.5987,95.6,1,5933,0,15,15,0
119609,55677,73724,290.17,423.48,205.77,66.6,0.0249,0.645,0.486,0.029,1,2,1,0,0,0,0,0,0.0,67.7,65.0,45.0,0,1,76.9,0,0,0,0.0,780,0.133,0.167,0.5987,95.6,1,5934,0,15,15,0
119629,55708,73712,249.84,417.20,205.77,66.8,0.0250,0.649,0.486,0.027,1,2,1,0,1,0,680,0,0.0,68.2,65.0,45.0,6,1,76.9,0,0,0,0.0,780,0.133,0.167,0.5987,95.6,1,5935,0,15,15,0
119649,55685,73705,227.34,383.63,205.77,67.1,0.0250,0.654,0.488,0.025,1,2,1,0,0,0,0,0,0.0,68.7,65.0,45.0,0,1,76.9,0,0,0,0.0,780,0.133,0.167,0.5987,95.6,1,5936,0,15,15,0
119669,55688,73690,219.57,331.79,205.77,67.3,0.0250,0.661,0.493,0.024,1,2,1,0,0,0,0,0,0.0,69.3,65.0,45.0,0,1,76.9,0,0,0,0.0,780,0.133,0.167,0.5987,95.6,1,5937,0,15,15,0
119689,55672,73695,212.06,264.34,205.77,67.5,0.0250,0.667,0.500,0.023,1,2,1,0,0,0,0,0,0.0,69.9,65.0,45.0,0,1,76.9,0,0,0,0.0,780,0.133,0.167,0.5987,95.6,1,5938,0,15,15,0
119709,55681,73683,197.07,192.29,205.77,67.6,0.0249,0.672,0.505,0.023,1,2,1,0,0,0,0,0,0.0,70.3,65.0,45.0,0,1,76.9,0,0,0,0.0,780,0.133,0.167,0.5987,95.6,1,5939,0,15,15,0
119729,55675,73660,169.01,118.67,205.77,67.7,0.0249,0.674,0.507,0.022,1,2,1,0,0,0,0,0,0.0,70.4,65.0,45.0,0,1,76.9,0,0,0,0.0,780,0.133,0.172,0.5987,95.6,1,5940,0,15,15,0
119749,55659,73651,138.87,23.40,205.77,67.6,0.0249,0.673,0.505,0.022,1,2,1,0,0,0,0,0,0.0,70.3,65.0,45.0,0,1,76.9,0,0,0,0.0,780,0.133,0.185,0.5987,95.6,1,5941,0,15,15,0
119769,55678,73658,111.70,-68.29,205.77,67.6,0.0251,0.668,0.499,0.022,1,2,1,0,0,0,0,0,0.0,70.0,65.0,45.0,0,1,76.9,0,0,0,0.0,780,0.133,0.185,0.5987,95.6,1,5942,0,15,15,0
119789,55674,73659,87.52,-142.97,205.77,67.6,0.0253,0.661,0.490,0.020,1,2,1,0,0,0,0,0,0.0,69.7,65.0,45.0,0,1,76.9,0,0,0,0.0,780,0.133,0.185,0.5987,95.6,1,5943,0,15,15,0
119809,55680,73651,75.32,-196.94,205.77,67.5,0.0256,0.654,0.479,0.019,1,2,1,0,0,0,0,0,0.0,69.3,65.0,45.0,0,1,76.9,0,0,0,0.0,780,0.133,0.185,0.5987,95.6,1,5944,0,15,15,0
119829,55679,73658,71.57,-231.26,205.77,67.6,0.0259,0.646,0.467,0.019,1,2,1,0,0,0,0,0,0.0,68.8,65.0,45.0,0,1,76.9,0,0,0,0.0,780,0.133,0.185,0.5987,95.6,1,5945,0,15,15,0
119849,55676,73660,71.72,-248.89,205.77,67.6,0.0263,0.639,0.455,0.019,1,2,1,0,0,0,0,0,0.0,68.2,65.0,45.0,0,1,76.9,0,0,0,0.0,780,0.133,0.185,0.5987,95.6,1,5946,0,15,15,0
119869,55673,73661,67.83,-250.53,205.77,67.6,0.0266,0.632,0.445,0.021,1,2,1,0,0,0,0,0,0.0,67.7,65.0,45.0,0,1,76.9,0,0,0,0.0,780,0.133,0.185,0.5987,95.6,1,5947,0,15,15,0
119889,55656,73667,57.28,-240.19,205.77,67.8,0.0269,0.628,0.436,0.023,1,2,1,0,1,0,740,0,0.0,67.4,65.0,45.0,6,1,76.9,0,0,0,0.0,780,0.126,0.160,0.5987,95.6,1,5948,0,15,15,0
119909,55660,73657,21.66,-222.74,205.77,68.0,0.0272,0.630,0.431,0.025,1,2,1,0,0,0,0,0,0.0,67.4,65.0,45.0,0,1,76.9,0,0,0,0.0,780,0.122,0.144,0.5987,95.6,1,5949,0,15,15,0
119929,55673,73666,-18.45,-194.39,205.77,68.5,0.0274,0.637,0.430,0.027,1,2,1,0,0,0,0,0,0.0,67.9,65.0,45.0,0,1,76.9,0,0,0,0.0,780,0.122,0.115,0.5987,95.6,1,5950,0,15,15,0
119949,55658,73655,-53.62,-174.98,193.57,69.1,0.0276,0.650,0.431,0.028,1,2,1,0,0,0,0,0,0.0,68.8,65.0,45.0,0,1,76.9,0,0,0,0.0,780,0.122,0.115,0.5987,95.6,1,5951,0,15,15,0
119969,55651,73667,-84.09,-146.33,181.98,69.9,0.0278,0.668,0.437,0.029,1,2,1,0,0,0,0,0,0.0,70.2,65.0,45.0,0,1,76.9,0,0,0,0.0,780,0.122,0.115,0.5987,95.6,1,5952,0,15,15,0
119989,55664,73659,-106.65,-124.96,181.98,70.7,0.0279,0.689,0.446,0.030,1,2,1,0,0,0,0,0,0.0,71.8,65.0,45.0,0,1,76.9,0,0,0,0.0,780,0.122,0.115,0.5987,95.6,1,5953,0,15,15,0
120009,55665,73661,-109.88,-104.17,181.98,71.4,0.0279,0.709,0.457,0.029,1,2,1,0,0,0,0,0,0.0,73.4,65.0,45.0,0,1,76.9,0,0,0,0.0,780,0.122,0.115,0.5987,95.6,1,5954,0,15,15,0
120029,55655,73662,-103.03,-84.13,181.98,72.0,0.0279,0.725,0.468,0.028,1,2,1,0,0,0,0,0,0.0,74.8,65.0,45.0,0,1,76.9,0,0,0,0.0,780,0.122,0.115,0.5987,95.6,1,5955,0,15,15,0
120049,55672,73675,-89.57,-63.57,181.98,72.3,0.0279,0.735,0.477,0.026,1,2,1,0,0,0,0,0,0.0,75.7,65.0,45.0,0,1,76.9,0,0,0,0.0,780,0.122,0.115,0.5987,95.6,1,5956,0,15,15,0
120069,55669,73664,-66.48,-40.86,181.98,72.3,0.0277,0.739,0.484,0.024,1,2,1,0,0,0,0,0,0.0,76.0,65.0,45.0,0,1,76.9,0,0,0,0.0,780,0.122,0.115,0.5987,95.6,1,5957,0,15,15,0
120089,55669,73674,-41.58,-4.73,181.98,72.1,0.0275,0.739,0.487,0.023,1,2,1,0,0,0,0,0,0.0,76.0,65.0,45.0,0,1,76.9,0,0,0,0.0,780,0.122,0.115,0.5987,95.6,1,5958,0,15,15,0
120109,55662,73669,-18.53,26.15,181.98,71.7,0.0272,0.734,0.486,0.023,1,2,1,0,0,0,0,0,0.0,75.6,65.0,45.0,0,1,76.9,0,0,0,0.0,780,0.122,0.115,0.5987,95.6,1,5959,0,15,15,0
120129,55680,73675,1.20,58.58,181.98,71.2,0.0269,0.727,0.480,0.022,1,2,1,0,0,0,0,0,0.0,75.0,65.0,45.0,0,1,76.9,0,0,0,0.0,780,0.122,0.115,0.5987,95.6,1,5960,0,15,15,0
120149,55660,73670,4.44,82.26,181.98,70.6,0.0265,0.718,0.472,0.020,1,2,1,0,0,0,0,0,0.0,74.4,65.0,45.0,0,1,76.9,0,0,0,0.0,780,0.122,0.115,0.5987,95.6,1,5961,0,15,15,0
120169,55670,73688,15.90,106.57,181.98,70.0,0.0262,0.709,0.464,0.019,1,2,1,0,0,0,0,0,0.0,73.7,65.0,45.0,0,1,76.9,0,0,0,0.0,780,0.122,0.115,0.5987,95.6,1,5962,0,15,15,0
120189,55671,73687,29.54,144.73,181.98,69.3,0.0258,0.700,0.459,0.019,1,2,1,0,0,0,0,0,0.0,72.9,65.0,45.0,0,1,76.9,0,0,0,0.0,780,0.122,0.115,0.5987,95.6,1,5963,0,15,15,0
120209,55677,73681,44.29,182.94,181.98,68.6,0.0253,0.691,0.456,0.018,1,2,1,0,0,0,0,0,0.0,72.1,65.0,45.0,0,1,76.9,0,0,0,0.0,780,0.122,0.115,0.5987,95.6,1,5964,0,15,15,0
120229,55680,73691,68.60,215.16,181.98,67.9,0.0248,0.683,0.456,0.018,1,2,1,0,0,0,0,0,0.0,71.3,65.0,45.0,0,1,76.9,0,0,0,0.0,780,0.122,0.115,0.5987,95.6,1,5965,0,15,15,0
120249,55685,73692,98.71,245.06,181.98,67.2,0.0243,0.674,0.455,0.018,1,2,1,0,0,0,0,0,0.0,70.5,65.0,45.0,0,1,76.9,0,0,0,0.0,780,0.122,0.115,0.5987,95.6,1,5966,0,15,15,0
120269,55674,73698,126.37,269.96,181.98,66.4,0.0238,0.664,0.451,0.018,1,2,1,0,0,0,0,0,0.0,69.6,65.0,45.0,0,1,76.9,0,0,0,0.0,780,0.122,0.115,0.5987,95.6,1,5967,0,15,15,0
120289,55685,73710,157.52,296.19,181.98,65.6,0.0234,0.653,0.445,0.019,1,2,1,0,0,0,0,0,0.0,68.6,65.0,45.0,0,1,76.9,0,0,0,0.0,780,0.122,0.115,0.5987,95.6,1,5968,0,15,15,0
120309,55674,73724,164.22,334.17,177.96,65.0,0.0230,0.641,0.435,0.019,1,2,1,0,0,0,0,0,0.0,67.6,65.0,45.0,0,1,76.9,0,0,0,0.0,780,0.122,0.115,0.5987,95.6,1,5969,0,15,15,0
120329,55677,73716,164.49,377.60,177.96,64.5,0.0229,0.631,0.421,0.021,1,2,1,0,0,0,0,0,0.0,66.7,65.0,45.0,0,1,76.9,0,0,0,0.0,780,0.122,0.115,0.5987,95.6,1,5970,0,15,15,0
120349,55674,73722,155.51,422.61,177.96,64.4,0.0230,0.625,0.407,0.024,1,2,1,0,0,0,0,0,0.0,66.1,65.0,45.0,0,1,76.9,0,0,0,0.0,780,0.111,0.115,0.5987,95.6,1,5971,0,15,15,0
120369,55676,73688,146.81,450.16,177.96,64.5,0.0232,0.625,0.396,0.027,1,2,1,0,0,0,0,0,0.0,65.9,65.0,45.0,0,1,76.9,0,0,0,0.0,780,0.102,0.115,0.5987,95.6,1,5972,0,15,15,0
120389,55667,73677,134.89,424.13,177.96,64.9,0.0234,0.629,0.389,0.030,1,2,1,0,1,0,760,0,0.0,66.1,65.0,45.0,6,1,78.9,0,1,0,78.9,780,0.102,0.115,0.5987,95.6,1,5973,0,15,15,0
120409,55667,73644,109.70,361.71,177.96,65.2,0.0236,0.635,0.386,0.033,1,2,1,0,0,0,0,0,0.0,66.3,65.0,45.0,0,1,78.9,0,1,0,78.9,780,0.102,0.125,0.5987,95.6,1,5974,0,15,15,0
120429,55673,73626,82.26,245.21,177.96,65.4,0.0236,0.641,0.386,0.036,1,2,1,0,0,0,0,0,0.0,66.6,65.0,45.0,0,1,78.9,0,1,0,78.9,780,0.102,0.149,0.5987,95.6,1,5975,0,15,15,0
120449,55669,73620,61.35,97.54,177.96,65.6,0.0236,0.646,0.388,0.039,1,2,1,0,0,0,0,0,0.0,66.8,65.0,45.0,0,1,78.9,0,1,0,78.9,780,0.102,0.157,0.5987,95.6,1,5976,0,15,15,0
120469,55650,73610,46.05,-49.20,177.96,65.7,0.0236,0.647,0.389,0.040,1,2,1,0,0,0,0,0,0.0,66.8,65.0,45.0,0,1,78.9,0,1,0,78.9,780,0.104,0.171,0.5987,95.6,1,5977,0,15,15,0
120489,55658,73608,15.03,-186.21,177.96,65.7,0.0237,0.645,0.386,0.042,1,2,1,0,0,0,0,0,0.0,66.6,65.0,45.0,0,1,78.9,0,1,0,78.9,780,0.104,0.174,0.5987,95.6,1,5978,0,15,15,0
120509,55643,73621,-32.22,-296.05,177.96,65.9,0.0240,0.644,0.381,0.044,1,2,1,0,0,0,0,0,0.0,66.4,65.0,45.0,0,1,78.9,0,1,0,78.9,780,0.117,0.174,0.5987,95.6,1,5979,0,15,15,0
120529,55644,73628,-89.31,-359.23,177.96,66.2,0.0244,0.645,0.377,0.045,1,2,1,0,0,0,0,0,0.0,66.6,65.0,45.0,0,1,78.9,0,1,0,78.9,780,0.117,0.174,0.5987,95.6,1,5980,0,15,15,0
120549,55661,73652,-140.53,-379.68,177.96,66.8,0.0248,0.652,0.376,0.047,1,2,1,0,0,0,0,0,0.0,67.0,65.0,45.0,0,1,78.9,0,1,0,78.9,780,0.117,0.174,0.5987,95.6,1,5981,0,15,15,0
120569,55654,73644,-161.41,-352.56,177.96,67.4,0.0252,0.659,0.378,0.048,1,2,1,0,1,0,680,0,0.0,67.6,65.0,45.0,6,1,81.1,0,1,0,81.1,780,0.117,0.174,0.5987,95.6,1,5982,0,15,15,0
120589,55644,73645,-164.73,-304.13,177.96,67.9,0.0254,0.666,0.380,0.049,1,2,1,0,0,0,0,0,0.0,68.2,65.0,45.0,0,1,81.1,0,1,0,81.1,780,0.117,0.157,0.5987,95.6,1,5983,0,15,15,0
120609,55648,73654,-169.33,-250.04,177.96,68.2,0.0256,0.673,0.384,0.049,1,2,1,0,0,0,0,0,0.0,68.7,65.0,45.0,0,1,81.1,0,1,0,81.1,780,0.117,0.157,0.5987,95.6,1,5984,0,15,15,0
120629,55643,73660,-178.90,-185.48,177.96,68.5,0.0258,0.677,0.389,0.049,1,2,1,0,0,0,0,0,0.0,69.2,65.0,45.0,0,1,81.1,0,1,0,81.1,780,0.081,0.157,0.5987,95.6,1,5985,0,15,15,0
120649,55656,73649,-179.31,-123.17,177.96,68.7,0.0258,0.680,0.393,0.048,1,2,1,0,0,0,0,0,0.0,69.4,65.0,45.0,0,1,81.1,0,1,0,81.1,0,0.081,0.157,0.5987,95.6,1,5986,0,15,15,0
120669,55639,73637,-182.77,-75.54,177.96,68.7,0.0259,0.681,0.397,0.047,1,2,1,0,0,0,0,0,0.0,69.6,65.0,45.0,0,1,81.1,0,1,0,81.1,0,0.083,0.157,0.5987,95.6,1,5987,0,15,15,0
120689,55638,73618,-191.87,-55.65,177.96,68.7,0.0259,0.681,0.401,0.045,1,2,1,0,0,0,0,0,0.0,69.7,65.0,45.0,0,1,81.1,0,1,0,81.1,0,0.084,0.157,0.5987,95.6,1,5988,0,15,15,0
120709,55623,73617,-201.17,-74.60,177.96,68.7,0.0259,0.681,0.405,0.043,1,2,1,0,0,0,0,0,0.0,69.8,65.0,45.0,0,1,81.1,0,1,0,81.1,0,0.111,0.157,0.5987,95.6,1,5989,0,15,15,0
120729,55636,73624,-210.13,-104.44,177.96,68.7,0.0259,0.682,0.410,0.041,1,2,1,0,0,0,0,0,0.0,70.0,65.0,45.0,0,1,81.1,0,1,0,81.1,0,0.111,0.157,0.5987,95.6,1,5990,0,15,15,0
120749,55614,73640,-238.78,-123.51,177.96,68.8,0.0258,0.683,0.417,0.039,1,2,1,0,0,0,0,0,0.0,70.3,65.0,45.0,0,1,81.1,0,1,0,81.1,0,0.128,0.157,0.5987,95.6,1,5991,0,15,15,0
120769,55614,73649,-284.58,-110.46,177.96,68.7,0.0258,0.683,0.426,0.036,1,2,1,0,0,0,0,0,0.0,70.4,65.0,45.0,0,1,81.1,0,1,0,81.1,0,0.128,0.157,0.5987,95.6,1,5992,0,15,15,0
120789,55629,73645,-326.88,-76.88,177.96,68.6,0.0257,0.681,0.435,0.034,1,2,1,0,0,0,0,0,0.0,70.4,65.0,45.0,0,1,81.1,0,1,0,81.1,0,0.128,0.157,0.5987,95.6,1,5993,0,15,15,0
120809,55635,73654,-329.64,-32.22,177.96,68.2,0.0255,0.675,0.444,0.032,1,2,1,0,0,0,0,0,0.0,70.0,65.0,45.0,0,1,81.1,0,1,0,81.1,0,0.128,0.157,0.5987,95.6,1,5994,0,15,15,0
120829,55632,73648,-306.18,10.60,177.96,67.8,0.0253,0.668,0.450,0.032,1,2,1,0,0,0,0,0,0.0,69.4,65.0,45.0,0,1,81.1,0,1,0,81.1,0,0.128,0.157,0.5987,95.6,1,5995,0,15,15,0
120849,55648,73673,-266.02,55.95,177.96,67.3,0.0251,0.659,0.454,0.031,1,2,1,0,0,0,0,0,0.0,68.7,65.0,45.0,0,1,81.1,0,1,0,81.1,0,0.128,0.157,0.5987,95.6,1,5996,0,15,15,0
120869,55666,73647,-197.40,88.03,177.96,66.8,0.0248,0.651,0.456,0.031,1,2,1,0,0,0,0,0,0.0,68.1,65.0,45.0,0,1,81.1,0,1,0,81.1,0,0.128,0.157,0.5987,95.6,1,5997,0,15,15,0
120889,55676,73653,-91.25,117.43,177.96,66.2,0.0244,0.644,0.456,0.031,1,2,1,0,0,0,0,0,0.0,67.5,65.0,45.0,0,1,81.1,0,1,0,81.1,0,0.128,0.157,0.5987,95.6,1,5998,0,15,15,0
120909,55678,73662,34.76,141.54,177.96,65.7,0.0240,0.638,0.455,0.030,1,2,1,0,0,0,0,0,0.0,66.9,65.0,45.0,0,1,81.1,0,1,0,81.1,0,0.128,0.157,0.5987,95.6,1,5999,0,15,15,0
120929,55664,73672,150.76,172.39,173.61,65.1,0.0236,0.630,0.455,0.030,1,2,1,0,0,0,0,0,0.0,66.2,65.0,45.0,0,1,81.1,0,1,0,81.1,0,0.128,0.157,0.5987,95.6,1,6000,0,15,15,0
120949,55674,73663,241.26,202.38,171.69,64.5,0.0233,0.623,0.455,0.029,1,2,1,0,0,0,0,0,0.0,65.6,65.0,45.0,0,1,81.1,0,1,0,81.1,0,0.128,0.157,0.5987,95.6,1,6001,0,15,15,0
120969,55645,73670,288.08,236.56,171.69,64.2,0.0231,0.618,0.457,0.029,1,2,1,0,0,0,0,0,0.0,65.2,65.0,45.0,0,1,81.1,0,1,0,81.1,0,0.128,0.157,0.5987,95.6,1,6002,0,15,15,0
120989,55645,73677,273.24,266.26,171.69,64.2,0.0231,0.618,0.459,0.029,1,2,1,0,0,0,0,0,0.0,65.2,65.0,45.0,0,1,81.1,0,1,0,81.1,0,0.128,0.157,0.5987,95.6,1,6003,0,15,15,0
121009,55638,73675,233.79,295.23,171.69,64.5,0.0232,0.623,0.461,0.028,1,2,1,0,0,0,0,0,0.0,65.7,65.0,45.0,0,1,81.1,0,1,0,81.1,0,0.128,0.157,0.5987,95.6,1,6004,0,15,15,0
121029,55660,73670,188.80,317.80,171.69,64.9,0.0234,0.631,0.464,0.028,1,2,1,0,0,0,0,0,0.0,66.3,65.0,45.0,0,1,81.1,0,1,0,81.1,0,0.128,0.157,0.5987,95.6,1,6005,0,15,15,0
121049,55664,73680,174.93,332.37,171.69,65.4,0.0236,0.641,0.470,0.028,1,2,1,0,0,0,0,0,0.0,67.2,65.0,45.0,0,1,81.1,0,1,0,81.1,0,0.128,0.157,0.5987,95.6,1,6006,0,15,15,0
121069,55654,73698,174.88,346.23,171.69,65.9,0.0236,0.653,0.480,0.029,1,2,1,0,0,0,0,0,0.0,68.0,65.0,45.0,0,1,81.1,0,1,0,81.1,0,0.128,0.157,0.5987,95.6,1,6007,0,15,15,0
121089,55677,73696,186.89,377.59,171.69,66.2,0.0236,0.665,0.493,0.031,1,2,1,0,0,0,0,0,0.0,68.8,65.0,45.0,0,1,81.1,0,1,0,81.1,0,0.128,0.157,0.5987,95.6,1,6008,0,15,15,0
121109,55683,73694,224.92,408.58,171.69,66.6,0.0234,0.677,0.509,0.033,1,2,1,0,0,0,0,0,0.0,69.6,65.0,45.0,0,1,81.1,0,1,0,81.1,0,0.128,0.157,0.5987,95.6,1,6009,0,15,15,0
121129,55673,73679,266.35,428.82,165.97,66.8,0.0233,0.689,0.526,0.036,1,2,1,0,0,0,0,0,0.0,70.2,65.0,45.0,0,1,81.1,0,1,0,81.1,0,0.128,0.157,0.5987,95.6,1,6010,0,15,15,0
121149,55655,73673,293.66,417.31,165.97,67.0,0.0232,0.697,0.540,0.040,1,3,1,0,1,1,760,1,79.4,70.5,65.0,45.0,0,1,78.9,1,0,0,0.0,760,0.128,0.157,0.6569,95.2,1,6011,0,15,15,0
121169,55690,73677,308.89,388.42,165.97,67.2,0.0231,0.702,0.551,0.044,1,3,1,0,0,0,0,1,79.4,70.6,65.0,45.0,0,1,78.9,1,0,0,0.0,760,0.137,0.157,0.6595,94.9,1,6012,0,15,15,0
121189,55665,73695,299.72,353.59,165.97,67.3,0.0231,0.705,0.558,0.049,1,3,1,0,0,0,0,1,79.4,70.6,65.0,45.0,0,1,78.9,1,0,0,0.0,760,0.137,0.157,0.6628,94.6,1,6013,0,15,15,0
121209,55643,73643,279.58,318.64,165.97,67.3,0.0231,0.707,0.564,0.053,1,3,1,0,0,0,0,1,79.4,70.4,65.0,45.0,0,1,78.9,1,0,0,0.0,760,0.137,0.157,0.6661,94.3,1,6014,0,15,15,0
121229,55646,73629,220.69,238.88,165.97,67.3,0.0231,0.707,0.567,0.057,1,3,1,0,0,0,0,1,79.4,70.2,65.0,45.0,0,1,78.9,1,0,0,0.0,760,0.137,0.157,0.6689,94.1,1,6015,0,15,15,0
121249,55648,73640,153.12,146.77,165.97,67.2,0.0230,0.705,0.568,0.060,1,3,1,0,0,0,0,1,79.4,69.8,65.0,45.0,0,1,78.9,1,0,0,0.0,760,0.137,0.157,0.6712,93.9,1,6016,0,15,15,0
121269,55668,73649,94.71,62.42,165.97,67.1,0.0230,0.703,0.567,0.063,1,3,1,0,0,0,0,1,79.4,69.4,65.0,45.0,0,1,78.9,1,0,0,0.0,760,0.137,0.157,0.6731,93.8,1,6017,0,15,15,0
121289,55624,73654,48.22,6.19,165.97,66.9,0.0229,0.700,0.564,0.065,1,3,1,0,0,0,0,1,79.4,69.0,65.0,45.0,0,1,78.9,1,0,0,0.0,760,0.137,0.157,0.6751,93.7,1,6018,0,15,15,0
121309,55630,73628,-19.75,-29.80,165.97,66.8,0.0228,0.697,0.560,0.067,1,3,1,0,0,0,0,1,79.4,68.7,65.0,45.0,0,1,78.9,1,0,0,0.0,760,0.137,0.155,0.6774,93.5,1,6019,0,15,15,0
121329,55652,73638,-85.71,-66.75,165.97,66.7,0.0228,0.696,0.555,0.068,1,3,1,0,0,0,0,1,79.4,68.5,65.0,45.0,0,1,78.9,1,0,0,0.0,760,0.137,0.155,0.6808,93.4,1,6020,0,15,15,0
121349,55639,73645,-123.12,-97.45,165.97,66.7,0.0228,0.697,0.551,0.068,1,3,1,0,0,0,0,1,79.4,68.6,65.0,45.0,0,1,78.9,1,0,0,0.0,760,0.137,0.122,0.6855,93.3,1,6021,0,15,15,0
121369,55654,73642,-117.72,-113.98,165.97,66.9,0.0229,0.701,0.547,0.067,1,3,1,0,0,0,0,1,79.4,69.0,65.0,45.0,0,1,78.9,1,0,0,0.0,760,0.137,0.122,0.6906,93.2,1,6022,0,15,15,0
121389,55647,73643,-103.31,-119.25,165.97,67.2,0.0229,0.709,0.543,0.066,1,3,1,0,0,0,0,1,79.4,69.7,65.0,45.0,0,1,78.9,1,0,0,0.0,760,0.137,0.122,0.6962,93.1,1,6023,0,15,15,0
121409,55648,73678,-84.04,-117.44,165.97,67.6,0.0230,0.718,0.541,0.065,1,3,1,0,0,0,0,1,79.4,70.5,65.0,45.0,0,1,78.9,1,0,0,0.0,760,0.137,0.122,0.7022,93.0,1,6024,0,15,15,0
121429,55647,73652,-66.20,-98.77,165.97,68.1,0.0231,0.730,0.543,0.064,1,3,1,0,0,0,0,1,79.4,71.5,65.0,45.0,0,1,78.9,1,0,0,0.0,760,0.137,0.122,0.7086,92.8,1,6025,0,15,15,0
121449,55654,73654,-48.58,-71.69,165.97,68.5,0.0231,0.741,0.547,0.063,1,3,1,0,0,0,0,1,79.4,72.4,65.0,45.0,0,1,78.9,1,0,0,0.0,760,0.137,0.122,0.7154,92.7,1,6026,0,15,15,0
121469,55648,73656,-32.70,-43.94,165.97,68.7,0.0231,0.747,0.553,0.062,1,3,1,0,0,0,0,1,79.4,73.0,65.0,45.0,0,1,78.9,1,0,0,0.0,760,0.137,0.122,0.7222,92.5,1,6027,0,15,15,0
121489,55695,73664,-7.98,-16.25,165.97,68.7,0.0230,0.749,0.556,0.061,1,3,1,0,0,0,0,1,79.4,73.1,65.0,45.0,0,1,78.9,1,0,0,0.0,760,0.146,0.110,0.7281,92.4,1,6028,0,15,15,0
121509,55654,73682,17.25,19.18,165.97,68.5,0.0229,0.746,0.554,0.061,1,3,1,0,0,0,0,1,79.4,72.9,65.0,45.0,0,1,78.9,1,0,0,0.0,760,0.146,0.110,0.7327,92.2,1,6029,0,15,15,0
121529,55653,73637,39.27,52.87,165.97,68.3,0.0228,0.742,0.548,0.060,1,3,1,0,0,0,0,1,79.4,72.6,65.0,45.0,0,1,78.9,1,0,0,0.0,760,0.146,0.110,0.7340,92.1,1,6030,0,15,15,0
121549,55660,73673,56.82,93.42,165.97,67.9,0.0226,0.737,0.540,0.058,1,3,1,0,0,0,0,1,79.4,72.3,65.0,45.0,0,1,78.9,1,0,0,0.0,760,0.146,0.110,0.7323,92.0,1,6031,0,15,15,0
121569,55646,73666,68.03,120.60,165.97,67.5,0.0223,0.731,0.531,0.056,1,3,1,0,0,0,0,1,79.4,71.9,65.0,45.0,0,1,78.9,1,0,0,0.0,760,0.146,0.110,0.7292,92.0,1,6032,0,15,15,0
121589,55658,73678,84.05,147.39,165.97,67.1,0.0221,0.724,0.523,0.053,1,3,1,0,0,0,0,1,79.4,71.5,65.0,45.0,0,1,78.9,1,0,0,0.0,760,0.146,0.110,0.7265,92.0,1,6033,0,15,15,0
121609,55634,73687,77.13,176.07,165.97,66.6,0.0218,0.716,0.517,0.049,1,3,1,0,0,0,0,1,79.4,71.1,65.0,45.0,0,1,78.9,1,0,0,0.0,760,0.146,0.110,0.7257,91.9,1,6034,0,15,15,0
121629,55656,73668,80.08,199.99,165.97,66.2,0.0216,0.710,0.514,0.046,1,3,1,0,0,0,0,1,79.4,70.8,65.0,45.0,0,1,78.9,1,0,0,0.0,760,0.146,0.110,0.7274,91.9,1,6035,0,15,15,0
121649,55658,73669,86.27,204.34,165.97,65.8,0.0214,0.705,0.511,0.043,1,3,1,0,0,0,0,1,79.4,70.6,65.0,45.0,0,1,78.9,1,0,0,0.0,760,0.146,0.110,0.7321,91.9,1,6036,0,15,15,0
121669,55664,73679,96.12,198.51,165.97,65.6,0.0212,0.701,0.507,0.039,1,3,1,0,1,0,520,1,79.4,70.4,65.0,45.0,4,1,78.9,1,0,0,0.0,760,0.146,0.110,0.7391,91.8,1,6037,0,15,15,0
121689,55656,73691,105.46,201.77,165.97,65.4,0.0212,0.698,0.504,0.037,1,3,1,0,0,0,0,1,79.4,70.4,65.0,45.0,0,1,78.9,1,0,0,0.0,760,0.146,0.110,0.7464,91.7,1,6038,0,15,15,0
121709,55711,73705,123.64,223.34,165.97,65.5,0.0212,0.698,0.501,0.034,1,3,1,0,0,0,0,1,79.4,70.6,65.0,45.0,0,1,78.9,1,0,0,0.0,760,0.174,0.110,0.7514,91.6,1,6039,0,15,15,0
121729,55663,73737,140.01,266.76,165.97,65.6,0.0213,0.701,0.500,0.032,1,3,1,0,0,0,0,1,79.4,71.0,65.0,45.0,0,1,78.9,1,0,0,0.0,760,0.174,0.148,0.7524,91.5,1,6040,0,15,15,0
121749,55677,73692,178.00,310.23,165.97,66.0,0.0215,0.708,0.503,0.030,1,3,1,0,0,0,0,1,79.4,71.7,65.0,45.0,0,1,78.9,1,0,0,0.0,760,0.174,0.148,0.7510,91.5,1,6041,0,15,15,0
121769,55694,73725,217.68,372.25,165.97,66.5,0.0216,0.719,0.509,0.028,1,3,1,0,0,0,0,1,79.4,72.7,65.0,45.0,0,1,78.9,1,0,0,0.0,760,0.156,0.148,0.7481,91.4,1,6042,0,15,15,0
121789,55677,73722,250.27,424.87,165.97,67.2,0.0218,0.734,0.520,0.027,1,3,1,0,0,0,0,1,79.4,74.0,65.0,45.0,0,1,78.9,1,0,0,0.0,760,0.156,0.148,0.7443,91.4,1,6043,0,15,15,0
121809,55699,73719,304.25,461.71,168.28,68.0,0.0220,0.752,0.537,0.026,1,3,1,0,0,0,0,1,79.4,75.5,65.0,45.0,0,1,78.9,1,0,0,0.0,760,0.156,0.148,0.7417,91.4,1,6044,0,15,15,0
121829,55652,73724,324.71,482.09,172.35,68.8,0.0222,0.772,0.557,0.027,1,3,1,0,0,0,0,1,79.4,77.0,65.0,45.0,0,1,78.9,1,0,0,0.0,760,0.156,0.148,0.7392,91.4,1,6045,0,15,15,0
121849,55665,73664,303.30,483.75,172.69,69.6,0.0223,0.791,0.576,0.029,1,3,1,0,0,0,0,1,79.4,78.4,65.0,45.0,0,1,78.9,1,0,0,0.0,760,0.156,0.148,0.7350,91.5,1,6046,0,15,15,0
121869,55679,73688,265.19,429.44,172.69,70.2,0.0223,0.809,0.595,0.032,1,3,1,0,0,0,0,1,79.4,79.5,65.0,45.0,0,1,78.9,1,0,0,0.0,760,0.156,0.148,0.7303,91.5,1,6047,0,15,15,0
121889,55672,73679,236.33,343.51,172.69,70.6,0.0221,0.823,0.613,0.037,1,3,1,0,0,0,0,1,79.4,80.2,65.0,45.0,0,1,78.9,1,0,0,0.0,760,0.156,0.148,0.7263,91.6,1,6048,0,15,15,0
121909,55667,73663,213.23,253.89,172.69,70.7,0.0220,0.831,0.629,0.042,1,3,1,0,0,0,0,1,79.4,80.5,65.0,45.0,0,1,78.9,1,0,0,0.0,760,0.156,0.148,0.7222,91.7,1,6049,0,15,15,0
121929,55652,73676,184.57,169.15,172.69,70.6,0.0217,0.834,0.639,0.047,1,3,1,0,0,0,0,1,79.4,80.3,65.0,45.0,0,1,78.9,1,0,0,0.0,760,0.156,0.148,0.7172,91.7,1,6050,0,15,15,0
121949,55651,73674,128.39,94.26,172.69,70.5,0.0216,0.833,0.644,0.052,1,3,1,0,0,0,0,1,79.4,79.9,65.0,45.0,0,1,78.9,1,0,0,0.0,760,0.156,0.148,0.7107,91.8,1,6051,0,15,15,0
121969,55644,73654,66.24,33.28,172.69,70.3,0.0214,0.832,0.645,0.057,1,3,1,0,0,0,0,1,79.4,79.4,65.0,45.0,0,1,78.9,1,0,0,0.0,760,0.156,0.148,0.7046,92.0,1,6052,0,15,15,0
121989,55640,73651,-2.72,-41.51,172.69,70.1,0.0213,0.829,0.643,0.061,1,3,1,0,0,0,0,1,79.4,79.0,65.0,45.0,0,1,78.9,1,0,0,0.0,760,0.156,0.148,0.7003,92.1,1,6053,0,15,15,0
122009,55652,73649,-64.18,-114.85,172.69,70.1,0.0214,0.828,0.640,0.064,1,3,1,0,0,0,0,1,79.4,78.7,65.0,45.0,0,1,78.9,1,0,0,0.0,760,0.156,0.148,0.6997,92.2,1,6054,0,15,15,0
122029,55678,73655,-98.11,-175.84,172.69,70.2,0.0215,0.828,0.637,0.066,1,3,1,0,0,0,0,1,79.4,78.5,65.0,45.0,0,1,78.9,1,0,0,0.0,760,0.156,0.148,0.7016,92.2,1,6055,0,15,15,0
122049,55655,73665,-109.32,-215.70,172.69,70.3,0.0216,0.828,0.632,0.068,1,3,1,0,0,0,0,1,79.4,78.4,65.0,45.0,0,1,78.9,1,0,0,0.0,760,0.156,0.148,0.7034,92.3,1,6056,0,15,15,0
122069,55646,73642,-108.59,-239.16,172.69,70.5,0.0219,0.827,0.627,0.068,1,3,1,0,0,0,0,1,79.4,78.4,65.0,45.0,0,1,78.9,1,0,0,0.0,760,0.156,0.148,0.7023,92.3,1,6057,0,15,15,0
122089,55643,73652,-118.64,-254.48,172.69,70.8,0.0221,0.828,0.621,0.068,1,3,1,0,0,0,0,1,79.4,78.5,65.0,45.0,0,1,78.9,1,0,0,0.0,760,0.156,0.148,0.6976,92.3,1,6058,0,15,15,0
122109,55647,73647,-130.40,-268.85,172.69,71.0,0.0224,0.829,0.617,0.068,1,3,1,0,0,0,0,1,79.4,78.7,65.0,45.0,0,1,78.9,1,0,0,0.0,760,0.156,0.148,0.6909,92.4,1,6059,0,15,15,0
122129,55640,73643,-145.32,-278.16,172.69,71.4,0.0228,0.831,0.613,0.066,1,3,1,0,0,0,0,1,79.4,79.0,65.0,45.0,0,1,78.9,1,0,0,0.0,760,0.156,0.148,0.6847,92.5,1,6060,0,15,15,0
122149,55609,73649,-163.34,-281.37,172.69,71.7,0.0231,0.833,0.610,0.065,1,3,1,0,0,0,0,1,79.4,79.4,65.0,45.0,0,1,78.9,1,0,0,0.0,760,0.183,0.148,0.6808,92.6,1,6061,0,15,15,0
122169,55640,73634,-178.23,-284.46,172.69,72.1,0.0234,0.836,0.609,0.064,1,3,1,0,0,0,0,1,79.4,79.8,65.0,45.0,0,1,78.9,1,0,0,0.0,760,0.183,0.148,0.6801,92.7,1,6062,0,15,15,0
122189,55650,73636,-187.77,-293.98,172.69,72.5,0.0237,0.839,0.609,0.062,1,3,1,0,0,0,0,1,79.4,80.2,65.0,45.0,0,1,78.9,1,0,0,0.0,760,0.183,0.148,0.6815,92.7,1,6063,0,15,15,0
122209,55646,73651,-180.65,-301.74,172.69,72.8,0.0240,0.842,0.608,0.060,1,3,1,0,0,0,0,1,79.4,80.7,65.0,45.0,0,1,78.9,1,0,0,0.0,760,0.183,0.148,0.6822,92.8,1,6064,0,15,15,0
122229,55653,73656,-158.50,-283.63,172.69,73.1,0.0242,0.844,0.607,0.058,1,3,1,0,0,0,0,1,79.4,81.0,65.0,45.0,0,1,78.9,1,0,0,0.0,760,0.183,0.148,0.6813,92.8,1,6065,0,15,15,0
122249,55641,73667,-139.15,-247.80,172.69,73.3,0.0244,0.846,0.606,0.057,1,3,1,0,0,0,0,1,79.4,81.3,65.0,45.0,0,1,78.9,1,0,0,0.0,760,0.183,0.148,0.6791,92.9,1,6066,0,15,15,0
122269,55638,73683,-131.47,-192.16,172.69,73.4,0.0245,0.847,0.606,0.055,1,3,1,0,0,0,0,1,79.4,81.5,65.0,45.0,0,1,78.9,1,0,0,0.0,760,0.183,0.148,0.6769,92.9,1,6067,0,15,15,0
122289,55646,73663,-128.13,-134.65,172.69,73.3,0.0244,0.847,0.608,0.053,1,3,1,0,0,0,0,1,79.4,81.6,65.0,45.0,0,1,78.9,1,0,0,0.0,760,0.183,0.148,0.6754,92.9,1,6068,0,15,15,0
122309,55662,73668,-116.31,-82.02,172.69,73.2,0.0243,0.846,0.610,0.051,1,3,1,0,0,0,0,1,79.4,81.6,65.0,45.0,0,1,78.9,1,0,0,0.0,760,0.183,0.140,0.6746,93.0,1,6069,0,15,15,0
122329,55654,73667,-86.62,-39.54,172.69,73.1,0.0242,0.846,0.613,0.050,1,3,1,0,0,0,0,1,79.4,81.6,65.0,45.0,0,1,78.9,1,0,0,0.0,760,0.183,0.140,0.6742,93.0,1,6070,0,15,15,0
122349,55682,73657,-38.19,-6.90,172.69,72.9,0.0239,0.846,0.618,0.049,1,3,1,0,0,0,0,1,79.4,81.7,65.0,45.0,0,1,78.9,1,0,0,0.0,760,0.183,0.140,0.6745,93.0,1,6071,0,15,15,0
122369,55640,73674,-3.45,17.21,172.69,72.6,0.0236,0.848,0.627,0.049,1,3,1,0,0,0,0,1,79.4,81.7,65.0,45.0,0,1,78.9,1,0,0,0.0,760,0.183,0.140,0.6757,93.1,1,6072,0,15,15,0
122389,55650,73637,13.49,20.41,172.69,72.4,0.0233,0.850,0.634,0.049,1,3,1,0,0,0,0,1,79.4,81.8,65.0,45.0,0,1,78.9,1,0,0,0.0,760,0.183,0.140,0.6777,93.1,1,6073,0,15,15,0
122409,55639,73662,2.39,21.65,172.69,72.3,0.0230,0.851,0.641,0.049,1,3,1,0,0,0,0,1,79.4,81.8,65.0,45.0,0,1,78.9,1,0,0,0.0,760,0.183,0.140,0.6801,93.0,1,6074,0,15,15,0
122429,55652,73676,0.28,21.94,172.69,72.3,0.0229,0.852,0.643,0.050,1,3,1,0,0,0,0,1,79.4,81.8,65.0,45.0,0,1,78.9,1,0,0,0.0,760,0.183,0.140,0.6827,93.0,1,6075,0,15,15,0
122449,55662,73678,6.11,41.36,172.69,72.3,0.0229,0.851,0.643,0.050,1,3,1,0,0,0,0,1,79.4,81.8,65.0,45.0,0,1,78.9,1,0,0,0.0,760,0.183,0.140,0.6851,93.0,1,6076,0,15,15,0
122469,55627,73677,14.55,66.87,172.69,72.3,0.0229,0.853,0.644,0.050,1,3,1,0,0,0,0,1,79.4,81.9,65.0,45.0,0,1,78.9,1,0,0,0.0,760,0.183,0.140,0.6873,93.0,1,6077,0,15,15,0
122489,55632,73680,-13.97,92.01,172.69,72.3,0.0228,0.857,0.650,0.051,1,3,1,0,0,0,0,1,79.4,82.1,65.0,45.0,0,1,78.9,1,0,0,0.0,760,0.183,0.140,0.6887,92.9,1,6078,0,15,15,0
122509,55656,73688,-52.80,115.33,172.69,72.3,0.0226,0.861,0.661,0.052,1,3,1,0,0,0,0,1,79.4,82.3,65.0,45.0,0,1,78.9,1,0,0,0.0,760,0.183,0.140,0.6896,92.9,1,6079,0,15,15,0
122529,55671,73701,-44.93,144.64,172.69,72.1,0.0222,0.864,0.673,0.053,1,3,1,0,0,0,0,1,79.4,82.4,65.0,45.0,0,1,78.9,1,0,0,0.0,760,0.183,0.140,0.6891,92.9,1,6080,0,15,15,0
122549,55665,73713,-1.90,188.87,167.26,71.8,0.0218,0.865,0.683,0.055,1,3,1,0,0,0,0,1,79.4,82.2,65.0,45.0,0,1,78.9,1,0,0,0.0,760,0.183,0.140,0.6869,92.9,1,6081,0,15,15,0
122569,55672,73683,60.41,230.83,157.58,71.5,0.0215,0.866,0.691,0.057,1,3,1,0,0,0,0,1,79.4,82.0,65.0,45.0,0,1,78.9,1,0,0,0.0,760,0.183,0.140,0.6839,92.9,1,6082,0,15,15,0
122589,55656,73699,109.88,260.65,157.10,71.3,0.0213,0.865,0.695,0.060,1,3,1,0,0,0,0,1,79.4,81.8,65.0,45.0,0,1,78.9,1,0,0,0.0,760,0.183,0.140,0.6810,92.9,1,6083,0,15,15,0
122609,55651,73646,129.35,256.27,157.10,71.2,0.0211,0.864,0.698,0.062,1,3,1,0,1,1,730,1,82.1,81.5,65.0,45.0,0,2,78.9,1,0,0,0.0,760,0.183,0.140,0.6790,92.9,1,6084,0,15,15,0
122629,55644,73651,123.48,191.53,157.10,71.0,0.0210,0.863,0.697,0.063,1,3,1,0,0,0,0,1,82.1,81.3,65.0,45.0,0,1,78.9,1,0,0,0.0,760,0.183,0.140,0.6784,92.9,1,6085,0,15,15,0
122649,55636,73628,94.30,103.07,157.10,70.9,0.0209,0.861,0.695,0.065,1,3,1,0,0,0,0,1,82.1,81.0,65.0,45.0,0,1,78.9,1,0,0,0.0,760,0.183,0.148,0.6786,93.0,1,6086,0,15,15,0
122669,55648,73630,59.29,-5.18,157.10,70.8,0.0208,0.859,0.689,0.065,1,3,1,0,0,0,0,1,82.1,80.8,65.0,45.0,0,1,78.9,1,0,0,0.0,760,0.183,0.148,0.6790,93.0,1,6087,0,15,15,0
122689,55616,73621,12.02,-108.07,157.10,70.7,0.0209,0.857,0.680,0.065,1,3,1,0,0,0,0,1,82.1,80.7,65.0,45.0,0,1,78.9,1,0,0,0.0,760,0.183,0.157,0.6786,93.0,1,6088,0,15,15,0
122709,55620,73573,-62.60,-202.13,157.10,70.8,0.0210,0.856,0.669,0.064,1,3,1,0,0,0,0,1,82.1,80.7,65.0,45.0,0,1,78.9,1,0,0,0.0,760,0.162,0.223,0.6774,93.0,1,6089,0,15,15,0
122729,55643,73614,-136.36,-286.29,157.10,71.0,0.0212,0.856,0.658,0.062,1,3,1,0,0,0,0,1,82.1,80.9,65.0,45.0,0,1,78.9,1,0,0,0.0,760,0.162,0.206,0.6760,93.0,1,6090,0,15,15,0
122749,55624,73626,-189.77,-350.97,166.94,71.3,0.0216,0.858,0.647,0.059,1,3,1,0,0,0,0,1,82.1,81.3,65.0,45.0,0,1,78.9,1,0,0,0.0,760,0.162,0.206,0.6748,93.0,1,6091,0,15,15,0
122769,55625,73636,-222.95,-377.77,172.30,71.9,0.0220,0.864,0.636,0.055,1,3,1,0,0,0,0,1,82.1,82.2,65.0,45.0,0,1,78.9,1,0,0,0.0,760,0.162,0.205,0.6746,93.1,1,6092,0,15,15,0
122789,55624,73638,-242.27,-367.31,172.30,72.7,0.0223,0.877,0.627,0.051,1,3,1,0,0,0,0,1,82.1,83.5,65.0,45.0,0,1,78.9,1,0,0,0.0,760,0.162,0.205,0.6759,93.1,1,6093,0,15,15,0
122809,55642,73670,-248.49,-336.60,172.30,73.5,0.0227,0.894,0.624,0.047,1,3,1,0,0,0,0,1,82.1,85.2,65.0,45.0,0,1,78.9,1,0,0,0.0,760,0.131,0.205,0.6786,93.1,1,6094,0,15,15,0
122829,55669,73690,-214.24,-254.01,172.30,74.4,0.0229,0.913,0.624,0.044,1,3,1,0,0,0,0,1,82.1,86.9,65.0,45.0,0,1,78.9,1,0,0,0.0,760,0.131,0.190,0.6819,93.0,1,6095,0,15,15,0
122849,55669,73711,-116.29,-131.94,172.30,75.0,0.0230,0.930,0.624,0.041,1,3,1,0,0,0,0,1,82.1,88.4,65.0,45.0,0,1,78.9,1,0,0,0.0,760,0.131,0.190,0.6840,93.0,1,6096,0,15,15,0
122869,55695,73736,-5.48,18.88,172.30,75.5,0.0230,0.943,0.626,0.038,1,3,1,0,0,0,0,1,82.1,89.6,65.0,45.0,0,1,78.9,1,0,0,0.0,760,0.155,0.221,0.6865,93.0,1,6097,0,15,15,0
122889,55725,73754,142.50,193.91,172.30,75.7,0.0230,0.948,0.628,0.035,1,3,1,0,0,0,0,1,82.1,90.3,65.0,45.0,0,1,78.9,1,0,0,0.0,760,0.208,0.246,0.6908,92.9,1,6098,0,15,15,0
122909,55707,73804,304.65,376.13,172.30,75.9,0.0232,0.950,0.632,0.033,1,3,1,0,0,0,0,1,82.1,90.6,65.0,45.0,0,1,78.9,1,0,0,0.0,760,0.208,0.314,0.6994,92.8,1,6099,0,15,15,0
122929,55720,73805,469.70,600.31,195.61,76.5,0.0238,0.952,0.640,0.031,1,3,1,0,0,0,0,1,82.1,90.9,65.0,45.0,0,1,78.9,1,0,0,0.0,760,0.208,0.315,0.7111,92.7,1,6100,0,15,15,0
122949,55733,73858,606.95,803.69,236.29,77.6,0.0249,0.957,0.648,0.030,1,3,1,0,0,0,0,1,82.1,91.3,65.0,45.0,0,1,78.9,1,0,0,0.0,760,0.223,0.387,0.7213,92.6,1,6101,0,15,15,0
122969,55770,73910,730.59,1034.22,282.40,79.3,0.0266,0.965,0.653,0.029,1,3,1,0,0,0,0,1,82.1,91.9,65.0,45.0,0,1,78.9,1,0,0,0.0,760,0.289,0.457,0.7239,92.4,1,6102,0,15,15,0
122989,55792,73965,891.36,1303.44,336.24,81.7,0.0292,0.972,0.657,0.029,1,3,1,0,0,0,0,1,82.1,92.6,65.0,45.0,0,1,78.9,1,0,0,0.0,760,0.329,0.532,0.7192,92.4,1,6103,0,15,15,0
123009,55764,74019,1034.33,1611.57,397.87,84.9,0.0328,0.978,0.653,0.028,1,3,1,0,0,0,0,1,82.1,93.6,65.0,45.0,0,1,78.9,1,0,0,0.0,760,0.329,0.605,0.7045,92.4,1,6104,0,15,15,0
123029,55822,74046,1178.83,1948.18,465.19,89.0,0.0375,0.982,0.641,0.027,1,3,1,0,0,0,0,1,82.1,94.9,65.0,45.0,0,1,78.9,1,0,0,0.0,760,0.383,0.642,0.6833,92.5,1,6105,0,15,15,0
123049,55856,74126,1345.63,2263.48,528.25,93.7,0.0431,0.985,0.630,0.025,1,3,1,0,0,0,0,1,82.1,96.4,65.0,45.0,0,1,78.9,1,0,0,0.0,760,0.444,0.750,0.6641,92.7,1,6106,0,15,15,0
123069,55896,74215,1545.31,2610.75,597.70,99.2,0.0496,0.988,0.620,0.024,1,3,1,0,0,0,0,1,82.1,98.2,65.0,45.0,0,1,78.9,1,0,0,0.0,760,0.516,0.871,0.6487,92.9,1,6107,0,15,15,0
123089,55925,74285,1786.12,3015.48,678.65,99.7,0.0571,0.991,0.613,0.023,1,3,1,0,0,0,0,1,82.1,98.3,65.0,45.0,0,1,78.9,1,0,0,0.0,760,0.568,0.966,0.6365,93.1,1,6108,0,15,15,0
123109,55988,74384,2042.26,3448.45,765.24,99.7,0.0656,0.993,0.608,0.023,1,3,1,0,0,0,0,1,82.1,98.4,65.0,45.0,0,1,78.9,1,0,0,0.0,760,0.681,1.100,0.6267,93.4,1,6109,0,15,15,0
123129,56013,74510,2360.77,3929.04,861.36,99.8,0.0753,0.994,0.606,0.023,1,3,1,0,0,0,0,1,82.1,98.4,65.0,45.0,0,1,78.9,1,0,0,0.0,760,0.725,1.270,0.6267,93.4,1,6110,0,15,15,0
123149,56051,74588,2677.84,4490.12,973.58,99.8,0.0862,0.996,0.603,0.024,1,0,0,1,0,0,0,0,0.0,98.4,65.0,45.0,0,1,78.9,0,0,1,0.0,760,0.781,1.376,0.6267,93.4,1,6111,0,15,15,0
123169,56097,74692,2988.12,5059.84,1087.52,99.9,0.0984,0.997,0.600,0.024,1,0,0,1,0,0,0,0,0.0,98.4,65.0,45.0,0,1,78.9,0,0,1,0.0,760,0.863,1.516,0.6267,93.4,1,6112,0,15,15,0
123189,56151,74828,3301.60,5637.35,1203.02,99.9,0.1116,0.997,0.596,0.024,1,0,0,1,0,0,0,0,0.0,98.3,65.0,45.0,5,1,78.9,0,0,1,0.0,760,0.960,1.700,0.6267,93.4,1,6113,0,15,15,0
123209,56215,74945,3632.92,6258.85,1327.32,99.9,0.1259,0.998,0.593,0.025,1,0,0,1,0,0,0,0,0.0,98.3,65.0,45.0,5,1,78.9,0,0,1,0.0,760,1.075,1.858,0.6267,93.4,1,6114,0,15,15,0
123229,56259,75101,3999.87,6898.76,1455.31,99.9,0.1413,0.998,0.590,0.026,1,0,0,1,0,0,0,0,0.0,98.3,65.0,45.0,5,1,78.9,0,0,1,0.0,760,1.153,2.068,0.6267,93.4,1,6115,0,15,15,0
123249,56287,75189,4363.17,7590.48,1593.65,100.0,0.1577,0.999,0.587,0.026,1,0,0,1,0,0,0,0,0.0,98.2,65.0,45.0,5,1,78.9,0,0,1,0.0,760,1.203,2.186,0.6267,93.4,1,6116,0,15,15,0
123269,56328,75281,4673.62,8237.14,1722.98,100.0,0.1750,0.999,0.583,0.027,1,0,0,1,0,0,0,0,0.0,98.2,65.0,45.0,5,1,78.9,0,0,1,0.0,760,1.277,2.310,0.6267,93.4,1,6117,0,15,15,0
123289,56338,75319,4939.16,8803.80,1836.31,100.0,0.1926,0.999,0.579,0.028,1,0,0,1,0,0,0,0,0.0,98.1,65.0,45.0,5,1,78.9,0,0,1,0.0,760,1.294,2.360,0.6267,93.4,1,6118,0,15,15,0
123309,56329,75362,5092.68,9206.13,1916.78,100.0,0.2099,0.999,0.574,0.029,1,0,0,1,0,0,0,0,0.0,98.0,65.0,45.0,5,1,78.9,0,0,1,0.0,760,1.294,2.417,0.6267,93.4,1,6119,0,15,15,0
123329,56352,75402,5135.97,9435.82,1962.72,100.0,0.2264,0.999,0.569,0.031,1,0,0,1,0,0,0,0,0.0,97.9,65.0,45.0,5,1,78.9,0,0,1,0.0,760,1.319,2.470,0.6267,93.4,1,6120,0,15,15,0
123349,56379,75462,5094.17,9507.24,1977.00,100.0,0.2416,0.999,0.564,0.032,1,0,0,1,0,0,0,0,0.0,97.8,65.0,45.0,5,1,78.9,0,0,1,0.0,760,1.367,2.550,0.6267,93.4,1,6121,0,15,15,0
123369,56413,75529,5013.63,9475.24,1977.00,99.9,0.2554,0.999,0.560,0.034,1,0,0,1,0,0,0,0,0.0,97.7,65.0,45.0,5,1,78.9,0,0,1,0.0,760,1.427,2.639,0.6267,93.4,1,6122,0,15,15,0
123389,56468,75589,4931.81,9385.94,1977.00,99.9,0.2679,0.998,0.556,0.035,1,0,0,1,0,0,0,0,0.0,97.6,65.0,45.0,5,1,78.9,0,0,1,0.0,760,1.525,2.719,0.6267,93.4,1,6123,0,15,15,0
123409,56500,75670,4902.65,9256.20,1977.00,99.9,0.2791,0.998,0.553,0.037,1,0,0,1,0,0,0,0,0.0,97.5,65.0,45.0,5,1,78.9,0,0,1,0.0,760,1.582,2.826,0.6267,93.4,1,6124,0,15,15,0
123429,56522,75728,4897.39,9127.65,1977.00,99.9,0.2893,0.998,0.552,0.038,1,0,0,1,0,0,0,0,0.0,97.4,65.0,45.0,5,1,78.9,0,0,1,0.0,760,1.621,2.903,0.6267,93.4,1,6125,0,15,15,0
123449,56558,75777,4881.62,8984.87,1977.00,99.9,0.2985,0.999,0.551,0.039,1,0,0,1,0,0,0,0,0.0,97.4,65.0,45.0,5,1,78.9,0,0,1,0.0,760,1.685,2.967,0.6267,93.4,1,6126,0,15,15,0
123469,56574,75806,4867.97,8811.18,1977.00,100.0,0.3068,0.999,0.551,0.040,1,0,0,1,0,0,0,0,0.0,97.3,65.0,45.0,5,1,78.9,0,0,1,0.0,760,1.713,3.004,0.6267,93.4,1,6127,0,15,15,0
123489,56582,75842,4823.84,8577.01,1977.00,100.0,0.3140,0.999,0.551,0.041,1,0,0,1,0,0,0,0,0.0,97.2,65.0,45.0,5,1,78.9,0,0,1,0.0,760,1.727,3.051,0.6267,93.4,1,6128,0,15,15,0
123509,56564,75867,4710.82,8289.93,1977.00,100.0,0.3204,0.999,0.552,0.042,1,0,0,1,0,0,0,0,0.0,97.2,65.0,45.0,5,1,78.9,0,0,1,0.0,760,1.726,3.083,0.6267,93.4,1,6129,0,15,15,0
123529,56566,75895,4509.28,7947.20,1977.00,100.0,0.3257,0.999,0.553,0.042,1,0,0,1,0,0,0,0,0.0,97.2,65.0,45.0,5,1,78.9,0,0,1,0.0,760,1.725,3.119,0.6267,93.4,1,6130,0,15,15,0
123549,56587,75909,4240.39,7562.24,1977.00,100.0,0.3301,0.999,0.553,0.042,1,0,0,1,0,0,0,0,0.0,97.2,65.0,45.0,5,1,78.9,0,0,1,0.0,760,1.734,3.136,0.6267,93.4,1,6131,0,15,15,0
123569,56572,75930,3935.78,7130.05,1977.00,100.0,0.3336,0.999,0.553,0.042,1,0,0,1,0,0,0,0,0.0,97.2,65.0,45.0,5,1,78.9,0,0,1,0.0,760,1.733,3.162,0.6267,93.4,1,6132,0,15,15,0
123589,56600,75952,3632.51,6668.44,1977.00,100.0,0.3363,0.999,0.552,0.042,1,0,0,1,0,0,0,0,0.0,97.2,65.0,45.0,5,1,78.9,0,0,1,0.0,760,1.756,3.190,0.6267,93.4,1,6133,0,15,15,0
123609,56586,75965,3318.51,6193.86,1977.00,100.0,0.3382,0.999,0.552,0.041,1,0,0,1,0,0,0,0,0.0,97.2,65.0,45.0,5,1,78.9,0,0,1,0.0,760,1.755,3.205,0.6267,93.4,1,6134,0,15,15,0
123629,56626,75979,3020.53,5706.25,1977.00,100.0,0.3395,0.999,0.551,0.041,1,0,0,1,0,0,0,0,0.0,97.3,65.0,45.0,5,1,78.9,0,0,1,0.0,760,1.801,3.222,0.6267,93.4,1,6135,0,15,15,0
123649,56619,75998,2758.64,5212.80,1977.00,100.0,0.3403,0.999,0.551,0.041,1,0,0,1,0,0,0,0,0.0,97.3,65.0,45.0,5,1,78.9,0,0,1,0.0,760,1.800,3.245,0.6267,93.4,1,6136,0,15,15,0
123669,56614,75984,2502.95,4708.95,1977.00,100.0,0.3405,0.999,0.551,0.040,1,0,0,1,0,0,0,0,0.0,97.3,65.0,45.0,5,1,78.9,0,0,1,0.0,760,1.800,3.243,0.6267,93.4,1,6137,0,15,15,0
123689,56609,75971,2233.37,4191.79,1977.00,100.0,0.3404,0.999,0.551,0.040,1,0,0,1,0,0,0,0,0.0,97.3,65.0,45.0,5,1,78.9,0,0,1,0.0,760,1.792,3.241,0.6267,93.4,1,6138,0,15,15,0
123709,56606,75954,1946.11,3648.72,1977.00,100.0,0.3400,0.999,0.550,0.039,1,0,0,1,0,0,0,0,0.0,97.4,65.0,45.0,5,1,78.9,0,0,1,0.0,760,1.784,3.184,0.6267,93.4,1,6139,0,15,15,0
123729,56589,75962,1648.49,3088.81,1977.00,100.0,0.3395,0.999,0.550,0.039,1,0,0,1,0,0,0,0,0.0,97.4,65.0,45.0,5,1,78.9,0,0,1,0.0,760,1.784,3.166,0.6267,93.4,1,6140,0,15,15,0
123749,56591,75940,1325.74,2524.70,1977.00,100.0,0.3388,0.999,0.550,0.038,1,0,0,1,0,0,0,0,0.0,97.5,65.0,45.0,5,1,78.9,0,0,1,0.0,760,1.783,3.151,0.6267,93.4,1,6141,0,15,15,0
123769,56577,75928,1002.40,1959.14,1977.00,100.0,0.3382,0.999,0.550,0.037,1,0,0,1,0,0,0,0,0.0,97.5,65.0,45.0,5,1,78.9,0,0,1,0.0,760,1.782,3.146,0.6267,93.4,1,6142,0,15,15,0
123789,56568,75877,673.28,1401.52,1977.00,100.0,0.3378,0.999,0.550,0.037,1,0,0,1,0,0,0,0,0.0,97.5,65.0,45.0,5,1,78.9,0,0,1,0.0,760,1.750,3.102,0.6267,93.4,1,6143,0,15,15,0
123809,56572,75854,353.10,806.34,1977.00,100.0,0.3376,0.999,0.551,0.036,1,0,0,1,0,0,0,0,0.0,97.6,65.0,45.0,5,1,78.9,0,0,1,0.0,760,1.701,3.073,0.6267,93.4,1,6144,0,15,15,0
123829,56529,75808,51.43,204.91,1977.00,100.0,0.3378,0.999,0.551,0.035,1,0,0,1,0,0,0,0,0.0,97.7,65.0,45.0,5,1,78.9,0,0,1,0.0,760,1.701,3.044,0.6267,93.4,1,6145,0,15,15,0
123849,56518,75781,-291.55,-414.64,1984.38,100.0,0.3384,0.999,0.551,0.034,1,0,0,1,0,0,0,0,0.0,97.7,65.0,45.0,5,1,78.9,0,0,1,0.0,760,1.654,3.009,0.6267,93.4,1,6146,0,15,15,0
123869,56537,75757,-619.27,-1022.15,2105.88,100.0,0.3396,0.999,0.551,0.033,1,0,0,1,0,0,0,0,0.0,97.8,65.0,45.0,5,1,78.9,0,0,1,0.0,760,1.632,2.983,0.6267,93.4,1,6147,0,15,15,0
123889,56523,75744,-918.62,-1596.82,2220.81,100.0,0.3413,0.999,0.552,0.032,1,0,0,1,0,0,0,0,0.0,97.8,65.0,45.0,5,1,78.9,0,0,1,0.0,760,1.632,2.915,0.6267,93.4,1,6148,0,15,15,0
123909,56513,75661,-1174.43,-2114.08,2324.26,100.0,0.3436,0.999,0.552,0.031,1,0,0,1,0,0,0,0,0.0,97.9,65.0,45.0,5,1,78.9,0,0,1,0.0,760,1.608,2.912,0.6267,93.4,1,6149,0,15,15,0
123929,56502,75576,-1402.59,-2662.82,2434.01,100.0,0.3465,0.999,0.552,0.031,1,0,0,1,0,0,0,0,0.0,97.9,65.0,45.0,5,1,78.9,0,0,1,0.0,760,1.585,2.841,0.6267,93.4,1,6150,0,15,15,0
123949,56471,75515,-1613.00,-3271.28,2555.70,100.0,0.3503,0.999,0.551,0.030,1,0,0,1,0,0,0,0,0.0,98.0,65.0,45.0,5,1,78.9,0,0,1,0.0,760,1.529,2.770,0.6267,93.4,1,6151,0,15,15,0
123969,56447,75454,-1846.50,-3902.54,2681.96,100.0,0.3550,0.999,0.550,0.029,1,0,0,1,0,0,0,0,0.0,98.1,65.0,45.0,5,1,78.9,0,0,1,0.0,760,1.529,2.696,0.6267,93.4,1,6152,0,15,15,0
123989,56393,75330,-2100.82,-4531.27,2807.70,99.9,0.3607,0.998,0.548,0.028,1,0,0,1,0,0,0,0,0.0,98.1,65.0,45.0,5,1,78.9,0,0,1,0.0,760,1.529,2.624,0.6267,93.4,1,6153,0,15,15,0
124009,56373,75225,-2423.85,-5226.77,2946.80,99.9,0.3675,0.998,0.545,0.028,1,0,0,1,0,0,0,0,0.0,98.1,65.0,45.0,5,1,78.9,0,0,1,0.0,760,1.425,2.587,0.6267,93.4,1,6154,0,15,15,0
124029,56322,75101,-2759.09,-5973.44,3096.14,99.9,0.3756,0.998,0.543,0.027,1,0,0,1,0,0,0,0,0.0,98.1,65.0,45.0,5,1,78.9,0,0,1,0.0,760,1.365,2.480,0.6267,93.4,1,6155,0,15,15,0
124049,56260,74982,-3134.60,-6774.94,3256.44,99.9,0.3852,0.998,0.540,0.027,1,0,0,1,0,0,0,0,0.0,98.2,65.0,45.0,5,1,78.9,0,0,1,0.0,760,1.294,2.362,0.6267,93.4,1,6156,0,15,15,0
124069,56213,74855,-3571.60,-7608.68,3423.18,99.9,0.3964,0.998,0.537,0.027,1,0,0,1,0,0,0,0,0.0,98.2,65.0,45.0,5,1,78.9,0,0,1,0.0,760,1.242,2.269,0.6267,93.4,1,6157,0,15,15,0
124089,56187,74773,-4037.24,-8462.14,3593.88,99.9,0.4092,0.998,0.534,0.027,1,0,0,1,0,0,0,0,0.0,98.1,65.0,45.0,5,1,78.9,0,0,1,0.0,760,1.131,2.137,0.6267,93.4,1,6158,0,15,15,0
124109,56153,74689,-4470.31,-9255.92,3752.63,99.9,0.4235,0.998,0.531,0.028,1,0,0,1,0,0,0,0,0.0,98.1,65.0,45.0,5,1,78.9,0,0,1,0.0,760,1.086,1.970,0.6267,93.4,1,6159,0,15,15,0
124129,56139,74618,-4860.39,-9960.08,3893.46,99.9,0.4389,0.998,0.529,0.028,1,0,0,1,0,0,0,0,0.0,98.1,65.0,45.0,5,1,78.9,0,0,1,0.0,760,1.019,1.867,0.6267,93.4,1,6160,0,15,15,0
124149,56154,74623,-5142.93,-10542.62,4009.97,99.9,0.4551,0.998,0.527,0.028,1,0,0,1,0,0,0,0,0.0,98.1,65.0,45.0,5,1,78.9,0,0,1,0.0,760,0.937,1.827,0.6267,93.4,1,6161,0,15,15,0
124169,56200,74700,-5302.29,-10910.89,4083.63,99.9,0.4714,0.998,0.525,0.029,1,0,0,1,0,0,0,0,0.0,98.1,65.0,45.0,5,1,78.9,0,0,1,0.0,760,0.863,1.827,0.6267,93.4,1,6162,0,15,15,0
124189,56250,74824,-5265.89,-10948.34,4091.11,99.9,0.4871,0.998,0.523,0.029,1,0,0,1,0,0,0,0,0.0,98.0,65.0,45.0,5,1,78.9,0,0,1,0.0,760,0.863,1.827,0.6267,93.4,1,6163,0,15,15,0
124209,56330,74990,-5025.63,-10590.44,4091.11,99.9,0.5012,0.998,0.521,0.030,1,0,0,1,0,0,0,0,0.0,98.0,65.0,45.0,5,1,78.9,0,0,1,0.0,760,0.863,1.827,0.6267,93.4,1,6164,0,15,15,0
124229,56395,75118,-4555.44,-9814.26,4091.11,99.9,0.5130,0.998,0.519,0.030,1,0,0,1,0,0,0,0,0.0,98.0,65.0,45.0,5,1,78.9,0,0,1,0.0,760,0.863,1.827,0.6267,93.4,1,6165,0,15,15,0
124249,56444,75290,-3910.34,-8730.99,4091.11,99.9,0.5222,0.998,0.517,0.031,1,0,0,1,0,0,0,0,0.0,97.9,65.0,45.0,5,1,78.9,0,0,1,0.0,760,0.863,1.827,0.6267,93.4,1,6166,0,15,15,0
124269,56552,75475,-3173.78,-7380.75,4091.11,99.9,0.5289,0.998,0.516,0.031,1,0,0,1,0,0,0,0,0.0,97.9,65.0,45.0,5,1,78.9,0,0,1,0.0,760,0.863,1.827,0.6267,93.4,1,6167,0,15,15,0
124289,56636,75660,-2292.41,-5814.09,4091.11,99.9,0.5331,0.998,0.514,0.031,1,0,0,1,0,0,0,0,0.0,97.9,65.0,45.0,5,1,78.9,0,0,1,0.0,760,0.880,1.827,0.6267,93.4,1,6168,0,15,15,0
124309,56699,75867,-1318.37,-4098.53,4091.11,99.9,0.5354,0.997,0.513,0.032,1,0,0,1,0,0,0,0,0.0,97.9,65.0,45.0,5,1,78.9,0,0,1,0.0,760,0.992,1.827,0.6267,93.4,1,6169,0,15,15,0
124329,56786,76078,-334.49,-2270.07,4091.11,99.9,0.5363,0.997,0.512,0.032,1,0,0,1,0,0,0,0,0.0,97.8,65.0,45.0,5,1,78.9,0,0,1,0.0,760,1.146,1.932,0.6267,93.4,1,6170,0,15,15,0
124349,56871,76231,658.15,-372.67,4091.11,99.9,0.5363,0.997,0.512,0.032,1,0,0,1,0,0,0,0,0.0,97.8,65.0,45.0,5,1,78.9,0,0,1,0.0,760,1.296,2.134,0.6267,93.4,1,6171,0,15,15,0
124369,56892,76305,1644.14,1467.29,4091.11,99.9,0.5363,0.997,0.512,0.032,1,0,0,1,0,0,0,0,0.0,97.8,65.0,45.0,5,1,78.9,0,0,1,0.0,760,1.333,2.232,0.6267,93.4,1,6172,0,15,15,0
124389,56896,76349,2491.42,3080.49,4091.11,99.9,0.5367,0.996,0.512,0.032,1,0,0,1,0,0,0,0,0.0,97.8,65.0,45.0,5,1,78.9,0,0,1,0.0,760,1.340,2.290,0.6267,93.4,1,6173,0,15,15,0
124409,56898,76399,3127.27,4374.46,4091.11,99.9,0.5377,0.996,0.513,0.032,1,0,0,1,0,0,0,0,0.0,97.8,65.0,45.0,5,1,78.9,0,0,1,0.0,760,1.343,2.355,0.6267,93.4,1,6174,0,15,15,0
124429,56882,76400,3539.61,5353.94,4091.11,99.9,0.5393,0.996,0.514,0.032,1,0,0,1,0,0,0,0,0.0,97.8,65.0,45.0,5,1,78.9,0,0,1,0.0,760,1.343,2.356,0.6267,93.4,1,6175,0,15,15,0
124449,56892,76416,3744.96,5990.31,4091.11,99.9,0.5414,0.996,0.515,0.031,1,0,0,1,0,0,0,0,0.0,97.9,65.0,45.0,5,1,78.9,0,0,1,0.0,760,1.343,2.377,0.6267,93.4,1,6176,0,15,15,0
124469,56879,76423,3767.39,6336.40,4091.11,99.9,0.5438,0.996,0.515,0.031,1,0,0,1,0,0,0,0,0.0,97.9,65.0,45.0,5,1,78.9,0,0,1,0.0,760,1.343,2.386,0.6267,93.4,1,6177,0,15,15,0
124489,56873,76432,3655.91,6440.26,4091.11,99.9,0.5462,0.996,0.515,0.030,1,0,0,1,0,0,0,0,0.0,97.9,65.0,45.0,5,1,78.9,0,0,1,0.0,760,1.342,2.397,0.6267,93.4,1,6178,0,15,15,0
124509,56861,76448,3445.47,6358.26,4091.11,99.9,0.5485,0.996,0.515,0.030,1,0,0,1,0,0,0,0,0.0,98.0,65.0,45.0,5,1,78.9,0,0,1,0.0,760,1.342,2.418,0.6267,93.4,1,6179,0,15,15,0
124529,56874,76450,3177.50,6150.36,4091.11,99.9,0.5505,0.996,0.514,0.029,1,0,0,1,0,0,0,0,0.0,98.0,65.0,45.0,5,1,78.9,0,0,1,0.0,760,1.342,2.420,0.6267,93.4,1,6180,0,15,15,0
124549,56872,76456,2877.74,5841.68,4091.11,99.9,0.5522,0.996,0.514,0.028,1,0,0,1,0,0,0,0,0.0,98.1,65.0,45.0,5,1,78.9,0,0,1,0.0,760,1.342,2.428,0.6267,93.4,1,6181,0,15,15,0
124569,56871,76456,2565.70,5465.06,4091.11,99.9,0.5535,0.996,0.513,0.028,1,0,0,1,0,0,0,0,0.0,98.1,65.0,45.0,5,1,78.9,0,0,1,0.0,760,1.342,2.428,0.6267,93.4,1,6182,0,15,15,0
124589,56873,76470,2253.83,5038.65,4091.11,99.9,0.5545,0.996,0.512,0.027,1,0,0,1,0,0,0,0,0.0,98.1,65.0,45.0,5,1,78.9,0,0,1,0.0,760,1.342,2.446,0.6267,93.4,1,6183,0,15,15,0
124609,56861,76472,1948.04,4599.70,4091.11,99.8,0.5552,0.996,0.511,0.027,1,0,0,1,0,0,0,0,0.0,98.2,65.0,45.0,5,1,78.9,0,0,1,0.0,760,1.342,2.448,0.6267,93.4,1,6184,0,15,15,0
124629,56880,76472,1658.02,4152.51,4091.11,99.8,0.5556,0.995,0.511,0.027,1,0,0,1,0,0,0,0,0.0,98.2,65.0,45.0,5,1,78.9,0,0,1,0.0,760,1.341,2.448,0.6267,93.4,1,6185,0,15,15,0
124649,56873,76491,1384.29,3701.09,4091.11,99.8,0.5558,0.995,0.510,0.026,1,0,0,1,0,0,0,0,0.0,98.2,65.0,45.0,5,1,78.9,0,0,1,0.0,760,1.341,2.473,0.6267,93.4,1,6186,0,15,15,0
124669,56855,76507,1127.14,3277.38,4091.11,99.8,0.5558,0.995,0.510,0.026,1,0,0,1,0,0,0,0,0.0,98.2,65.0,45.0,5,1,78.9,0,0,1,0.0,760,1.341,2.493,0.6267,93.4,1,6187,0,15,15,0
124689,56847,76539,853.84,2889.82,4091.11,99.8,0.5557,0.994,0.509,0.025,1,0,0,1,0,0,0,0,0.0,98.3,65.0,45.0,5,1,78.9,0,0,1,0.0,760,1.341,2.535,0.6267,93.4,1,6188,0,15,15,0
124709,56851,76564,581.53,2561.50,4091.11,99.8,0.5554,0.994,0.509,0.025,1,0,0,1,0,0,0,0,0.0,98.3,65.0,45.0,5,1,78.9,0,0,1,0.0,760,1.341,2.568,0.6267,93.4,1,6189,0,15,15,0
124729,56847,76583,319.63,2286.27,4091.11,99.8,0.5551,0.993,0.509,0.024,1,0,0,1,0,0,0,0,0.0,98.3,65.0,45.0,5,1,78.9,0,0,1,0.0,760,1.341,2.592,0.6267,93.4,1,6190,0,15,15,0
124749,56858,76602,87.49,2047.91,4091.11,99.7,0.5547,0.992,0.508,0.024,1,0,0,1,0,0,0,0,0.0,98.3,65.0,45.0,5,1,78.9,0,0,1,0.0,760,1.341,2.617,0.6267,93.4,1,6191,0,15,15,0
124769,56829,76604,-123.72,1836.32,4091.11,99.7,0.5543,0.991,0.508,0.024,1,0,0,1,0,0,0,0,0.0,98.3,65.0,45.0,5,1,78.9,0,0,1,0.0,760,1.341,2.619,0.6267,93.4,1,6192,0,15,15,0
124789,56833,76582,-336.75,1619.43,4091.11,99.7,0.5538,0.990,0.508,0.023,1,0,0,1,0,0,0,0,0.0,98.4,65.0,45.0,5,1,78.9,0,0,1,0.0,760,1.340,2.619,0.6267,93.4,1,6193,0,15,15,0
124809,56851,76575,-532.98,1359.78,4091.11,99.6,0.5534,0.989,0.508,0.023,1,0,0,1,0,0,0,0,0.0,98.4,65.0,45.0,5,1,78.9,0,0,1,0.0,760,1.340,2.618,0.6267,93.4,1,6194,0,15,15,0
124829,56857,76554,-672.64,1068.53,4091.11,99.6,0.5531,0.988,0.508,0.022,1,0,0,1,0,0,0,0,0.0,98.4,65.0,45.0,5,1,78.9,0,0,1,0.0,760,1.340,2.618,0.6267,93.4,1,6195,0,15,15,0
124849,56850,76547,-779.21,738.68,4091.11,99.5,0.5528,0.987,0.509,0.022,1,0,0,1,0,0,0,0,0.0,98.4,65.0,45.0,5,1,78.9,0,0,1,0.0,760,1.340,2.617,0.6267,93.4,1,6196,0,15,15,0
124869,56839,76539,-867.80,395.31,4091.11,99.5,0.5527,0.986,0.509,0.021,1,0,0,1,0,0,0,0,0.0,98.5,65.0,45.0,5,1,78.9,0,0,1,0.0,760,1.340,2.617,0.6267,93.4,1,6197,0,15,15,0
124889,56819,76505,-964.35,52.61,4091.11,99.5,0.5528,0.985,0.510,0.020,1,0,0,1,0,0,0,0,0.0,98.5,65.0,45.0,5,1,78.9,0,0,1,0.0,760,1.340,2.616,0.6267,93.4,1,6198,0,15,15,0
124909,56807,76490,-1093.44,-315.56,4091.11,99.5,0.5530,0.985,0.510,0.020,1,0,0,1,0,0,0,0,0.0,98.5,65.0,45.0,5,1,78.9,0,0,1,0.0,760,1.340,2.615,0.6267,93.4,1,6199,0,15,15,0
124929,56784,76509,-1244.20,-666.25,4091.11,99.5,0.5534,0.984,0.511,0.019,1,0,0,1,0,0,0,0,0.0,98.6,65.0,45.0,5,1,78.9,0,0,1,0.0,760,1.339,2.615,0.6267,93.4,1,6200,0,15,15,0
124949,56787,76493,-1421.80,-997.28,4091.11,99.4,0.5541,0.984,0.512,0.018,1,0,0,1,0,0,0,0,0.0,98.6,65.0,45.0,5,1,78.9,0,0,1,0.0,760,1.339,2.614,0.6267,93.4,1,6201,0,15,15,0
124969,56779,76510,-1591.48,-1269.34,4091.11,99.4,0.5549,0.983,0.513,0.018,1,0,0,1,0,0,0,0,0.0,98.7,65.0,45.0,5,1,78.9,0,0,1,0.0,760,1.339,2.613,0.6267,93.4,1,6202,0,15,15,0
124989,56771,76513,-1742.01,-1492.65,4091.11,99.4,0.5558,0.983,0.514,0.017,1,0,0,1,0,0,0,0,0.0,98.7,65.0,45.0,5,1,78.9,0,0,1,0.0,760,1.339,2.613,0.6267,93.4,1,6203,0,15,15,0
125009,56767,76526,-1875.33,-1673.50,4091.11,99.4,0.5568,0.982,0.516,0.016,1,0,0,1,0,0,0,0,0.0,98.8,65.0,45.0,5,1,78.9,0,0,1,0.0,760,1.339,2.612,0.6267,93.4,1,6204,0,15,15,0
125029,56768,76539,-1984.10,-1805.17,4091.11,99.4,0.5580,0.982,0.517,0.015,1,0,0,1,0,0,0,0,0.0,98.8,65.0,45.0,5,1,78.9,0,0,1,0.0,760,1.339,2.611,0.6267,93.4,1,6205,0,15,15,0
125049,56779,76557,-2062.17,-1890.69,4091.11,99.3,0.5591,0.981,0.518,0.014,1,0,0,1,0,0,0,0,0.0,98.9,65.0,45.0,5,1,78.9,0,0,1,0.0,760,1.338,2.610,0.6267,93.4,1,6206,0,15,15,0
125069,56774,76558,-2099.62,-1930.25,4091.11,99.3,0.5601,0.981,0.519,0.013,1,0,0,1,0,0,0,0,0.0,98.9,65.0,45.0,5,1,78.9,0,0,1,0.0,760,1.338,2.609,0.6267,93.4,1,6207,0,15,15,0
125089,56804,76580,-2099.58,-1953.09,4091.11,99.3,0.5610,0.980,0.520,0.012,1,0,0,1,0,0,0,0,0.0,99.0,65.0,45.0,5,1,78.9,0,0,1,0.0,760,1.338,2.607,0.6267,93.4,1,6208,0,15,15,0
125109,56809,76584,-2032.32,-1944.63,4091.11,99.3,0.5618,0.980,0.521,0.011,1,0,0,1,0,0,0,0,0.0,99.1,65.0,45.0,5,1,78.9,0,0,1,0.0,760,1.337,2.606,0.6267,93.4,1,6209,0,15,15,0
125129,56813,76587,-1932.39,-1927.73,4091.11,99.3,0.5623,0.980,0.522,0.010,1,0,0,1,0,0,0,0,0.0,99.1,65.0,45.0,5,1,78.9,0,0,1,0.0,760,1.311,2.598,0.6267,93.4,1,6210,0,15,15,0
125149,56819,76602,-1821.20,-1914.12,4091.11,99.3,0.5624,0.980,0.522,0.010,1,0,0,1,0,0,0,0,0.0,99.1,65.0,45.0,5,1,78.9,0,0,1,0.0,760,1.229,2.496,0.6267,93.4,1,6211,0,15,15,0
125169,56836,76600,-1706.28,-1894.39,4091.11,99.3,0.5621,0.979,0.522,0.009,1,0,0,1,0,0,0,0,0.0,99.2,65.0,45.0,5,1,78.9,0,0,1,0.0,760,1.141,2.332,0.6267,93.4,1,6212,0,15,15,0
125189,56851,76624,-1572.19,-1880.36,4091.11,99.3,0.5613,0.979,0.522,0.009,1,0,0,1,0,0,0,0,0.0,99.2,65.0,45.0,5,1,78.9,0,0,1,0.0,760,1.000,2.140,0.6267,93.4,1,6213,0,15,15,0
125209,56849,76616,-1423.82,-1859.61,4091.11,99.3,0.5599,0.979,0.522,0.008,1,0,0,1,0,0,0,0,0.0,99.2,65.0,45.0,5,1,78.9,0,0,1,0.0,760,0.885,1.971,0.6267,93.4,1,6214,0,15,15,0
125229,56857,76617,-1286.48,-1845.55,4091.11,99.3,0.5576,0.979,0.521,0.008,1,0,0,1,0,0,0,0,0.0,99.3,65.0,45.0,5,1,78.9,0,0,1,0.0,760,0.799,1.746,0.6267,93.4,1,6215,0,15,15,0
125249,56853,76609,-1169.95,-1845.16,4091.11,99.3,0.5545,0.979,0.520,0.007,1,0,0,1,0,0,0,0,0.0,99.3,65.0,45.0,5,1,78.9,0,0,1,0.0,760,0.609,1.503,0.6267,93.4,1,6216,0,15,15,0
125269,56863,76629,-1072.43,-1856.23,4091.11,99.3,0.5503,0.979,0.519,0.006,1,0,0,1,0,0,0,0,0.0,99.3,65.0,45.0,5,1,78.9,0,0,1,0.0,760,0.461,1.267,0.6267,93.4,1,6217,0,15,15,0
125289,56887,76637,-987.51,-1860.89,4091.11,99.2,0.5452,0.978,0.518,0.006,1,0,0,1,0,0,0,0,0.0,99.4,65.0,45.0,5,1,78.9,0,0,1,0.0,760,0.350,1.007,0.6267,93.4,1,6218,0,15,15,0
125309,56895,76660,-878.78,-1857.89,4091.11,99.2,0.5391,0.978,0.516,0.006,1,1,0,1,0,0,0,0,0.0,99.4,65.0,45.0,0,1,78.9,0,0,1,0.0,760,0.230,0.761,0.6267,93.4,1,6219,0,15,15,0
125329,56889,76673,-775.78,-1827.33,4091.11,99.2,0.5324,0.977,0.515,0.006,1,1,0,1,0,0,0,0,0.0,99.4,65.0,45.0,0,1,78.9,0,0,1,0.0,760,0.230,0.578,0.6267,93.4,1,6220,0,15,15,0
125349,56910,76680,-683.33,-1778.77,4084.72,99.2,0.5252,0.977,0.514,0.006,1,1,0,1,0,0,0,0,0.0,99.4,65.0,45.0,9,1,78.9,0,0,1,0.0,760,0.252,0.490,0.6267,93.4,1,6221,0,15,15,0
125369,56911,76683,-586.28,-1727.03,4066.86,99.2,0.5176,0.976,0.512,0.006,1,1,0,1,0,0,0,0,0.0,99.4,65.0,45.0,9,1,78.9,0,0,1,0.0,760,0.253,0.436,0.6267,93.4,1,6222,0,15,15,0
125389,56914,76679,-505.41,-1688.29,4040.91,99.1,0.5099,0.975,0.511,0.006,1,1,0,1,0,0,0,0,0.0,99.3,65.0,45.0,9,1,78.9,0,0,1,0.0,760,0.259,0.371,0.6267,93.4,1,6223,0,15,15,0
125409,56921,76650,-443.83,-1668.62,4015.20,99.1,0.5020,0.974,0.510,0.006,1,1,0,1,0,0,0,0,0.0,99.3,65.0,45.0,9,1,78.9,0,0,1,0.0,760,0.271,0.370,0.6267,93.4,1,6224,0,15,15,0
125429,56957,76599,-393.22,-1705.30,3986.64,99.0,0.4941,0.973,0.508,0.007,1,1,0,1,0,0,0,0,0.0,99.3,65.0,45.0,9,1,78.9,0,0,1,0.0,760,0.334,0.349,0.6267,93.4,1,6225,0,15,15,0
125449,56930,76501,-345.38,-1834.01,3951.90,99.0,0.4860,0.971,0.506,0.007,1,1,0,1,0,0,0,0,0.0,99.2,65.0,45.0,9,1,78.9,0,0,1,0.0,760,0.334,0.340,0.6267,93.4,1,6226,0,15,15,0
125469,56886,76348,-313.27,-2117.27,3905.07,98.9,0.4780,0.970,0.503,0.007,1,1,0,1,0,0,0,0,0.0,99.2,65.0,45.0,9,1,78.9,0,0,1,0.0,760,0.334,0.438,0.6267,93.4,1,6227,0,15,15,0
125489,56854,76220,-379.72,-2628.30,3847.65,98.9,0.4703,0.968,0.500,0.008,1,1,0,1,0,0,0,0,0.0,99.1,65.0,45.0,9,1,78.9,0,0,1,0.0,760,0.334,0.605,0.6267,93.4,1,6228,0,15,15,0
125509,56796,76096,-541.20,-3323.69,3779.11,98.8,0.4632,0.965,0.495,0.009,1,1,0,1,0,0,0,0,0.0,99.0,65.0,45.0,9,1,78.9,0,0,1,0.0,760,0.334,0.767,0.6267,93.4,1,6229,0,15,15,0
125529,56800,76055,-820.24,-4145.45,3702.12,98.7,0.4568,0.963,0.490,0.010,1,1,0,1,0,0,0,0,0.0,98.9,65.0,45.0,9,1,78.9,0,0,1,0.0,760,0.334,0.821,0.6267,93.4,1,6230,0,15,15,0
125549,56791,76038,-1115.05,-4930.57,3615.68,98.6,0.4514,0.960,0.485,0.011,1,1,0,1,0,0,0,0,0.0,98.8,65.0,45.0,9,1,78.9,0,0,1,0.0,760,0.334,0.843,0.6267,93.4,1,6231,0,15,15,0
125569,56800,76037,-1364.32,-5577.35,3523.36,98.5,0.4471,0.956,0.479,0.013,1,1,0,1,0,0,0,0,0.0,98.7,65.0,45.0,9,1,78.9,0,0,1,0.0,760,0.334,0.844,0.6267,93.4,1,6232,0,15,15,0
125589,56820,76070,-1554.50,-6034.91,3477.72,98.4,0.4436,0.953,0.474,0.015,1,1,0,1,0,0,0,0,0.0,98.5,65.0,45.0,9,1,78.9,0,0,1,0.0,760,0.334,0.844,0.6267,93.4,1,6233,0,15,15,0
125609,56839,76101,-1650.56,-6262.17,3477.72,98.2,0.4408,0.950,0.468,0.017,1,1,0,1,0,0,0,0,0.0,98.3,65.0,45.0,9,1,78.9,0,0,1,0.0,760,0.334,0.844,0.6267,93.4,1,6234,0,15,15,0
125629,56878,76144,-1652.93,-6274.89,3477.72,98.1,0.4385,0.947,0.463,0.019,1,1,0,1,0,0,0,0,0.0,98.0,65.0,45.0,9,1,78.9,0,0,1,0.0,760,0.334,0.844,0.6267,93.4,1,6235,0,15,15,0
125649,56885,76187,-1539.28,-6094.16,3477.72,98.0,0.4364,0.943,0.458,0.021,1,1,0,1,0,0,0,0,0.0,97.6,65.0,45.0,9,1,78.9,0,0,1,0.0,760,0.334,0.845,0.6267,93.4,1,6236,0,15,15,0
125669,56913,76244,-1376.63,-5758.21,3477.72,97.9,0.4343,0.940,0.454,0.023,1,1,0,1,0,0,0,0,0.0,97.2,65.0,45.0,9,1,78.9,0,0,1,0.0,760,0.334,0.845,0.6267,93.4,1,6237,0,15,15,0
125689,56975,76350,-1162.91,-5289.27,3477.72,97.8,0.4323,0.937,0.450,0.026,1,1,0,1,0,0,0,0,0.0,96.8,65.0,45.0,9,1,78.9,0,0,1,0.0,760,0.366,0.845,0.6267,93.4,1,6238,0,15,15,0
125709,56990,76448,-845.36,-4653.94,3477.72,97.7,0.4303,0.934,0.447,0.028,1,1,0,1,0,0,0,0,0.0,96.4,65.0,45.0,9,1,78.9,0,0,1,0.0,760,0.392,0.845,0.6267,93.4,1,6239,0,15,15,0
125729,57043,76537,-506.05,-3879.83,3477.72,97.6,0.4283,0.931,0.445,0.030,1,1,0,1,0,0,0,0,0.0,96.0,65.0,45.0,9,1,78.9,0,0,1,0.0,760,0.485,0.845,0.6267,93.4,1,6240,0,15,15,0
125749,57044,76590,-116.14,-3018.03,3477.72,97.5,0.4264,0.929,0.443,0.032,1,1,0,1,0,0,0,0,0.0,95.7,65.0,45.0,9,1,78.9,0,0,1,0.0,760,0.487,0.845,0.6267,93.4,1,6241,0,15,15,0
125769,57060,76675,230.64,-2158.94,3477.72,97.4,0.4248,0.926,0.442,0.033,1,1,0,1,0,0,0,0,0.0,95.4,65.0,45.0,9,1,78.9,0,0,1,0.0,760,0.515,0.845,0.6267,93.4,1,6242,0,15,15,0
125789,57087,76748,526.29,-1303.96,3477.72,97.4,0.4237,0.924,0.443,0.035,1,1,0,1,0,0,0,0,0.0,95.2,65.0,45.0,9,1,78.9,0,0,1,0.0,760,0.563,0.930,0.6267,93.4,1,6243,0,15,15,0
125809,57116,76808,792.07,-477.49,3477.72,97.3,0.4231,0.923,0.443,0.036,1,1,0,1,0,0,0,0,0.0,95.0,65.0,45.0,9,1,78.9,0,0,1,0.0,760,0.614,1.008,0.6267,93.4,1,6244,0,15,15,0
125829,57111,76842,1032.89,289.18,3477.72,97.3,0.4231,0.923,0.444,0.036,1,1,0,1,0,0,0,0,0.0,94.9,65.0,45.0,9,1,78.9,0,0,1,0.0,760,0.614,1.052,0.6267,93.4,1,6245,0,15,15,0
125849,57136,76871,1217.55,949.62,3477.72,97.3,0.4238,0.923,0.446,0.037,1,1,0,1,0,0,0,0,0.0,94.9,65.0,45.0,9,1,78.9,0,0,1,0.0,760,0.649,1.090,0.6267,93.4,1,6246,0,15,15,0
125869,57144,76918,1366.85,1487.35,3477.72,97.3,0.4250,0.923,0.447,0.037,1,1,0,1,0,0,0,0,0.0,94.9,65.0,45.0,9,1,78.9,0,0,1,0.0,760,0.663,1.152,0.6267,93.4,1,6247,0,15,15,0
125889,57150,76952,1471.12,1932.68,3477.72,97.3,0.4265,0.924,0.448,0.037,1,0,0,1,0,0,0,0,0.0,95.0,65.0,45.0,0,1,78.9,0,0,1,0.0,760,0.673,1.196,0.6267,93.4,1,6248,0,15,15,0
125909,57167,76975,1528.28,2289.46,3477.72,97.4,0.4284,0.924,0.449,0.037,1,0,0,1,0,0,0,0,0.0,95.0,65.0,45.0,0,1,78.9,0,0,1,0.0,760,0.703,1.226,0.6267,93.4,1,6249,0,15,15,0
125929,57173,77001,1563.55,2553.77,3477.72,97.4,0.4303,0.925,0.450,0.036,1,0,0,1,0,0,0,0,0.0,95.1,65.0,45.0,5,1,78.9,0,0,1,0.0,760,0.713,1.260,0.6267,93.4,1,6250,0,15,15,0
125949,57160,77010,1559.14,2738.79,3477.72,97.4,0.4322,0.926,0.450,0.036,1,0,0,1,0,0,0,0,0.0,95.2,65.0,45.0,5,1,78.9,0,0,1,0.0,760,0.713,1.271,0.6267,93.4,1,6251,0,15,15,0
125969,57144,76978,1500.90,2824.50,3477.72,97.4,0.4338,0.926,0.451,0.035,1,0,0,1,0,0,0,0,0.0,95.3,65.0,45.0,5,1,78.9,0,0,1,0.0,760,0.713,1.271,0.6267,93.4,1,6252,0,15,15,0
125989,57131,76971,1375.19,2785.35,3477.72,97.4,0.4348,0.927,0.451,0.035,1,0,0,1,0,0,0,0,0.0,95.4,65.0,45.0,5,1,78.9,0,0,1,0.0,760,0.713,1.271,0.6267,93.4,1,6253,0,15,15,0
126009,57109,76926,1193.01,2651.06,3477.72,97.4,0.4350,0.927,0.450,0.034,1,0,0,1,0,0,0,0,0.0,95.4,65.0,45.0,5,1,78.9,0,0,1,0.0,760,0.711,1.271,0.6267,93.4,1,6254,0,15,15,0
126029,57094,76909,952.60,2397.76,3477.72,97.4,0.4340,0.926,0.449,0.033,1,0,0,1,0,0,0,0,0.0,95.4,65.0,45.0,5,1,78.9,0,0,1,0.0,760,0.701,1.271,0.6267,93.4,1,6255,0,15,15,0
126049,57055,76854,676.82,2073.27,3477.72,97.4,0.4317,0.925,0.448,0.033,1,0,0,1,0,0,0,0,0.0,95.4,65.0,45.0,5,1,78.9,0,0,1,0.0,760,0.701,1.270,0.6267,93.4,1,6256,0,15,15,0
126069,57026,76826,339.53,1659.49,3477.72,97.3,0.4278,0.923,0.447,0.032,1,0,0,1,0,0,0,0,0.0,95.2,65.0,45.0,5,1,78.9,0,0,1,0.0,760,0.671,1.270,0.6267,93.4,1,6257,0,15,15,0
126089,56975,76779,-39.34,1202.52,3477.72,97.2,0.4219,0.920,0.445,0.032,1,0,0,1,0,0,0,0,0.0,95.1,65.0,45.0,5,1,78.9,0,0,1,0.0,760,0.671,1.270,0.6267,93.4,1,6258,0,15,15,0
126109,56941,76772,-481.45,706.34,3477.72,97.1,0.4139,0.916,0.442,0.032,1,0,0,1,0,0,0,0,0.0,94.7,65.0,45.0,5,1,78.9,0,0,1,0.0,760,0.671,1.270,0.6267,93.4,1,6259,0,15,15,0
126129,56903,76747,-951.02,236.96,3477.72,96.8,0.4039,0.910,0.439,0.031,1,0,0,1,0,0,0,0,0.0,94.3,65.0,45.0,5,1,78.9,0,0,1,0.0,760,0.671,1.270,0.6267,93.4,1,6260,0,15,15,0
126149,56902,76709,-1431.82,-202.37,3477.72,96.6,0.3919,0.902,0.435,0.031,1,0,0,1,0,0,0,0,0.0,93.6,65.0,45.0,5,1,78.9,0,0,1,0.0,760,0.671,1.270,0.6267,93.4,1,6261,0,15,15,0
126169,56892,76657,-1843.84,-627.90,3477.72,96.2,0.3782,0.891,0.431,0.032,1,0,0,1,0,0,0,0,0.0,92.8,65.0,45.0,5,1,78.9,0,0,1,0.0,760,0.671,1.270,0.6267,93.4,1,6262,0,15,15,0
126189,56865,76625,-2176.69,-1062.73,3406.14,95.7,0.3636,0.878,0.427,0.032,1,0,0,1,0,0,0,0,0.0,91.8,65.0,45.0,5,1,78.9,0,0,1,0.0,760,0.671,1.270,0.6267,93.4,1,6263,0,15,15,0
126209,56860,76618,-2464.99,-1483.56,3250.90,95.2,0.3493,0.864,0.424,0.033,1,0,0,1,0,0,0,0,0.0,90.7,65.0,45.0,5,1,78.9,0,0,1,0.0,760,0.671,1.270,0.6267,93.4,1,6264,0,15,15,0
126229,56867,76600,-2677.50,-1845.02,3034.25,94.8,0.3366,0.850,0.424,0.033,1,0,0,1,0,0,0,0,0.0,89.6,65.0,45.0,5,1,78.9,0,0,1,0.0,760,0.671,1.270,0.6267,93.4,1,6265,0,15,15,0
126249,56892,76617,-2806.67,-2125.62,2764.20,94.4,0.3263,0.839,0.426,0.034,1,0,0,1,0,0,0,0,0.0,88.6,65.0,45.0,5,1,78.9,0,0,1,0.0,760,0.671,1.270,0.6267,93.4,1,6266,0,15,15,0
126269,56902,76601,-2818.63,-2345.70,2543.03,94.1,0.3191,0.831,0.430,0.033,1,0,0,1,0,0,0,0,0.0,88.0,65.0,45.0,5,1,78.9,0,0,1,0.0,760,0.671,1.270,0.6267,93.4,1,6267,0,15,15,0
126289,56905,76642,-2743.59,-2477.05,2543.03,93.9,0.3149,0.827,0.435,0.033,1,0,0,1,0,0,0,0,0.0,87.8,65.0,45.0,5,1,78.9,0,0,1,0.0,760,0.671,1.270,0.6267,93.4,1,6268,0,15,15,0
126309,56894,76638,-2625.18,-2513.05,2543.03,93.9,0.3133,0.826,0.441,0.032,1,0,0,1,0,0,0,0,0.0,87.8,65.0,45.0,5,1,78.9,0,0,1,0.0,760,0.671,1.270,0.6267,93.4,1,6269,0,15,15,0
126329,56873,76661,-2502.75,-2487.28,2543.03,94.0,0.3134,0.828,0.445,0.031,1,0,0,1,0,0,0,0,0.0,88.0,65.0,45.0,5,1,78.9,0,0,1,0.0,760,0.671,1.270,0.6267,93.4,1,6270,0,15,15,0
126349,56845,76644,-2417.18,-2425.14,2543.03,94.0,0.3143,0.829,0.448,0.029,1,0,0,1,0,0,0,0,0.0,88.2,65.0,45.0,5,1,78.9,0,0,1,0.0,760,0.671,1.270,0.6267,93.4,1,6271,0,15,15,0
126369,56810,76627,-2392.64,-2345.28,2543.03,94.0,0.3146,0.830,0.449,0.027,1,0,0,1,0,0,0,0,0.0,88.4,65.0,45.0,5,1,78.9,0,0,1,0.0,760,0.671,1.270,0.6267,93.4,1,6272,0,15,15,0
126389,56806,76613,-2442.34,-2281.13,2543.03,94.0,0.3135,0.828,0.447,0.026,1,0,0,1,0,0,0,0,0.0,88.3,65.0,45.0,5,1,78.9,0,0,1,0.0,760,0.671,1.270,0.6267,93.4,1,6273,0,15,15,0
126409,56775,76585,-2503.72,-2240.17,2543.03,93.8,0.3106,0.824,0.443,0.025,1,0,0,1,0,0,0,0,0.0,88.1,65.0,45.0,5,1,78.9,0,0,1,0.0,760,0.699,1.270,0.6267,93.4,1,6274,0,15,15,0
126429,56748,76586,-2597.35,-2239.44,2543.03,93.6,0.3058,0.816,0.437,0.024,1,0,0,1,0,0,0,0,0.0,87.5,65.0,45.0,5,1,78.9,0,0,1,0.0,760,0.746,1.270,0.6267,93.4,1,6275,0,15,15,0
126449,56752,76591,-2710.96,-2243.29,2543.03,93.2,0.2995,0.805,0.430,0.024,1,0,0,1,0,0,0,0,0.0,86.7,65.0,45.0,5,1,78.9,0,0,1,0.0,760,0.746,1.270,0.6267,93.4,1,6276,0,15,15,0
126469,56747,76606,-2800.76,-2229.42,2543.03,92.7,0.2920,0.792,0.422,0.024,1,0,0,1,0,0,0,0,0.0,85.7,65.0,45.0,5,1,78.9,0,0,1,0.0,760,0.748,1.270,0.6267,93.4,1,6277,0,15,15,0
126489,56754,76623,-2836.69,-2177.77,2526.63,92.2,0.2838,0.776,0.414,0.025,1,0,0,1,0,0,0,0,0.0,84.4,65.0,45.0,5,1,78.9,0,0,1,0.0,760,0.748,1.270,0.6267,93.4,1,6278,0,15,15,0
126509,56760,76620,-2817.36,-2087.33,2485.05,91.5,0.2752,0.758,0.406,0.026,1,0,0,1,0,0,0,0,0.0,83.0,65.0,45.0,5,1,78.9,0,0,1,0.0,760,0.748,1.270,0.6267,93.4,1,6279,0,15,15,0
126529,56775,76638,-2742.98,-1978.78,2423.31,90.9,0.2666,0.740,0.398,0.028,1,0,0,1,0,0,0,0,0.0,81.4,65.0,45.0,5,1,78.9,0,0,1,0.0,760,0.748,1.270,0.6267,93.4,1,6280,0,15,15,0
126549,56757,76637,-2632.96,-1849.23,2347.99,90.2,0.2582,0.720,0.391,0.030,1,0,0,1,0,0,0,0,0.0,79.7,65.0,45.0,5,1,78.9,0,0,1,0.0,760,0.748,1.269,0.6267,93.4,1,6281,0,15,15,0
126569,56771,76667,-2481.29,-1719.05,2262.71,89.5,0.2503,0.700,0.383,0.032,1,0,0,1,0,0,0,0,0.0,78.1,65.0,45.0,5,1,78.9,0,0,1,0.0,760,0.748,1.226,0.6267,93.4,1,6282,0,15,15,0
126589,56789,76697,-2312.71,-1560.05,2174.92,88.8,0.2430,0.681,0.376,0.034,1,0,0,1,0,0,0,0,0.0,76.4,65.0,45.0,5,1,78.9,0,0,1,0.0,760,0.748,1.186,0.6267,93.4,1,6283,0,15,15,0
126609,56808,76726,-2108.56,-1365.07,2085.48,88.2,0.2363,0.663,0.369,0.037,1,0,0,1,0,0,0,0,0.0,74.9,65.0,45.0,5,1,78.9,0,0,1,0.0,760,0.748,1.129,0.6267,93.4,1,6284,0,15,15,0
126629,56827,76758,-1866.46,-1139.60,1995.20,87.6,0.2303,0.646,0.363,0.040,1,0,0,1,0,0,0,0,0.0,73.4,65.0,45.0,5,1,78.9,0,0,1,0.0,760,0.748,1.073,0.6267,93.4,1,6285,0,15,15,0
126649,56839,76768,-1593.16,-888.47,1910.45,87.1,0.2251,0.630,0.356,0.043,1,0,0,1,0,0,0,0,0.0,72.0,65.0,45.0,5,1,78.9,0,0,1,0.0,760,0.748,0.999,0.6267,93.4,1,6286,0,15,15,0
126669,56838,76820,-1312.96,-649.31,1832.94,86.6,0.2206,0.617,0.351,0.045,1,0,0,1,0,0,0,0,0.0,70.8,65.0,45.0,5,1,78.9,0,0,1,0.0,760,0.748,0.860,0.6267,93.4,1,6287,0,15,15,0
126689,56871,76819,-1057.39,-382.89,1819.88,86.2,0.2169,0.606,0.346,0.048,1,0,0,1,0,0,0,0,0.0,69.7,65.0,45.0,5,1,78.9,0,0,1,0.0,760,0.748,0.732,0.6267,93.4,1,6288,0,15,15,0
126709,56883,76835,-781.93,-146.99,1819.88,85.9,0.2137,0.597,0.343,0.051,1,0,0,1,0,0,0,0,0.0,68.9,65.0,45.0,5,1,78.9,0,0,1,0.0,760,0.748,0.616,0.6267,93.4,1,6289,0,15,15,0
126729,56890,76837,-510.18,55.96,1819.88,85.7,0.2111,0.591,0.342,0.053,1,0,0,1,0,0,0,0,0.0,68.3,65.0,45.0,5,1,78.9,0,0,1,0.0,760,0.748,0.554,0.6267,93.4,1,6290,0,15,15,0
126749,56912,76891,-262.81,210.41,1819.88,85.6,0.2090,0.588,0.343,0.055,1,0,0,1,0,0,0,0,0.0,67.9,65.0,45.0,5,1,78.9,0,0,1,0.0,760,0.748,0.554,0.6267,93.4,1,6291,0,15,15,0
126769,56912,76924,-19.89,385.46,1819.88,85.6,0.2073,0.588,0.346,0.056,1,0,0,1,0,0,0,0,0.0,67.8,65.0,45.0,5,1,78.9,0,0,1,0.0,760,0.748,0.554,0.6267,93.4,1,6292,0,15,15,0
126789,56931,76939,185.21,576.12,1819.88,85.7,0.2060,0.590,0.351,0.057,1,0,0,1,0,0,0,0,0.0,68.0,65.0,45.0,5,1,78.9,0,0,1,0.0,760,0.748,0.554,0.6267,93.4,1,6293,0,15,15,0
126809,56971,76951,376.83,751.96,1819.88,85.8,0.2053,0.595,0.357,0.057,1,0,0,1,0,0,0,0,0.0,68.3,65.0,45.0,5,1,78.9,0,0,1,0.0,760,0.748,0.554,0.6267,93.4,1,6294,0,15,15,0
126829,56955,76939,573.94,880.82,1819.88,86.1,0.2051,0.602,0.364,0.056,1,0,0,1,0,0,0,0,0.0,68.9,65.0,45.0,5,1,78.9,0,0,1,0.0,760,0.748,0.554,0.6267,93.4,1,6295,0,15,15,0
126849,56978,76951,766.94,971.34,1819.88,86.3,0.2054,0.609,0.372,0.055,1,0,0,1,0,0,0,0,0.0,69.5,65.0,45.0,5,1,78.9,0,0,1,0.0,760,0.748,0.554,0.6267,93.4,1,6296,0,15,15,0
126869,56995,76965,934.26,1015.60,1819.88,86.6,0.2060,0.617,0.380,0.052,1,0,0,1,0,0,0,0,0.0,70.3,65.0,45.0,5,1,78.9,0,0,1,0.0,760,0.749,0.554,0.6267,93.4,1,6297,0,15,15,0
126889,57008,76990,1087.21,1035.44,1819.88,86.9,0.2069,0.625,0.389,0.050,1,0,0,1,0,0,0,0,0.0,71.0,65.0,45.0,5,1,78.9,0,0,1,0.0,760,0.749,0.554,0.6267,93.4,1,6298,0,15,15,0
126909,57034,77027,1223.61,1057.76,1819.88,87.1,0.2080,0.632,0.397,0.047,1,0,0,1,0,0,0,0,0.0,71.8,65.0,45.0,5,1,78.9,0,0,1,0.0,760,0.749,0.576,0.6267,93.4,1,6299,0,15,15,0
126929,57060,77057,1366.97,1108.78,1819.88,87.4,0.2093,0.640,0.405,0.043,1,0,0,1,0,0,0,0,0.0,72.6,65.0,45.0,5,1,78.9,0,0,1,0.0,760,0.726,0.615,0.6267,93.4,1,6300,0,15,15,0
126949,57062,77070,1524.14,1184.78,1819.88,87.7,0.2108,0.647,0.414,0.041,1,0,0,1,0,0,0,0,0.0,73.4,65.0,45.0,5,1,78.9,0,0,1,0.0,760,0.698,0.632,0.6267,93.4,1,6301,0,15,15,0
126969,57089,77079,1650.73,1256.82,1819.88,87.9,0.2123,0.655,0.422,0.039,1,0,0,1,0,0,0,0,0.0,74.1,65.0,45.0,5,1,78.9,0,0,1,0.0,760,0.675,0.643,0.6267,93.4,1,6302,0,15,15,0
126989,57075,77054,1751.58,1295.39,1819.88,88.2,0.2139,0.661,0.430,0.037,1,1,0,1,0,0,0,0,0.0,74.7,65.0,45.0,0,1,78.9,0,0,1,0.0,760,0.636,0.643,0.6267,93.4,1,6303,0,15,15,0
127009,57091,76985,1833.03,1271.50,1819.88,88.4,0.2153,0.668,0.438,0.037,1,1,0,1,0,0,0,0,0.0,75.2,65.0,45.0,0,1,78.9,0,0,1,0.0,760,0.610,0.643,0.6267,93.4,1,6304,0,15,15,0
127029,57043,76912,1848.91,1111.79,1819.88,88.5,0.2164,0.672,0.445,0.037,1,1,0,1,0,0,0,0,0.0,75.6,65.0,45.0,9,1,78.9,0,0,1,0.0,760,0.605,0.643,0.6267,93.4,1,6305,0,15,15,0
127049,57059,76857,1786.20,802.79,1819.88,88.6,0.2172,0.675,0.451,0.037,1,1,0,1,0,0,0,0,0.0,75.8,65.0,45.0,9,1,78.9,0,0,1,0.0,760,0.605,0.643,0.6267,93.4,1,6306,0,15,15,0
127069,57065,76818,1680.52,388.35,1819.88,88.7,0.2176,0.676,0.454,0.037,1,1,0,1,0,0,0,0,0.0,75.9,65.0,45.0,9,1,78.9,0,0,1,0.0,760,0.605,0.643,0.6267,93.4,1,6307,0,15,15,0
127089,57056,76810,1553.54,-72.53,1819.88,88.6,0.2177,0.675,0.456,0.038,1,1,0,1,0,0,0,0,0.0,75.7,65.0,45.0,9,1,78.9,0,0,1,0.0,760,0.605,0.643,0.6267,93.4,1,6308,0,15,15,0
127109,57069,76805,1429.07,-502.88,1819.88,88.5,0.2176,0.672,0.457,0.038,1,1,0,1,0,0,0,0,0.0,75.5,65.0,45.0,9,1,78.9,0,0,1,0.0,760,0.605,0.643,0.6267,93.4,1,6309,0,15,15,0
127129,57087,76831,1313.78,-860.94,1819.88,88.4,0.2175,0.667,0.456,0.039,1,1,0,1,0,0,0,0,0.0,75.1,65.0,45.0,9,1,78.9,0,0,1,0.0,760,0.604,0.643,0.6267,93.4,1,6310,0,15,15,0
127149,57096,76833,1235.20,-1108.76,1819.88,88.2,0.2173,0.662,0.455,0.039,1,1,0,1,0,0,0,0,0.0,74.7,65.0,45.0,9,1,78.9,0,0,1,0.0,760,0.613,0.643,0.6267,93.4,1,6311,0,15,15,0
127169,57103,76818,1183.37,-1272.82,1819.88,88.0,0.2172,0.656,0.453,0.038,1,1,0,1,0,0,0,0,0.0,74.2,65.0,45.0,9,1,78.9,0,0,1,0.0,760,0.625,0.643,0.6267,93.4,1,6312,0,15,15,0
127189,57121,76812,1146.95,-1391.97,1819.88,87.7,0.2171,0.650,0.450,0.038,1,1,0,1,0,0,0,0,0.0,73.8,65.0,45.0,9,1,78.9,0,0,1,0.0,760,0.657,0.643,0.6267,93.4,1,6313,0,15,15,0
127209,57125,76845,1139.05,-1469.90,1819.88,87.5,0.2170,0.643,0.448,0.037,1,1,0,1,0,0,0,0,0.0,73.3,65.0,45.0,9,1,78.9,0,0,1,0.0,760,0.664,0.643,0.6267,93.4,1,6314,0,15,15,0
127229,57152,76898,1135.38,-1477.11,1819.88,87.3,0.2169,0.637,0.445,0.036,1,1,0,1,0,0,0,0,0.0,72.9,65.0,45.0,9,1,78.9,0,0,1,0.0,760,0.711,0.643,0.6267,93.4,1,6315,0,15,15,0
127249,57152,76905,1166.75,-1377.07,1819.88,87.1,0.2167,0.631,0.444,0.035,1,1,0,1,0,0,0,0,0.0,72.6,65.0,45.0,9,1,78.9,0,0,1,0.0,760,0.711,0.643,0.6267,93.4,1,6316,0,15,15,0
127269,57178,76912,1191.26,-1233.28,1819.88,86.9,0.2166,0.626,0.442,0.034,1,1,0,1,0,0,0,0,0.0,72.3,65.0,45.0,9,1,78.9,0,0,1,0.0,760,0.757,0.643,0.6267,93.4,1,6317,0,15,15,0
127289,57166,76952,1217.72,-1079.27,1819.88,86.8,0.2165,0.622,0.442,0.033,1,1,0,1,0,0,0,0,0.0,72.0,65.0,45.0,9,1,78.9,0,0,1,0.0,760,0.757,0.643,0.6267,93.4,1,6318,0,15,15,0
127309,57185,76970,1245.33,-887.40,1819.88,86.7,0.2163,0.619,0.442,0.031,1,1,0,1,0,0,0,0,0.0,71.9,65.0,45.0,9,1,78.9,0,0,1,0.0,760,0.769,0.643,0.6267,93.4,1,6319,0,15,15,0
127329,57189,76991,1264.11,-683.28,1819.88,86.6,0.2162,0.617,0.443,0.030,1,1,0,1,0,0,0,0,0.0,71.8,65.0,45.0,9,1,78.9,0,0,1,0.0,760,0.776,0.643,0.6267,93.4,1,6320,0,15,15,0
127349,57211,77043,1265.52,-477.03,1819.88,86.6,0.2161,0.616,0.445,0.029,1,1,0,1,0,0,0,0,0.0,71.7,65.0,45.0,9,1,78.9,0,0,1,0.0,760,0.815,0.643,0.6267,93.4,1,6321,0,15,15,0
127369,57214,77096,1280.89,-233.61,1819.88,86.6,0.2161,0.616,0.447,0.028,1,1,0,1,0,0,0,0,0.0,71.8,65.0,45.0,9,1,78.9,0,0,1,0.0,760,0.820,0.665,0.6267,93.4,1,6322,0,15,15,0
127389,57227,77133,1286.28,54.64,1819.88,86.6,0.2163,0.617,0.449,0.028,1,1,0,1,0,0,0,0,0.0,71.9,65.0,45.0,9,1,78.9,0,0,1,0.0,760,0.842,0.713,0.6267,93.4,1,6323,0,15,15,0
127409,57246,77132,1291.17,358.52,1819.88,86.7,0.2166,0.619,0.452,0.027,1,1,0,1,0,0,0,0,0.0,72.1,65.0,45.0,9,1,78.9,0,0,1,0.0,760,0.876,0.712,0.6267,93.4,1,6324,0,15,15,0
127429,57231,77148,1283.05,613.99,1819.88,86.7,0.2170,0.621,0.456,0.027,1,1,0,1,0,0,0,0,0.0,72.3,65.0,45.0,9,1,78.9,0,0,1,0.0,760,0.875,0.725,0.6267,93.4,1,6325,0,15,15,0
127449,57248,77144,1278.43,812.97,1819.88,86.9,0.2175,0.624,0.459,0.027,1,1,0,1,0,0,0,0,0.0,72.5,65.0,45.0,9,1,78.9,0,0,1,0.0,760,0.879,0.705,0.6267,93.4,1,6326,0,15,15,0
127469,57256,77123,1259.93,943.83,1819.88,87.0,0.2180,0.628,0.463,0.027,1,1,0,1,0,0,0,0,0.0,72.8,65.0,45.0,9,1,78.9,0,0,1,0.0,760,0.880,0.687,0.6267,93.4,1,6327,0,15,15,0
127489,57226,77081,1218.93,982.48,1819.88,87.1,0.2180,0.632,0.467,0.028,1,1,0,1,0,0,0,0,0.0,73.1,65.0,45.0,9,1,78.9,0,0,1,0.0,760,0.875,0.687,0.6267,93.4,1,6328,0,15,15,0
127509,57172,77012,1115.89,904.31,1819.88,87.3,0.2173,0.636,0.474,0.028,1,1,0,1,0,0,0,0,0.0,73.4,65.0,45.0,9,1,78.9,0,0,1,0.0,760,0.875,0.664,0.6267,93.4,1,6329,0,15,15,0
127529,57120,76935,887.23,681.32,1819.88,87.4,0.2151,0.640,0.482,0.029,1,1,0,1,0,0,0,0,0.0,73.6,65.0,45.0,9,1,78.9,0,0,1,0.0,760,0.875,0.664,0.6267,93.4,1,6330,0,15,15,0
127549,57092,76897,531.61,315.16,1819.88,87.5,0.2113,0.643,0.492,0.031,1,1,0,1,0,0,0,0,0.0,73.7,65.0,45.0,9,1,78.9,0,0,1,0.0,760,0.850,0.625,0.6267,93.4,1,6331,0,15,15,0
127569,57073,76866,114.07,-116.45,1819.88,87.6,0.2056,0.645,0.506,0.033,1,1,0,1,0,0,0,0,0.0,73.7,65.0,45.0,9,1,78.9,0,0,1,0.0,760,0.818,0.586,0.6267,93.4,1,6332,0,15,15,0
127589,57047,76809,-309.41,-558.50,1819.88,87.6,0.1983,0.647,0.524,0.036,1,1,0,1,0,0,0,0,0.0,73.7,65.0,45.0,9,1,78.9,0,0,1,0.0,760,0.785,0.549,0.6267,93.4,1,6333,0,15,15,0
127609,57007,76735,-723.55,-1017.37,1819.88,87.8,0.1900,0.650,0.548,0.041,1,1,0,1,0,0,0,0,0.0,73.6,65.0,45.0,9,1,78.9,0,0,1,0.0,760,0.752,0.537,0.6267,93.4,1,6334,0,15,15,0
127629,56931,76662,-1144.53,-1511.17,1783.73,88.0,0.1813,0.656,0.578,0.047,1,1,0,1,0,0,0,0,0.0,73.7,65.0,45.0,9,1,0.0,0,0,0,0.0,760,0.732,0.632,0.6267,93.4,1,6335,0,15,15,0
127649,56900,76577,-1638.38,-2035.57,1716.54,88.3,0.1731,0.666,0.615,0.054,1,1,0,1,0,0,0,0,0.0,74.0,65.0,45.0,9,1,0.0,0,0,0,0.0,760,0.732,0.742,0.6267,93.4,1,6336,0,15,15,0
127669,56896,76542,-2134.89,-2594.79,1622.75,88.9,0.1661,0.682,0.659,0.064,1,1,0,1,0,0,0,0,0.0,74.6,65.0,45.0,9,1,0.0,0,0,0,0.0,760,0.675,0.788,0.6267,93.4,1,6337,0,15,15,0
127689,56893,76522,-2551.28,-3112.61,1495.69,89.6,0.1611,0.703,0.707,0.076,1,1,0,1,0,0,0,0,0.0,75.4,65.0,45.0,9,1,0.0,0,0,0,0.0,760,0.654,0.814,0.6267,93.4,1,6338,0,15,15,0
127709,56902,76525,-2854.12,-3534.54,1340.87,90.4,0.1585,0.726,0.752,0.090,1,1,0,1,0,0,0,0,0.0,76.2,65.0,45.0,9,1,0.0,0,0,0,0.0,760,0.641,0.814,0.6267,93.4,1,6339,0,15,15,0
127729,56891,76527,-3048.72,-3825.27,1329.95,91.2,0.1584,0.749,0.788,0.105,1,1,0,1,0,0,0,0,0.0,77.0,65.0,45.0,9,1,0.0,0,0,0,0.0,760,0.640,0.814,0.6267,93.4,1,6340,0,15,15,0
127749,56871,76518,-3149.18,-3986.55,1362.21,91.9,0.1603,0.769,0.812,0.120,1,1,0,1,0,0,0,0,0.0,77.5,65.0,45.0,9,1,0.0,0,0,0,0.0,760,0.675,0.819,0.6267,93.4,1,6341,0,15,15,0
127769,56853,76529,-3206.17,-4033.48,1371.60,92.5,0.1634,0.785,0.825,0.135,1,1,0,1,0,0,0,0,0.0,77.7,65.0,45.0,9,1,0.0,0,0,0,0.0,760,0.706,0.819,0.6267,93.4,1,6342,0,15,15,0
127789,56857,76535,-3234.91,-3988.14,1371.60,92.9,0.1670,0.796,0.830,0.148,1,1,0,1,0,0,0,0,0.0,77.7,65.0,45.0,9,1,0.0,0,0,0,0.0,760,0.706,0.819,0.6267,93.4,1,6343,0,15,15,0
127809,56846,76559,-3226.94,-3867.71,1371.60,93.1,0.1704,0.804,0.831,0.160,1,1,0,1,0,0,0,0,0.0,77.5,65.0,45.0,9,1,0.0,0,0,0,0.0,760,0.718,0.820,0.6267,93.4,1,6344,0,15,15,0
127829,56857,76562,-3169.47,-3666.86,1371.60,93.3,0.1732,0.809,0.831,0.170,1,1,0,1,0,0,0,0,0.0,77.3,65.0,45.0,9,1,0.0,0,0,0,0.0,760,0.718,0.820,0.6267,93.4,1,6345,0,15,15,0
127849,56858,76606,-3071.92,-3424.90,1371.60,93.4,0.1749,0.812,0.832,0.178,1,1,0,1,0,0,0,0,0.0,77.0,65.0,45.0,9,1,0.0,0,0,0,0.0,760,0.718,0.820,0.6267,93.4,1,6346,0,15,15,0
127869,56862,76610,-2942.77,-3110.90,1371.60,93.5,0.1755,0.814,0.835,0.185,1,1,0,1,0,0,0,0,0.0,76.7,65.0,45.0,9,1,0.0,0,0,0,0.0,760,0.719,0.820,0.6267,93.4,1,6347,0,15,15,0
127889,56824,76604,-2792.78,-2784.52,1371.60,93.5,0.1750,0.814,0.840,0.190,1,1,0,1,0,0,0,0,0.0,76.3,65.0,45.0,9,1,0.0,0,0,0,0.0,760,0.757,0.820,0.6267,93.4,1,6348,0,15,15,0
127909,56800,76591,-2691.72,-2477.26,1371.60,93.5,0.1734,0.814,0.848,0.195,1,1,0,1,0,0,0,0,0.0,76.0,65.0,45.0,9,1,0.0,0,0,0,0.0,760,0.799,0.820,0.6267,93.4,1,6349,0,15,15,0
127929,56799,76601,-2643.16,-2203.06,1371.60,93.5,0.1709,0.814,0.860,0.200,1,1,0,1,0,0,0,0,0.0,75.6,65.0,45.0,9,1,0.0,0,0,0,0.0,760,0.801,0.820,0.6267,93.4,1,6350,0,15,15,0
127949,56809,76597,-2597.56,-1966.32,1371.60,93.5,0.1677,0.813,0.875,0.205,1,1,0,1,0,0,0,0,0.0,75.3,65.0,45.0,9,1,0.0,0,0,0,0.0,760,0.801,0.820,0.6267,93.4,1,6351,0,15,15,0
127969,56783,76600,-2536.13,-1755.89,1363.77,93.4,0.1640,0.813,0.893,0.209,1,1,0,1,0,0,0,0,0.0,74.9,65.0,45.0,9,1,0.0,0,0,0,0.0,760,0.829,0.820,0.6267,93.4,1,6352,0,15,15,0
127989,56737,76592,-2480.86,-1573.13,1336.91,93.4,0.1600,0.812,0.913,0.214,1,1,0,1,0,0,0,0,0.0,74.6,65.0,45.0,9,1,0.0,0,0,0,0.0,760,0.910,0.820,0.6267,93.4,1,6353,0,15,15,0
128009,56705,76546,-2493.97,-1418.69,1286.25,93.4,0.1561,0.812,0.935,0.220,1,1,0,1,0,0,0,0,0.0,74.2,65.0,45.0,9,1,0.0,0,0,0,0.0,760,0.966,0.820,0.6267,93.4,1,6354,0,15,15,0
128029,56667,76529,-2564.78,-1344.77,1221.35,93.4,0.1525,0.813,0.958,0.225,1,0,0,1,0,0,0,0,0.0,73.9,65.0,45.0,0,1,78.9,0,0,0,0.0,760,1.033,0.820,0.6267,93.4,1,6355,0,15,15,0
128049,56644,76526,-2690.06,-1322.27,1138.59,93.5,0.1495,0.813,0.980,0.232,1,0,0,1,0,0,0,0,0.0,73.5,65.0,45.0,0,1,78.9,0,0,0,0.0,760,1.074,0.821,0.6267,93.4,1,6356,0,15,15,0
128069,56634,76530,-2831.66,-1308.93,1065.77,93.5,0.1471,0.813,1.001,0.238,1,0,0,1,0,0,0,0,0.0,73.1,65.0,45.0,5,1,78.9,0,0,0,0.0,760,1.091,0.821,0.6267,93.4,1,6357,0,15,15,0
128089,56631,76533,-2946.34,-1284.82,1065.77,93.5,0.1454,0.813,1.018,0.244,1,0,0,1,0,0,0,0,0.0,72.6,65.0,45.0,5,1,78.9,0,0,0,0.0,760,1.097,0.821,0.6267,93.4,1,6358,0,15,15,0
128109,56639,76555,-3000.90,-1240.76,1065.77,93.4,0.1443,0.813,1.032,0.250,1,0,0,1,0,0,0,0,0.0,72.2,65.0,45.0,5,1,78.9,0,0,0,0.0,760,1.097,0.821,0.6267,93.4,1,6359,0,15,15,0
128129,56639,76566,-2980.76,-1150.82,1065.77,93.4,0.1438,0.812,1.041,0.256,1,0,0,1,0,0,0,0,0.0,71.8,65.0,45.0,5,1,78.9,0,0,0,0.0,760,1.097,0.821,0.6267,93.4,1,6360,0,15,15,0
128149,56651,76585,-2899.88,-1026.72,1065.77,93.4,0.1435,0.810,1.047,0.261,1,0,0,1,0,0,0,0,0.0,71.3,65.0,45.0,5,1,78.9,0,0,0,0.0,760,1.097,0.821,0.6267,93.4,1,6361,0,15,15,0
128169,56668,76614,-2751.65,-868.69,1065.77,93.3,0.1434,0.808,1.048,0.264,1,0,0,1,0,0,0,0,0.0,70.9,65.0,45.0,5,1,78.9,0,0,0,0.0,760,1.097,0.821,0.6267,93.4,1,6362,0,15,15,0
128189,56693,76652,-2535.43,-669.88,1065.77,93.1,0.1435,0.804,1.044,0.266,1,0,0,1,0,0,0,0,0.0,70.4,65.0,45.0,5,1,78.9,0,0,0,0.0,760,1.098,0.821,0.6267,93.4,1,6363,0,15,15,0
128209,56740,76703,-2248.38,-423.43,1065.77,92.9,0.1436,0.798,1.035,0.267,1,0,0,1,0,0,0,0,0.0,70.0,65.0,45.0,5,1,78.9,0,0,0,0.0,760,1.098,0.821,0.6267,93.4,1,6364,0,15,15,0
128229,56774,76734,-1862.65,-118.60,1065.77,92.7,0.1437,0.792,1.023,0.266,1,0,0,1,0,0,0,0,0.0,69.6,65.0,45.0,5,1,78.9,0,0,0,0.0,760,1.098,0.821,0.6267,93.4,1,6365,0,15,15,0
128249,56798,76757,-1408.63,210.48,1065.77,92.5,0.1438,0.785,1.008,0.263,1,0,0,1,0,0,0,0,0.0,69.2,65.0,45.0,5,1,78.9,0,0,0,0.0,760,1.098,0.821,0.6267,93.4,1,6366,0,15,15,0
128269,56809,76779,-931.14,532.32,1065.77,92.2,0.1441,0.778,0.992,0.259,1,0,0,1,0,0,0,0,0.0,69.0,65.0,45.0,5,1,78.9,0,0,0,0.0,760,1.098,0.821,0.6267,93.4,1,6367,0,15,15,0
128289,56823,76801,-479.93,830.61,1065.77,92.0,0.1445,0.772,0.977,0.253,1,0,0,1,0,0,0,0,0.0,68.9,65.0,45.0,5,1,78.9,0,0,0,0.0,760,1.098,0.821,0.6267,93.4,1,6368,0,15,15,0
128309,56843,76836,-70.25,1099.13,1065.77,91.9,0.1451,0.768,0.963,0.245,1,0,0,1,0,0,0,0,0.0,69.1,65.0,45.0,5,1,78.9,0,0,0,0.0,760,1.098,0.821,0.6267,93.4,1,6369,0,15,15,0
128329,56865,76866,304.69,1354.38,1077.57,91.8,0.1460,0.764,0.951,0.237,1,0,0,1,0,0,0,0,0.0,69.3,65.0,45.0,5,1,78.9,0,0,0,0.0,760,1.099,0.821,0.6267,93.4,1,6370,0,15,15,0
128349,56886,76888,652.70,1595.60,1125.81,91.7,0.1473,0.763,0.940,0.228,1,0,0,1,0,0,0,0,0.0,69.8,65.0,45.0,5,1,78.9,0,0,0,0.0,760,1.099,0.821,0.6267,93.4,1,6371,0,15,15,0
128369,56911,76937,975.62,1811.20,1168.94,91.7,0.1489,0.762,0.929,0.219,1,0,0,1,0,0,0,0,0.0,70.4,65.0,45.0,5,1,78.9,0,0,0,0.0,760,1.099,0.821,0.6267,93.4,1,6372,0,15,15,0
128389,56945,76975,1281.80,2034.02,1213.50,91.7,0.1509,0.762,0.920,0.209,1,0,0,1,0,0,0,0,0.0,71.1,65.0,45.0,5,1,78.9,0,0,0,0.0,760,1.099,0.821,0.6267,93.4,1,6373,0,15,15,0
128409,56970,77000,1590.15,2259.04,1258.50,91.7,0.1532,0.764,0.911,0.199,1,0,0,1,0,0,0,0,0.0,71.8,65.0,45.0,5,1,78.9,0,0,0,0.0,760,1.099,0.821,0.6267,93.4,1,6374,0,15,15,0
128429,56985,77016,1888.48,2463.89,1299.47,91.8,0.1557,0.767,0.903,0.189,1,0,0,1,0,0,0,0,0.0,72.7,65.0,45.0,5,1,78.9,0,0,0,0.0,760,1.099,0.816,0.6267,93.4,1,6375,0,15,15,0
128449,57009,77068,2152.00,2628.04,1332.30,91.9,0.1583,0.770,0.896,0.179,1,0,0,1,0,0,0,0,0.0,73.7,65.0,45.0,5,1,78.9,0,0,0,0.0,760,1.099,0.789,0.6267,93.4,1,6376,0,15,15,0
128469,57012,77085,2389.13,2795.29,1365.75,92.1,0.1611,0.774,0.889,0.169,1,0,0,1,0,0,0,0,0.0,74.6,65.0,45.0,5,1,78.9,0,0,0,0.0,760,1.046,0.739,0.6267,93.4,1,6377,0,15,15,0
128489,57042,77101,2566.59,2934.06,1393.51,92.2,0.1641,0.778,0.883,0.159,1,0,0,1,0,0,0,0,0.0,75.6,65.0,45.0,5,1,78.9,0,0,0,0.0,760,0.952,0.760,0.6267,93.4,1,6378,0,15,15,0
128509,57045,77090,2726.30,3017.84,1410.26,92.4,0.1671,0.783,0.879,0.149,1,0,0,1,0,0,0,0,0.0,76.7,65.0,45.0,5,1,78.9,0,0,0,0.0,760,0.860,0.760,0.6267,93.4,1,6379,0,15,15,0
128529,57034,77021,2831.80,3036.06,1413.91,92.6,0.1700,0.789,0.875,0.140,1,0,0,1,0,0,0,0,0.0,77.7,65.0,45.0,5,1,78.9,0,0,0,0.0,760,0.811,0.760,0.6267,93.4,1,6380,0,15,15,0
128549,57021,76941,2860.40,2901.28,1413.91,92.8,0.1726,0.794,0.874,0.131,1,0,0,1,0,0,0,0,0.0,78.7,65.0,45.0,5,1,78.9,0,0,0,0.0,760,0.778,0.760,0.6267,93.4,1,6381,0,15,15,0
128569,56987,76838,2804.60,2586.97,1413.91,92.9,0.1746,0.798,0.874,0.123,1,0,0,1,0,0,0,0,0.0,79.6,65.0,45.0,5,1,78.9,0,0,0,0.0,760,0.732,0.760,0.6267,93.4,1,6382,0,15,15,0
128589,56941,76702,2636.17,2081.11,1413.91,93.0,0.1758,0.801,0.876,0.115,1,0,0,1,0,0,0,0,0.0,80.3,65.0,45.0,5,1,78.9,0,0,0,0.0,760,0.728,0.760,0.6267,93.4,1,6383,0,15,15,0
128609,56949,76614,2354.45,1367.92,1413.91,93.1,0.1763,0.802,0.879,0.108,1,0,0,1,0,0,0,0,0.0,80.9,65.0,45.0,5,1,78.9,0,0,0,0.0,760,0.728,0.760,0.6267,93.4,1,6384,0,15,15,0
128629,56972,76598,2047.05,542.92,1413.91,93.0,0.1763,0.801,0.880,0.102,1,0,0,1,0,0,0,0,0.0,81.2,65.0,45.0,5,1,78.9,0,0,0,0.0,760,0.728,0.760,0.6267,93.4,1,6385,0,15,15,0
128649,56975,76569,1797.60,-234.02,1413.91,92.9,0.1762,0.798,0.878,0.096,1,0,0,1,0,0,0,0,0.0,81.3,65.0,45.0,5,1,78.9,0,0,0,0.0,760,0.728,0.760,0.6267,93.4,1,6386,0,15,15,0
128669,56939,76462,1592.10,-914.82,1413.91,92.7,0.1762,0.791,0.872,0.090,1,0,0,1,0,0,0,0,0.0,81.2,65.0,45.0,5,1,78.9,0,0,0,0.0,760,0.728,0.833,0.6267,93.4,1,6387,0,15,15,0
128689,56934,76376,1360.56,-1591.71,1413.91,92.4,0.1767,0.782,0.861,0.084,1,0,0,1,0,0,0,0,0.0,81.0,65.0,45.0,5,1,78.9,0,0,0,0.0,760,0.728,0.945,0.6267,93.4,1,6388,0,15,15,0
128709,56924,76338,1130.97,-2267.81,1413.91,92.0,0.1778,0.770,0.843,0.078,1,0,0,1,0,0,0,0,0.0,80.4,65.0,45.0,5,1,78.9,0,0,0,0.0,760,0.728,0.995,0.6267,93.4,1,6389,0,15,15,0
128729,56926,76308,911.12,-2873.22,1413.91,91.5,0.1796,0.756,0.820,0.074,1,0,0,1,0,0,0,0,0.0,79.6,65.0,45.0,5,1,78.9,0,0,0,0.0,760,0.728,1.034,0.6267,93.4,1,6390,0,15,15,0
128749,56925,76316,717.35,-3362.26,1413.91,90.9,0.1821,0.740,0.792,0.072,1,0,0,1,0,0,0,0,0.0,78.5,65.0,45.0,5,1,78.9,0,0,0,0.0,760,0.728,1.034,0.6267,93.4,1,6391,0,15,15,0
128769,56960,76378,557.82,-3698.91,1413.91,90.3,0.1849,0.723,0.762,0.072,1,0,0,1,0,0,0,0,0.0,77.1,65.0,45.0,5,1,78.9,0,0,0,0.0,760,0.728,1.034,0.6267,93.4,1,6392,0,15,15,0
128789,57009,76478,491.73,-3804.36,1413.91,89.7,0.1877,0.707,0.735,0.074,1,0,0,1,0,0,0,0,0.0,75.8,65.0,45.0,5,1,78.9,0,0,0,0.0,760,0.728,1.034,0.6267,93.4,1,6393,0,15,15,0
128809,57029,76560,556.84,-3628.53,1413.91,89.2,0.1900,0.693,0.711,0.078,1,0,0,1,0,0,0,0,0.0,74.4,65.0,45.0,5,1,78.9,0,0,0,0.0,760,0.728,1.034,0.6267,93.4,1,6394,0,15,15,0
128829,57050,76615,695.84,-3218.26,1413.91,88.8,0.1914,0.680,0.694,0.082,1,0,0,1,0,0,0,0,0.0,73.2,65.0,45.0,5,1,78.9,0,0,0,0.0,760,0.737,1.034,0.6267,93.4,1,6395,0,15,15,0
128849,57052,76617,874.74,-2667.24,1413.91,88.5,0.1920,0.670,0.681,0.087,1,0,0,1,0,0,0,0,0.0,72.0,65.0,45.0,5,1,78.9,0,0,0,0.0,760,0.740,1.034,0.6267,93.4,1,6396,0,15,15,0
128869,57085,76672,1037.58,-2110.50,1413.91,88.2,0.1919,0.662,0.673,0.092,1,0,0,1,0,0,0,0,0.0,71.1,65.0,45.0,5,1,78.9,0,0,0,0.0,760,0.798,1.034,0.6267,93.4,1,6397,0,15,15,0
128889,57136,76762,1218.14,-1537.96,1413.91,88.0,0.1915,0.656,0.669,0.097,1,0,0,1,0,0,0,0,0.0,70.3,65.0,45.0,5,1,78.9,0,0,0,0.0,760,0.888,1.034,0.6267,93.4,1,6398,0,15,15,0
128909,57201,76841,1457.95,-906.45,1413.91,87.8,0.1907,0.651,0.667,0.101,1,0,0,1,0,0,0,0,0.0,69.7,65.0,45.0,5,1,78.9,0,0,0,0.0,760,1.002,1.034,0.6267,93.4,1,6399,0,15,15,0
128929,57255,76904,1787.68,-228.05,1413.91,87.7,0.1900,0.648,0.668,0.104,1,0,0,1,0,0,0,0,0.0,69.3,65.0,45.0,5,1,78.9,0,0,0,0.0,760,1.097,1.034,0.6267,93.4,1,6400,0,15,15,0
128949,57287,76982,2182.92,457.24,1413.91,87.7,0.1894,0.647,0.671,0.106,1,0,0,1,0,0,0,0,0.0,69.0,65.0,45.0,5,1,78.9,0,0,0,0.0,760,1.153,1.034,0.6267,93.4,1,6401,0,15,15,0
128969,57321,77042,2580.03,1145.33,1413.91,87.7,0.1893,0.649,0.676,0.108,1,0,0,1,0,0,0,0,0.0,69.0,65.0,45.0,5,1,78.9,0,0,0,0.0,760,1.212,1.034,0.6267,93.4,1,6402,0,15,15,0
128989,57343,77082,2952.10,1803.06,1413.91,87.8,0.1899,0.652,0.683,0.108,1,0,0,1,0,0,0,0,0.0,69.3,65.0,45.0,5,1,78.9,0,0,0,0.0,760,1.251,1.034,0.6267,93.4,1,6403,0,15,15,0
129009,57376,77165,3266.15,2387.89,1413.91,88.0,0.1913,0.658,0.690,0.108,1,0,0,1,0,0,0,0,0.0,69.7,65.0,45.0,5,1,78.9,0,0,0,0.0,760,1.308,1.117,0.6267,93.4,1,6404,0,15,15,0
129029,57402,77227,3533.57,2944.78,1413.91,88.3,0.1939,0.666,0.696,0.107,1,0,0,1,0,0,0,0,0.0,70.4,65.0,45.0,5,1,78.9,0,0,0,0.0,760,1.354,1.197,0.6267,93.4,1,6405,0,15,15,0
129049,57446,77285,3750.12,3462.02,1499.10,88.7,0.1976,0.676,0.702,0.105,1,0,0,1,0,0,0,0,0.0,71.3,65.0,45.0,5,1,78.9,0,0,0,0.0,760,1.431,1.273,0.6267,93.4,1,6406,0,15,15,0
129069,57466,77354,3951.28,3929.74,1592.64,89.1,0.2025,0.688,0.708,0.102,1,0,0,1,0,0,0,0,0.0,72.4,65.0,45.0,5,1,78.9,0,0,0,0.0,760,1.465,1.362,0.6267,93.4,1,6407,0,15,15,0
129089,57450,77332,4079.11,4331.28,1672.95,89.5,0.2082,0.701,0.712,0.100,1,0,0,1,0,0,0,0,0.0,73.6,65.0,45.0,5,1,78.9,0,0,0,0.0,760,1.451,1.362,0.6267,93.4,1,6408,0,15,15,0
129109,57450,77316,4111.86,4602.24,1727.14,90.0,0.2143,0.714,0.716,0.096,1,0,0,1,0,0,0,0,0.0,74.8,65.0,45.0,5,1,78.9,0,0,0,0.0,760,1.450,1.362,0.6267,93.4,1,6409,0,15,15,0
129129,57443,77273,4053.90,4711.12,1748.92,90.4,0.2204,0.727,0.719,0.093,1,0,0,1,0,0,0,0,0.0,76.0,65.0,45.0,5,1,78.9,0,0,0,0.0,760,1.429,1.361,0.6267,93.4,1,6410,0,15,15,0
129149,57403,77229,3907.88,4631.41,1748.92,90.8,0.2259,0.738,0.722,0.090,1,0,0,1,0,0,0,0,0.0,77.2,65.0,45.0,5,1,78.9,0,0,0,0.0,760,1.399,1.361,0.6267,93.4,1,6411,0,15,15,0
129169,57352,77192,3629.44,4379.21,1748.92,91.2,0.2306,0.748,0.724,0.086,1,0,0,1,0,0,0,0,0.0,78.2,65.0,45.0,5,1,78.9,0,0,0,0.0,760,1.355,1.361,0.6267,93.4,1,6412,0,15,15,0
129189,57334,77146,3202.73,3997.94,1748.92,91.5,0.2343,0.757,0.727,0.082,1,0,0,1,0,0,0,0,0.0,79.1,65.0,45.0,5,1,78.9,0,0,0,0.0,760,1.272,1.361,0.6267,93.4,1,6413,0,15,15,0
129209,57269,77072,2706.55,3515.64,1748.92,91.7,0.2369,0.763,0.728,0.079,1,0,0,1,0,0,0,0,0.0,79.8,65.0,45.0,5,1,78.9,0,0,0,0.0,760,1.212,1.361,0.6267,93.4,1,6414,0,15,15,0
129229,57226,76990,2103.19,2925.58,1748.92,91.9,0.2386,0.768,0.730,0.075,1,0,0,1,0,0,0,0,0.0,80.5,65.0,45.0,5,1,78.9,0,0,0,0.0,760,1.170,1.361,0.6267,93.4,1,6415,0,15,15,0
129249,57157,76937,1438.56,2235.79,1748.92,92.0,0.2394,0.772,0.731,0.072,1,0,0,1,0,0,0,0,0.0,81.0,65.0,45.0,5,1,78.9,0,0,0,0.0,760,1.151,1.361,0.6267,93.4,1,6416,0,15,15,0
129269,57104,76862,700.04,1509.63,1748.92,92.1,0.2397,0.775,0.733,0.068,1,0,0,1,0,0,0,0,0.0,81.4,65.0,45.0,5,1,78.9,0,0,0,0.0,760,1.126,1.361,0.6267,93.4,1,6417,0,15,15,0
129289,57043,76801,-70.49,755.81,1748.92,92.2,0.2396,0.777,0.734,0.065,1,0,0,1,0,0,0,0,0.0,81.8,65.0,45.0,5,1,78.9,0,0,0,0.0,760,1.091,1.361,0.6267,93.4,1,6418,0,15,15,0
129309,57040,76750,-858.01,8.01,1748.92,92.2,0.2395,0.778,0.736,0.061,1,0,0,1,0,0,0,0,0.0,82.1,65.0,45.0,5,1,78.9,0,0,0,0.0,760,1.052,1.361,0.6267,93.4,1,6419,0,15,15,0
129329,57039,76729,-1541.64,-700.21,1748.92,92.3,0.2395,0.780,0.739,0.058,1,0,0,1,0,0,0,0,0.0,82.5,65.0,45.0,5,1,78.9,0,0,0,0.0,760,1.015,1.361,0.6267,93.4,1,6420,0,15,15,0
129349,57009,76698,-2077.14,-1313.96,1748.92,92.4,0.2398,0.782,0.743,0.055,1,0,0,1,0,0,0,0,0.0,82.8,65.0,45.0,5,1,78.9,0,0,0,0.0,760,0.972,1.361,0.6267,93.4,1,6421,0,15,15,0
129369,56993,76668,-2515.21,-1832.11,1748.92,92.4,0.2404,0.784,0.748,0.051,1,0,0,1,0,0,0,0,0.0,83.2,65.0,45.0,5,1,78.9,0,0,0,0.0,760,0.949,1.361,0.6267,93.4,1,6422,0,15,15,0
129389,56987,76666,-2861.06,-2261.72,1748.92,92.5,0.2414,0.786,0.753,0.048,1,0,0,1,0,0,0,0,0.0,83.7,65.0,45.0,5,1,78.9,0,0,0,0.0,760,0.949,1.361,0.6267,93.4,1,6423,0,15,15,0
129409,56981,76657,-3108.68,-2576.86,1748.92,92.6,0.2426,0.789,0.758,0.044,1,0,0,1,0,0,0,0,0.0,84.1,65.0,45.0,5,1,78.9,0,0,0,0.0,760,0.949,1.361,0.6267,93.4,1,6424,0,15,15,0
129429,56960,76632,-3267.37,-2789.88,1748.92,92.7,0.2439,0.792,0.763,0.041,1,0,0,1,0,0,0,0,0.0,84.5,65.0,45.0,5,1,78.9,0,0,0,0.0,760,0.949,1.361,0.6267,93.4,1,6425,0,15,15,0
129449,56945,76628,-3379.03,-2939.87,1748.92,92.8,0.2452,0.794,0.768,0.039,1,0,0,1,0,0,0,0,0.0,84.9,65.0,45.0,5,1,78.9,0,0,0,0.0,760,0.949,1.361,0.6267,93.4,1,6426,0,15,15,0
129469,56915,76636,-3455.29,-3016.76,1748.92,92.9,0.2465,0.797,0.773,0.037,1,0,0,1,0,0,0,0,0.0,85.2,65.0,45.0,5,1,78.9,0,0,0,0.0,760,0.965,1.361,0.6267,93.4,1,6427,0,15,15,0
129489,56918,76641,-3526.41,-3020.76,1748.92,93.0,0.2477,0.799,0.778,0.035,1,0,0,1,0,0,0,0,0.0,85.5,65.0,45.0,5,1,78.9,0,0,0,0.0,760,0.965,1.362,0.6267,93.4,1,6428,0,15,15,0
129509,56892,76639,-3561.01,-2963.62,1748.92,93.0,0.2488,0.801,0.783,0.034,1,0,0,1,0,0,0,0,0.0,85.7,65.0,45.0,5,1,78.9,0,0,0,0.0,760,1.005,1.362,0.6267,93.4,1,6429,0,15,15,0
129529,56869,76598,-3586.84,-2863.34,1748.92,93.1,0.2499,0.803,0.789,0.034,1,0,0,1,0,0,0,0,0.0,85.9,65.0,45.0,5,1,78.9,0,0,0,0.0,760,1.045,1.362,0.6267,93.4,1,6430,0,15,15,0
129549,56831,76566,-3615.67,-2789.00,1748.92,93.2,0.2510,0.805,0.794,0.034,1,0,0,1,0,0,0,0,0.0,86.0,65.0,45.0,5,1,78.9,0,0,0,0.0,760,1.112,1.362,0.6267,93.4,1,6431,0,15,15,0
129569,56761,76522,-3677.95,-2753.06,1748.92,93.2,0.2520,0.806,0.800,0.034,1,0,0,1,0,0,0,0,0.0,86.1,65.0,45.0,5,1,78.9,0,0,0,0.0,760,1.235,1.362,0.6267,93.4,1,6432,0,15,15,0
129589,56701,76489,-3837.48,-2770.80,1748.92,93.3,0.2531,0.808,0.806,0.035,1,0,0,1,0,0,0,0,0.0,86.2,65.0,45.0,5,1,78.9,0,0,0,0.0,760,1.340,1.362,0.6267,93.4,1,6433,0,15,15,0
129609,56664,76445,-4085.48,-2825.10,1748.92,93.3,0.2542,0.809,0.813,0.035,1,0,0,1,0,0,0,0,0.0,86.2,65.0,45.0,5,1,78.9,0,0,0,0.0,760,1.405,1.362,0.6267,93.4,1,6434,0,15,15,0
129629,56655,76428,-4360.70,-2917.26,1748.92,93.4,0.2551,0.810,0.821,0.037,1,0,0,1,0,0,0,0,0.0,86.3,65.0,45.0,5,1,78.9,0,0,0,0.0,760,1.421,1.362,0.6267,93.4,1,6435,0,15,15,0
129649,56647,76420,-4580.35,-3004.68,1748.92,93.4,0.2559,0.811,0.829,0.038,1,0,0,1,0,0,0,0,0.0,86.2,65.0,45.0,5,1,78.9,0,0,0,0.0,760,1.435,1.362,0.6267,93.4,1,6436,0,15,15,0
129669,56609,76412,-4714.34,-3057.35,1748.92,93.4,0.2563,0.812,0.837,0.040,1,0,0,1,0,0,0,0,0.0,86.1,65.0,45.0,5,1,78.9,0,0,0,0.0,760,1.502,1.362,0.6267,93.4,1,6437,0,15,15,0
129689,56589,76383,-4815.21,-3067.26,1748.92,93.4,0.2563,0.812,0.846,0.042,1,0,0,1,0,0,0,0,0.0,86.0,65.0,45.0,5,1,78.9,0,0,0,0.0,760,1.537,1.362,0.6267,93.4,1,6438,0,15,15,0
129709,56582,76379,-4875.05,-3065.02,1748.92,93.4,0.2558,0.812,0.856,0.045,1,0,0,1,0,0,0,0,0.0,85.8,65.0,45.0,5,1,78.9,0,0,0,0.0,760,1.549,1.362,0.6267,93.4,1,6439,0,15,15,0
129729,56578,76384,-4871.95,-3025.62,1748.92,93.4,0.2548,0.812,0.866,0.048,1,0,0,1,0,0,0,0,0.0,85.6,65.0,45.0,5,1,78.9,0,0,0,0.0,760,1.556,1.352,0.6267,93.4,1,6440,0,15,15,0
129749,56589,76379,-4793.03,-2949.67,1748.92,93.4,0.2536,0.811,0.877,0.051,1,0,0,1,0,0,0,0,0.0,85.3,65.0,45.0,5,1,78.9,0,0,0,0.0,760,1.557,1.271,0.6267,93.4,1,6441,0,15,15,0
129769,56582,76388,-4644.34,-2831.10,1739.85,93.4,0.2522,0.811,0.887,0.055,1,0,0,1,0,0,0,0,0.0,85.1,65.0,45.0,5,1,78.9,0,0,0,0.0,760,1.557,1.270,0.6267,93.4,1,6442,0,15,15,0
129789,56614,76408,-4426.85,-2675.85,1715.77,93.4,0.2507,0.810,0.896,0.059,1,0,0,1,0,0,0,0,0.0,84.8,65.0,45.0,5,1,78.9,0,0,0,0.0,760,1.557,1.270,0.6267,93.4,1,6443,0,15,15,0
129809,56617,76427,-4120.16,-2471.47,1703.10,93.3,0.2492,0.809,0.904,0.062,1,0,0,1,0,0,0,0,0.0,84.5,65.0,45.0,5,1,78.9,0,0,0,0.0,760,1.557,1.270,0.6267,93.4,1,6444,0,15,15,0
129829,56651,76447,-3771.30,-2223.19,1703.10,93.3,0.2477,0.808,0.910,0.066,1,0,0,1,0,0,0,0,0.0,84.1,65.0,45.0,5,1,78.9,0,0,0,0.0,760,1.557,1.270,0.6267,93.4,1,6445,0,15,15,0
129849,56674,76500,-3352.60,-1940.42,1703.10,93.3,0.2463,0.807,0.915,0.069,1,0,0,1,0,0,0,0,0.0,83.8,65.0,45.0,5,1,78.9,0,0,0,0.0,760,1.558,1.270,0.6267,93.4,1,6446,0,15,15,0
129869,56688,76525,-2886.63,-1590.41,1703.10,93.2,0.2451,0.806,0.918,0.073,1,0,0,1,0,0,0,0,0.0,83.5,65.0,45.0,5,1,78.9,0,0,0,0.0,760,1.558,1.270,0.6267,93.4,1,6447,0,15,15,0
129889,56713,76582,-2409.97,-1210.58,1703.10,93.2,0.2441,0.805,0.919,0.075,1,0,0,1,0,0,0,0,0.0,83.2,65.0,45.0,5,1,78.9,0,0,0,0.0,760,1.558,1.270,0.6267,93.4,1,6448,0,15,15,0
129909,56754,76622,-1923.55,-781.28,1703.10,93.1,0.2432,0.803,0.919,0.078,1,0,0,1,0,0,0,0,0.0,83.0,65.0,45.0,5,1,78.9,0,0,0,0.0,760,1.558,1.270,0.6267,93.4,1,6449,0,15,15,0
129929,56784,76665,-1404.80,-328.78,1703.10,93.1,0.2425,0.802,0.918,0.079,1,0,0,1,0,0,0,0,0.0,82.7,65.0,45.0,5,1,78.9,0,0,0,0.0,760,1.559,1.270,0.6267,93.4,1,6450,0,15,15,0
129949,56809,76695,-874.11,132.38,1703.10,93.0,0.2420,0.800,0.916,0.080,1,0,0,1,0,0,0,0,0.0,82.5,65.0,45.0,5,1,78.9,0,0,0,0.0,760,1.559,1.270,0.6267,93.4,1,6451,0,15,15,0
129969,56842,76759,-355.66,573.03,1703.10,93.0,0.2417,0.799,0.913,0.081,1,0,0,1,0,0,0,0,0.0,82.4,65.0,45.0,5,1,78.9,0,0,0,0.0,760,1.559,1.271,0.6267,93.4,1,6452,0,15,15,0
129989,56881,76797,151.92,1025.42,1703.10,92.9,0.2417,0.798,0.910,0.081,1,0,0,1,0,0,0,0,0.0,82.4,65.0,45.0,5,1,78.9,0,0,0,0.0,760,1.559,1.271,0.6267,93.4,1,6453,0,15,15,0
130009,56912,76833,656.61,1461.48,1703.10,92.9,0.2420,0.798,0.907,0.080,1,0,0,1,0,0,0,0,0.0,82.4,65.0,45.0,5,1,78.9,0,0,0,0.0,760,1.560,1.271,0.6267,93.4,1,6454,0,15,15,0
130029,56945,76868,1142.55,1864.98,1703.10,92.9,0.2426,0.798,0.903,0.079,1,0,0,1,0,0,0,0,0.0,82.5,65.0,45.0,5,1,78.9,0,0,0,0.0,760,1.560,1.271,0.6267,93.4,1,6455,0,15,15,0
130049,56966,76891,1604.70,2228.56,1703.10,93.0,0.2436,0.799,0.900,0.078,1,0,0,1,0,0,0,0,0.0,82.6,65.0,45.0,5,1,78.9,0,0,0,0.0,760,1.560,1.271,0.6267,93.4,1,6456,0,15,15,0
130069,56989,76914,2018.11,2535.16,1703.10,93.0,0.2448,0.801,0.897,0.076,1,0,0,1,0,0,0,0,0.0,82.9,65.0,45.0,5,1,78.9,0,0,0,0.0,760,1.532,1.242,0.6267,93.4,1,6457,0,15,15,0
130089,57020,76953,2379.06,2782.90,1703.10,93.1,0.2462,0.803,0.894,0.074,1,0,0,1,0,0,0,0,0.0,83.1,65.0,45.0,5,1,78.9,0,0,0,0.0,760,1.533,1.222,0.6267,93.4,1,6458,0,15,15,0
130109,57050,76985,2704.38,2998.31,1703.10,93.2,0.2478,0.805,0.892,0.072,1,0,0,1,0,0,0,0,0.0,83.5,65.0,45.0,5,1,78.9,0,0,0,0.0,760,1.520,1.166,0.6267,93.4,1,6459,0,15,15,0
130129,57090,76994,3000.72,3184.98,1703.10,93.3,0.2496,0.809,0.890,0.070,1,0,0,1,0,0,0,0,0.0,83.9,65.0,45.0,5,1,78.9,0,0,0,0.0,760,1.450,1.108,0.6267,93.4,1,6460,0,15,15,0
130149,57125,77009,3289.75,3315.52,1703.10,93.4,0.2516,0.812,0.889,0.068,1,0,0,1,0,0,0,0,0.0,84.3,65.0,45.0,5,1,78.9,0,0,0,0.0,760,1.361,1.060,0.6267,93.4,1,6461,0,15,15,0
130169,57144,77007,3568.91,3390.69,1703.10,93.6,0.2536,0.816,0.890,0.065,1,0,0,1,0,0,0,0,0.0,84.8,65.0,45.0,5,1,78.9,0,0,0,0.0,760,1.329,1.000,0.6267,93.4,1,6462,0,15,15,0
130189,57129,76957,3779.37,3400.36,1703.10,93.7,0.2556,0.821,0.892,0.063,1,0,0,1,0,0,0,0,0.0,85.3,65.0,45.0,5,1,78.9,0,0,0,0.0,760,1.215,0.904,0.6267,93.4,1,6463,0,15,15,0
130209,57123,76874,3897.57,3282.67,1703.10,93.9,0.2575,0.825,0.895,0.061,1,0,0,1,0,0,0,0,0.0,85.7,65.0,45.0,5,1,78.9,0,0,0,0.0,760,1.139,0.822,0.6267,93.4,1,6464,0,15,15,0
130229,57087,76750,3915.08,2987.97,1703.10,94.0,0.2590,0.828,0.900,0.060,1,0,0,1,0,0,0,0,0.0,86.1,65.0,45.0,5,1,78.9,0,0,0,0.0,760,1.018,0.822,0.6267,93.4,1,6465,0,15,15,0
130249,57004,76592,3788.59,2470.08,1703.10,94.1,0.2600,0.831,0.905,0.059,1,0,0,1,0,0,0,0,0.0,86.4,65.0,45.0,5,1,78.9,0,0,0,0.0,760,0.995,0.822,0.6267,93.4,1,6466,0,15,15,0
130269,56973,76482,3437.91,1702.78,1703.10,94.1,0.2604,0.832,0.910,0.058,1,0,0,1,0,0,0,0,0.0,86.5,65.0,45.0,5,1,78.9,0,0,0,0.0,760,0.995,0.822,0.6267,93.4,1,6467,0,15,15,0
130289,56958,76419,2960.57,784.13,1703.10,94.1,0.2604,0.831,0.913,0.057,1,0,0,1,0,0,0,0,0.0,86.5,65.0,45.0,5,1,78.9,0,0,0,0.0,760,0.995,0.822,0.6267,93.4,1,6468,0,15,15,0
130309,56969,76406,2468.05,-151.62,1703.10,94.0,0.2602,0.829,0.913,0.057,1,0,0,1,0,0,0,0,0.0,86.4,65.0,45.0,5,1,78.9,0,0,0,0.0,760,0.995,0.822,0.6267,93.4,1,6469,0,15,15,0
130329,56966,76413,2014.16,-961.82,1703.10,93.9,0.2602,0.825,0.910,0.056,1,0,0,1,0,0,0,0,0.0,86.1,65.0,45.0,5,1,78.9,0,0,0,0.0,760,0.996,0.822,0.6267,93.4,1,6470,0,15,15,0
130349,56987,76383,1629.99,-1600.43,1703.10,93.7,0.2605,0.820,0.904,0.055,1,0,0,1,0,0,0,0,0.0,85.8,65.0,45.0,5,1,78.9,0,0,0,0.0,760,0.996,0.822,0.6267,93.4,1,6471,0,15,15,0
130369,57009,76430,1348.32,-2049.04,1703.10,93.5,0.2608,0.814,0.897,0.053,1,0,0,1,0,0,0,0,0.0,85.5,65.0,45.0,5,1,78.9,0,0,0,0.0,760,0.996,0.822,0.6267,93.4,1,6472,0,15,15,0
130389,57024,76492,1176.95,-2310.35,1703.10,93.3,0.2612,0.808,0.889,0.050,1,0,0,1,0,0,0,0,0.0,85.1,65.0,45.0,5,1,78.9,0,0,0,0.0,760,0.996,0.822,0.6267,93.4,1,6473,0,15,15,0
130409,57043,76544,1091.47,-2350.22,1703.10,93.1,0.2614,0.802,0.881,0.048,1,0,0,1,0,0,0,0,0.0,84.9,65.0,45.0,5,1,78.9,0,0,0,0.0,760,0.995,0.822,0.6267,93.4,1,6474,0,15,15,0
130429,57075,76593,1077.01,-2200.41,1703.10,92.9,0.2612,0.796,0.875,0.044,1,0,0,1,0,0,0,0,0.0,84.6,65.0,45.0,5,1,78.9,0,0,0,0.0,760,0.995,0.822,0.6267,93.4,1,6475,0,15,15,0
130449,57079,76619,1140.32,-1907.27,1703.10,92.7,0.2605,0.791,0.870,0.041,1,0,0,1,0,0,0,0,0.0,84.5,65.0,45.0,5,1,78.9,0,0,0,0.0,760,0.995,0.822,0.6267,93.4,1,6476,0,15,15,0
130469,57093,76673,1221.25,-1544.41,1703.10,92.5,0.2593,0.787,0.867,0.038,1,0,0,1,0,0,0,0,0.0,84.3,65.0,45.0,5,1,78.9,0,0,0,0.0,760,0.995,0.822,0.6267,93.4,1,6477,0,15,15,0
130489,57120,76730,1309.74,-1117.97,1703.10,92.4,0.2577,0.783,0.866,0.035,1,0,0,1,0,0,0,0,0.0,84.2,65.0,45.0,5,1,78.9,0,0,0,0.0,760,0.995,0.822,0.6267,93.4,1,6478,0,15,15,0
130509,57135,76780,1422.92,-639.97,1703.10,92.3,0.2558,0.780,0.867,0.033,1,0,0,1,0,0,0,0,0.0,84.1,65.0,45.0,5,1,78.9,0,0,0,0.0,760,0.995,0.822,0.6267,93.4,1,6479,0,15,15,0
130529,57152,76833,1541.07,-136.99,1703.10,92.2,0.2537,0.777,0.868,0.031,1,0,0,1,0,0,0,0,0.0,84.1,65.0,45.0,5,1,78.9,0,0,0,0.0,760,1.009,0.822,0.6267,93.4,1,6480,0,15,15,0
130549,57188,76873,1657.62,375.53,1703.10,92.1,0.2519,0.775,0.870,0.028,1,0,0,1,0,0,0,0,0.0,84.1,65.0,45.0,5,1,78.9,0,0,0,0.0,760,1.072,0.822,0.6267,93.4,1,6481,0,15,15,0
130569,57202,76900,1802.94,867.33,1703.10,92.1,0.2505,0.773,0.870,0.026,1,0,0,1,0,0,0,0,0.0,84.1,65.0,45.0,5,1,78.9,0,0,0,0.0,760,1.097,0.822,0.6267,93.4,1,6482,0,15,15,0
130589,57200,76869,1940.09,1270.68,1703.10,92.0,0.2499,0.772,0.870,0.024,1,0,0,1,0,0,0,0,0.0,84.2,65.0,45.0,5,1,78.9,0,0,0,0.0,760,1.097,0.822,0.6267,93.4,1,6483,0,15,15,0
130609,57173,76858,2031.98,1561.69,1703.10,92.0,0.2500,0.772,0.869,0.022,1,0,0,1,0,0,0,0,0.0,84.3,65.0,45.0,5,1,78.9,0,0,0,0.0,760,1.096,0.822,0.6267,93.4,1,6484,0,15,15,0
130629,57184,76867,2040.23,1746.97,1703.10,92.1,0.2507,0.773,0.867,0.021,1,0,0,1,0,0,0,0,0.0,84.5,65.0,45.0,5,1,78.9,0,0,0,0.0,760,1.096,0.822,0.6267,93.4,1,6485,0,15,15,0
130649,57150,76869,1970.34,1845.55,1703.10,92.1,0.2516,0.775,0.867,0.019,1,0,0,1,0,0,0,0,0.0,84.7,65.0,45.0,5,1,78.9,0,0,0,0.0,760,1.096,0.822,0.6267,93.4,1,6486,0,15,15,0
130669,57149,76865,1814.96,1876.83,1703.10,92.3,0.2523,0.779,0.868,0.018,1,0,0,1,0,0,0,0,0.0,85.0,65.0,45.0,5,1,78.9,0,0,0,0.0,760,1.096,0.822,0.6267,93.4,1,6487,0,15,15,0
130689,57108,76838,1624.73,1855.44,1703.10,92.4,0.2528,0.783,0.872,0.017,1,0,0,1,0,0,0,0,0.0,85.5,65.0,45.0,5,1,78.9,0,0,0,0.0,760,1.096,0.822,0.6267,93.4,1,6488,0,15,15,0
130709,57023,76780,1355.01,1761.65,1703.10,92.6,0.2526,0.789,0.880,0.016,1,0,0,1,0,0,0,0,0.0,86.0,65.0,45.0,5,1,78.9,0,0,0,0.0,760,1.095,0.821,0.6267,93.4,1,6489,0,15,15,0
130729,56989,76730,922.73,1557.40,1703.10,92.9,0.2516,0.796,0.891,0.016,1,0,0,1,0,0,0,0,0.0,86.5,65.0,45.0,5,1,78.9,0,0,0,0.0,760,1.088,0.821,0.6267,93.4,1,6490,0,15,15,0
130749,56959,76731,414.38,1257.52,1703.10,93.2,0.2498,0.805,0.907,0.017,1,0,0,1,0,0,0,0,0.0,87.1,65.0,45.0,5,1,78.9,0,0,0,0.0,760,1.088,0.816,0.6267,93.4,1,6491,0,15,15,0
130769,56949,76727,-111.38,949.31,1703.10,93.5,0.2472,0.814,0.927,0.019,1,0,0,1,0,0,0,0,0.0,87.7,65.0,45.0,5,1,78.9,0,0,0,0.0,760,1.032,0.816,0.6267,93.4,1,6492,0,15,15,0
130789,56962,76754,-568.89,675.05,1667.93,93.8,0.2443,0.824,0.950,0.023,1,0,0,1,0,0,0,0,0.0,88.2,65.0,45.0,5,1,78.9,0,0,0,0.0,760,1.026,0.816,0.6267,93.4,1,6493,0,15,15,0
130809,56965,76753,-923.48,477.54,1585.88,94.2,0.2415,0.834,0.973,0.027,1,0,0,1,0,0,0,0,0.0,88.7,65.0,45.0,5,1,78.9,0,0,0,0.0,760,0.967,0.816,0.6267,93.4,1,6494,0,15,15,0
130829,56930,76754,-1178.20,336.51,1555.68,94.5,0.2392,0.843,0.994,0.033,1,0,0,1,0,0,0,0,0.0,89.0,65.0,45.0,5,1,78.9,0,0,0,0.0,760,0.926,0.816,0.6267,93.4,1,6495,0,15,15,0
130849,56899,76712,-1404.11,233.93,1555.68,94.8,0.2376,0.850,1.011,0.040,1,0,0,1,0,0,0,0,0.0,89.1,65.0,45.0,5,1,78.9,0,0,0,0.0,760,0.902,0.816,0.6267,93.4,1,6496,0,15,15,0
130869,56886,76693,-1630.14,104.21,1555.68,95.0,0.2365,0.856,1.024,0.047,1,0,0,1,0,0,0,0,0.0,89.1,65.0,45.0,5,1,78.9,0,0,0,0.0,760,0.858,0.816,0.6267,93.4,1,6497,0,15,15,0
130889,56881,76703,-1833.10,-31.17,1555.68,95.1,0.2358,0.860,1.034,0.054,1,0,0,1,0,0,0,0,0.0,89.0,65.0,45.0,5,1,78.9,0,0,0,0.0,760,0.786,0.816,0.6267,93.4,1,6498,0,15,15,0
130909,56856,76718,-1990.30,-149.28,1555.68,95.2,0.2356,0.863,1.040,0.060,1,0,0,1,0,0,0,0,0.0,88.7,65.0,45.0,5,1,78.9,0,0,0,0.0,760,0.733,0.816,0.6267,93.4,1,6499,0,15,15,0
130929,56870,76729,-2108.28,-222.08,1555.68,95.3,0.2356,0.865,1.043,0.066,1,0,0,1,0,0,0,0,0.0,88.5,65.0,45.0,5,1,78.9,0,0,0,0.0,760,0.689,0.816,0.6267,93.4,1,6500,0,15,15,0
130949,56889,76757,-2174.21,-249.55,1555.68,95.3,0.2356,0.865,1.044,0.071,1,0,0,1,0,0,0,0,0.0,88.2,65.0,45.0,5,1,78.9,0,0,0,0.0,760,0.631,0.816,0.6267,93.4,1,6501,0,15,15,0
130969,56913,76755,-2155.41,-218.07,1555.68,95.3,0.2355,0.864,1.042,0.076,1,0,0,1,0,0,0,0,0.0,87.8,65.0,45.0,5,1,78.9,0,0,0,0.0,760,0.607,0.816,0.6267,93.4,1,6502,0,15,15,0
130989,56911,76758,-2045.68,-163.29,1555.68,95.2,0.2349,0.863,1.039,0.079,1,0,0,1,0,0,0,0,0.0,87.5,65.0,45.0,5,1,78.9,0,0,0,0.0,760,0.607,0.816,0.6267,93.4,1,6503,0,15,15,0
131009,56899,76749,-1896.45,-109.04,1555.68,95.1,0.2339,0.860,1.036,0.082,1,0,0,1,0,0,0,0,0.0,87.1,65.0,45.0,5,1,78.9,0,0,0,0.0,760,0.607,0.816,0.6267,93.4,1,6504,0,15,15,0
131029,56907,76691,-1742.88,-70.81,1555.68,95.0,0.2322,0.857,1.032,0.083,1,0,0,1,0,0,0,0,0.0,86.8,65.0,45.0,5,1,78.9,0,0,0,0.0,760,0.607,0.816,0.6267,93.4,1,6505,0,15,15,0
131049,56893,76664,-1608.35,-122.42,1555.68,94.9,0.2298,0.854,1.030,0.084,1,0,0,1,0,0,0,0,0.0,86.4,65.0,45.0,5,1,78.9,0,0,0,0.0,760,0.607,0.816,0.6267,93.4,1,6506,0,15,15,0
131069,56900,76663,-1484.37,-238.47,1555.68,94.7,0.2265,0.850,1.028,0.085,1,0,0,1,0,0,0,0,0.0,86.1,65.0,45.0,5,1,78.9,0,0,0,0.0,760,0.607,0.816,0.6267,93.4,1,6507,0,15,15,0
131089,56903,76643,-1368.69,-363.03,1555.68,94.6,0.2224,0.845,1.029,0.085,1,0,0,1,0,0,0,0,0.0,85.7,65.0,45.0,5,1,78.9,0,0,0,0.0,760,0.607,0.816,0.6267,93.4,1,6508,0,15,15,0
131109,56891,76626,-1260.08,-496.25,1555.68,94.4,0.2175,0.840,1.032,0.085,1,0,0,1,0,0,0,0,0.0,85.4,65.0,45.0,5,1,78.9,0,0,0,0.0,760,0.607,0.816,0.6267,93.4,1,6509,0,15,15,0
131129,56904,76629,-1152.45,-627.46,1539.73,94.2,0.2122,0.836,1.038,0.085,1,0,0,1,0,0,0,0,0.0,85.0,65.0,45.0,5,1,78.9,0,0,0,0.0,760,0.607,0.816,0.6267,93.4,1,6510,0,15,15,0
131149,56903,76619,-1049.45,-736.52,1489.29,94.1,0.2068,0.831,1.044,0.085,1,0,0,1,0,0,0,0,0.0,84.6,65.0,45.0,5,1,78.9,0,0,0,0.0,760,0.607,0.814,0.6267,93.4,1,6511,0,15,15,0
131169,56898,76622,-952.72,-818.68,1413.04,93.9,0.2018,0.826,1.050,0.086,1,1,0,1,0,0,0,0,0.0,84.2,65.0,45.0,0,1,78.9,0,0,1,0.0,760,0.607,0.748,0.6267,93.4,1,6512,0,15,15,0
131189,56788,76397,-871.81,-873.74,1316.58,93.8,0.1974,0.822,1.057,0.086,1,1,0,1,0,0,0,0,0.0,83.9,65.0,45.0,0,1,78.9,0,0,0,0.0,760,0.726,0.674,0.6267,93.4,1,6513,0,15,15,0
131209,56613,76000,-998.16,-1198.14,1293.53,93.7,0.1939,0.819,1.063,0.087,1,1,0,1,0,0,0,0,0.0,83.6,65.0,45.0,9,1,78.9,0,0,0,0.0,760,1.034,1.174,0.6267,93.4,1,6514,0,15,15,0
131229,56448,75662,-1494.46,-2103.15,1293.53,93.6,0.1919,0.816,1.065,0.088,1,0,0,1,0,0,0,0,0.0,83.3,65.0,45.0,0,1,78.9,0,0,0,0.0,760,1.323,1.615,0.6267,93.4,1,6515,0,15,15,0
131249,56293,75264,-2348.56,-3540.70,1388.21,93.5,0.1927,0.814,1.055,0.088,1,0,0,1,0,0,0,0,0.0,83.1,65.0,45.0,0,1,78.9,0,0,0,0.0,760,1.596,2.135,0.6267,93.4,1,6516,0,15,15,0
131269,56125,74930,-3475.48,-5477.85,1775.64,93.3,0.1981,0.810,1.026,0.086,1,0,0,1,0,0,0,0,0.0,82.9,65.0,45.0,5,1,78.9,0,0,0,0.0,760,1.891,2.572,0.6267,93.4,1,6517,0,15,15,0
131289,55976,74653,-4811.94,-7721.52,2224.38,93.2,0.2103,0.806,0.974,0.082,1,0,0,1,0,0,0,0,0.0,82.9,65.0,45.0,5,1,78.9,0,0,0,0.0,760,2.154,2.935,0.6267,93.4,1,6518,0,15,15,0
131309,55874,74410,-6252.95,-10048.24,2689.72,93.2,0.2304,0.805,0.908,0.078,1,0,0,1,0,0,0,0,0.0,83.1,65.0,45.0,5,1,78.9,0,0,0,0.0,760,2.334,3.254,0.6267,93.4,1,6519,0,15,15,0
131329,55794,74197,-7640.38,-12285.15,3137.10,93.3,0.2577,0.810,0.844,0.080,1,0,0,1,0,0,0,0,0.0,83.3,65.0,45.0,5,1,78.9,0,0,0,0.0,760,2.475,3.535,0.6267,93.4,1,6520,0,15,15,0
131349,55718,74026,-8863.44,-14311.54,3542.38,93.7,0.2906,0.820,0.789,0.086,1,0,0,1,0,0,0,0,0.0,83.7,65.0,45.0,5,1,78.9,0,0,0,0.0,760,2.610,3.761,0.6267,93.4,1,6521,0,15,15,0
131369,55659,73889,-9881.04,-16031.46,3886.36,94.1,0.3271,0.833,0.746,0.094,1,0,0,1,0,0,0,0,0.0,84.1,65.0,45.0,5,1,78.9,0,0,0,0.0,760,2.715,3.943,0.6267,93.4,1,6522,0,15,15,0
131389,55602,73748,-10664.86,-17386.66,4157.40,94.7,0.3650,0.847,0.714,0.105,1,0,0,1,0,0,0,0,0.0,84.6,65.0,45.0,5,1,78.9,0,0,0,0.0,760,2.817,4.130,0.6267,93.4,1,6523,0,15,15,0
131409,55550,73612,-11225.29,-18397.38,4359.55,95.1,0.4029,0.861,0.691,0.116,1,0,0,1,0,0,0,0,0.0,84.9,65.0,45.0,5,1,78.9,0,0,0,0.0,760,2.910,4.312,0.6267,93.4,1,6524,0,15,15,0
131429,55531,73572,-11583.55,-19103.85,4500.84,95.6,0.4396,0.874,0.673,0.127,1,0,0,1,0,0,0,0,0.0,85.1,65.0,45.0,5,1,78.9,0,0,0,0.0,760,2.945,4.368,0.6267,93.4,1,6525,0,15,15,0
131449,55520,73550,-11713.31,-19428.43,4565.76,96.0,0.4741,0.884,0.660,0.137,1,0,0,1,0,0,0,0,0.0,85.3,65.0,45.0,5,1,78.9,0,0,0,0.0,760,2.966,4.400,0.6267,93.4,1,6526,0,15,15,0
131469,55533,73523,-11600.31,-19365.86,4565.76,96.3,0.5055,0.893,0.649,0.147,1,0,0,1,0,0,0,0,0.0,85.3,65.0,45.0,5,1,78.9,0,0,0,0.0,760,2.968,4.439,0.6267,93.4,1,6527,0,15,15,0
131489,55534,73521,-11270.52,-18975.91,4565.76,96.5,0.5333,0.901,0.641,0.156,1,0,0,1,0,0,0,0,0.0,85.3,65.0,45.0,5,1,78.9,0,0,0,0.0,760,2.969,4.446,0.6267,93.4,1,6528,0,15,15,0
131509,55534,73543,-10770.04,-18295.90,4565.76,96.7,0.5573,0.906,0.635,0.164,1,0,0,1,0,0,0,0,0.0,85.2,65.0,45.0,5,1,78.9,0,0,0,0.0,760,2.971,4.449,0.6267,93.4,1,6529,0,15,15,0
131529,55549,73544,-10148.00,-17360.78,4565.76,96.9,0.5773,0.911,0.629,0.171,1,0,0,1,0,0,0,0,0.0,85.1,65.0,45.0,5,1,78.9,0,0,0,0.0,760,2.973,4.453,0.6267,93.4,1,6530,0,15,15,0
131549,55556,73530,-9419.72,-16256.16,4565.76,97.0,0.5937,0.915,0.625,0.177,1,0,0,1,0,0,0,0,0.0,85.0,65.0,45.0,5,1,78.9,0,0,0,0.0,760,2.975,4.457,0.6267,93.4,1,6531,0,15,15,0
131569,55550,73538,-8638.28,-15057.03,4565.76,97.1,0.6068,0.918,0.622,0.182,1,0,0,1,0,0,0,0,0.0,84.9,65.0,45.0,5,1,78.9,0,0,0,0.0,760,2.973,4.420,0.6267,93.4,1,6532,0,15,15,0
131589,55544,73508,-7841.28,-13821.34,4565.76,97.2,0.6170,0.921,0.619,0.186,1,0,0,1,0,0,0,0,0.0,84.8,65.0,45.0,5,1,78.9,0,0,0,0.0,760,2.946,4.441,0.6267,93.4,1,6533,0,15,15,0
131609,55530,73485,-7063.78,-12606.95,4565.76,97.3,0.6248,0.923,0.617,0.189,1,0,0,1,0,0,0,0,0.0,84.8,65.0,45.0,5,1,78.9,0,0,0,0.0,760,2.948,4.476,0.6267,93.4,1,6534,0,15,15,0
131629,55530,73466,-6338.17,-11445.46,4565.76,97.4,0.6307,0.925,0.615,0.192,1,0,0,1,0,0,0,0,0.0,84.8,65.0,45.0,5,1,78.9,0,0,0,0.0,760,2.889,4.505,0.6267,93.4,1,6535,0,15,15,0
131649,55531,73456,-5650.52,-10345.94,4565.76,97.5,0.6351,0.927,0.614,0.193,1,0,0,1,0,0,0,0,0.0,84.8,65.0,45.0,5,1,78.9,0,0,0,0.0,760,2.889,4.517,0.6267,93.4,1,6536,0,15,15,0
131669,55523,73472,-4995.33,-9286.09,4565.76,97.5,0.6382,0.930,0.612,0.194,1,0,0,1,0,0,0,0,0.0,84.9,65.0,45.0,5,1,78.9,0,0,0,0.0,760,2.818,4.485,0.6267,93.4,1,6537,0,15,15,0
131689,55526,73477,-4378.43,-8251.60,4565.76,97.6,0.6403,0.932,0.611,0.195,1,0,0,1,0,0,0,0,0.0,85.1,65.0,45.0,5,1,78.9,0,0,0,0.0,760,2.669,4.412,0.6267,93.4,1,6538,0,15,15,0
131709,55533,73499,-3794.55,-7243.00,4565.76,97.7,0.6417,0.934,0.611,0.195,1,0,0,1,0,0,0,0,0.0,85.3,65.0,45.0,5,1,78.9,0,0,0,0.0,760,2.610,4.387,0.6267,93.4,1,6539,0,15,15,0
131729,55558,73530,-3228.96,-6242.16,4565.76,97.8,0.6424,0.937,0.611,0.194,1,0,0,1,0,0,0,0,0.0,85.5,65.0,45.0,5,1,78.9,0,0,0,0.0,760,2.568,4.390,0.6267,93.4,1,6540,0,15,15,0
131749,55558,73548,-2645.16,-5236.98,4565.76,97.9,0.6428,0.939,0.610,0.193,1,0,0,1,0,0,0,0,0.0,85.8,65.0,45.0,5,1,78.9,0,0,0,0.0,760,2.570,4.394,0.6267,93.4,1,6541,0,15,15,0
131769,55570,73588,-2081.88,-4249.88,4565.76,98.0,0.6429,0.942,0.611,0.191,1,0,0,1,0,0,0,0,0.0,86.1,65.0,45.0,5,1,78.9,0,0,0,0.0,760,2.571,4.398,0.6267,93.4,1,6542,0,15,15,0
131789,55592,73625,-1535.11,-3266.17,4565.76,98.1,0.6428,0.944,0.611,0.189,1,0,0,1,0,0,0,0,0.0,86.4,65.0,45.0,5,1,78.9,0,0,0,0.0,760,2.572,4.401,0.6267,93.4,1,6543,0,15,15,0
131809,55604,73647,-987.62,-2292.52,4565.76,98.1,0.6429,0.947,0.611,0.186,1,0,0,1,0,0,0,0,0.0,86.8,65.0,45.0,5,1,78.9,0,0,0,0.0,760,2.511,4.405,0.6267,93.4,1,6544,0,15,15,0
131829,55606,73661,-455.95,-1359.75,4565.76,98.2,0.6430,0.949,0.612,0.184,1,0,0,1,0,0,0,0,0.0,87.1,65.0,45.0,5,1,78.9,0,0,0,0.0,760,2.482,4.409,0.6267,93.4,1,6545,0,15,15,0
131849,55610,73673,32.12,-494.12,4565.76,98.3,0.6435,0.950,0.613,0.180,1,0,0,1,0,0,0,0,0.0,87.5,65.0,45.0,5,1,78.9,0,0,0,0.0,760,2.483,4.412,0.6267,93.4,1,6546,0,15,15,0
131869,55600,73686,463.35,292.58,4565.76,98.3,0.6442,0.952,0.614,0.177,1,0,0,1,0,0,0,0,0.0,87.7,65.0,45.0,5,1,78.9,0,0,0,0.0,760,2.484,4.416,0.6267,93.4,1,6547,0,15,15,0
131889,55597,73675,825.58,985.89,4565.76,98.4,0.6452,0.953,0.615,0.173,1,0,0,1,0,0,0,0,0.0,88.0,65.0,45.0,5,1,78.9,0,0,0,0.0,760,2.485,4.419,0.6267,93.4,1,6548,0,15,15,0
131909,55573,73676,1125.91,1585.54,4565.76,98.4,0.6465,0.954,0.615,0.170,1,0,0,1,0,0,0,0,0.0,88.2,65.0,45.0,5,1,78.9,0,0,0,0.0,760,2.487,4.423,0.6267,93.4,1,6549,0,15,15,0
131929,55548,73637,1334.96,2096.54,4565.76,98.4,0.6480,0.955,0.616,0.166,1,0,0,1,0,0,0,0,0.0,88.5,65.0,45.0,5,1,78.9,0,0,0,0.0,760,2.488,4.427,0.6267,93.4,1,6550,0,15,15,0
131949,55507,73561,1450.27,2478.04,4565.76,98.5,0.6496,0.956,0.616,0.162,1,0,0,1,0,0,0,0,0.0,88.8,65.0,45.0,5,1,78.9,0,0,0,0.0,760,2.512,4.431,0.6267,93.4,1,6551,0,15,15,0
131969,55467,73433,1454.15,2676.47,4565.76,98.5,0.6511,0.956,0.617,0.157,1,0,0,1,0,0,0,0,0.0,89.0,65.0,45.0,5,1,78.9,0,0,0,0.0,760,2.581,4.465,0.6267,93.4,1,6552,0,15,15,0
131989,55434,73363,1357.58,2623.53,4565.76,98.5,0.6523,0.957,0.617,0.153,1,0,0,1,0,0,0,0,0.0,89.3,65.0,45.0,5,1,78.9,0,0,0,0.0,760,2.635,4.551,0.6267,93.4,1,6553,0,15,15,0
132009,55414,73289,1193.48,2408.50,4565.76,98.5,0.6530,0.957,0.616,0.149,1,0,0,1,0,0,0,0,0.0,89.6,65.0,45.0,5,1,78.9,0,0,0,0.0,760,2.672,4.577,0.6267,93.4,1,6554,0,15,15,0
132029,55330,73110,1010.52,2087.99,4565.76,98.5,0.6532,0.957,0.616,0.145,1,0,0,1,0,0,0,0,0.0,89.9,65.0,45.0,5,1,78.9,0,0,0,0.0,760,2.818,4.786,0.6267,93.4,1,6555,0,15,15,0
132049,55293,72984,715.69,1559.17,4565.76,98.5,0.6527,0.956,0.616,0.141,1,0,0,1,0,0,0,0,0.0,90.1,65.0,45.0,5,1,78.9,0,0,0,0.0,760,2.886,4.960,0.6267,93.4,1,6556,0,15,15,0
132069,55256,72928,376.67,888.82,4565.76,98.5,0.6515,0.956,0.615,0.137,1,0,0,1,0,0,0,0,0.0,90.4,65.0,45.0,5,1,78.9,0,0,0,0.0,760,2.954,5.013,0.6267,93.4,1,6557,0,15,15,0
132089,55248,72876,30.81,227.81,4565.76,98.4,0.6497,0.956,0.614,0.133,1,0,0,1,0,0,0,0,0.0,90.7,65.0,45.0,5,1,78.9,0,0,0,0.0,760,2.970,5.070,0.6267,93.4,1,6558,0,15,15,0
132109,55207,72810,-249.16,-352.04,4565.76,98.4,0.6474,0.955,0.613,0.129,1,0,0,1,0,0,0,0,0.0,90.9,65.0,45.0,5,1,78.9,0,0,0,0.0,760,3.046,5.164,0.6267,93.4,1,6559,0,15,15,0
132129,55190,72755,-501.24,-847.21,4565.76,98.4,0.6448,0.955,0.612,0.126,1,0,0,1,0,0,0,0,0.0,91.1,65.0,45.0,5,1,78.9,0,0,0,0.0,760,3.076,5.234,0.6267,93.4,1,6560,0,15,15,0
132149,55179,72707,-698.46,-1248.80,4565.76,98.4,0.6418,0.955,0.610,0.122,1,0,0,1,0,0,0,0,0.0,91.4,65.0,45.0,5,1,78.9,0,0,0,0.0,760,3.089,5.305,0.6267,93.4,1,6561,0,15,15,0
132169,55138,72685,-824.99,-1553.40,4565.76,98.4,0.6386,0.954,0.608,0.119,1,0,0,1,0,0,0,0,0.0,91.6,65.0,45.0,5,1,78.9,0,0,0,0.0,760,2.967,5.035,0.6267,93.4,1,6562,0,15,15,0
132189,55133,72676,-938.66,-1734.99,4542.22,98.4,0.6353,0.954,0.606,0.116,1,0,0,1,0,0,0,0,0.0,91.8,65.0,45.0,5,1,78.9,0,0,0,0.0,760,2.663,4.514,0.6267,93.4,1,6563,0,15,15,0
132209,55146,72677,-988.33,-1779.93,4483.28,98.4,0.6321,0.954,0.603,0.113,1,0,0,1,0,0,0,0,0.0,92.0,65.0,45.0,5,1,78.9,0,0,0,0.0,760,2.367,4.058,0.6267,93.4,1,6564,0,15,15,0
132229,55147,72695,-947.41,-1691.25,4420.98,98.4,0.6292,0.954,0.600,0.110,1,0,0,1,0,0,0,0,0.0,92.2,65.0,45.0,5,1,78.9,0,0,0,0.0,760,2.089,3.520,0.6267,93.4,1,6565,0,15,15,0
132249,55210,72767,-831.69,-1465.75,4420.98,98.4,0.6267,0.955,0.597,0.108,1,0,0,1,0,0,0,0,0.0,92.4,65.0,45.0,5,1,78.9,0,0,0,0.0,760,1.787,3.068,0.6267,93.4,1,6566,0,15,15,0
132269,55274,72919,-545.76,-1049.76,4420.98,98.5,0.6251,0.956,0.594,0.105,1,0,0,1,0,0,0,0,0.0,92.5,65.0,45.0,5,1,78.9,0,0,0,0.0,760,1.519,2.692,0.6267,93.4,1,6567,0,15,15,0
132289,55351,73120,-77.00,-342.95,4420.98,98.5,0.6244,0.957,0.591,0.103,1,0,0,1,0,0,0,0,0.0,92.7,65.0,45.0,5,1,78.9,0,0,0,0.0,760,1.336,2.362,0.6267,93.4,1,6568,0,15,15,0
132309,55484,73377,571.78,713.26,4420.98,98.6,0.6249,0.959,0.589,0.101,1,0,0,1,0,0,0,0,0.0,92.8,65.0,45.0,5,1,78.9,0,0,0,0.0,760,1.192,2.073,0.6267,93.4,1,6569,0,15,15,0
132329,55603,73621,1469.20,2157.79,4420.98,98.6,0.6269,0.961,0.588,0.099,1,0,0,1,0,0,0,0,0.0,93.0,65.0,45.0,5,1,78.9,0,0,0,0.0,760,1.055,1.840,0.6267,93.4,1,6570,0,15,15,0
132349,55662,73756,2571.25,3916.16,4668.92,98.7,0.6309,0.964,0.587,0.097,1,0,0,1,0,0,0,0,0.0,93.2,65.0,45.0,5,1,78.9,0,0,0,0.0,760,0.954,1.653,0.6267,93.4,1,6571,0,15,15,0
132369,55638,73714,3663.74,5684.31,5022.55,98.8,0.6372,0.967,0.587,0.095,1,0,0,1,0,0,0,0,0.0,93.3,65.0,45.0,5,1,78.9,0,0,0,0.0,760,0.954,1.472,0.6267,93.4,1,6572,0,15,15,0
132389,55603,73620,4585.27,7190.11,5323.71,98.9,0.6455,0.970,0.587,0.093,1,0,0,1,0,0,0,0,0.0,93.5,65.0,45.0,5,1,78.9,0,0,0,0.0,760,0.954,1.472,0.6267,93.4,1,6573,0,15,15,0
132409,55575,73564,5221.53,8215.88,5528.86,99.0,0.6554,0.972,0.588,0.091,1,0,0,1,0,0,0,0,0.0,93.7,65.0,45.0,5,1,78.9,0,0,0,0.0,760,0.954,1.472,0.6267,93.4,1,6574,0,15,15,0
132429,55515,73477,5574.38,8785.91,5642.87,99.1,0.6659,0.975,0.589,0.088,1,0,0,1,0,0,0,0,0.0,93.8,65.0,45.0,5,1,78.9,0,0,0,0.0,760,0.954,1.472,0.6267,93.4,1,6575,0,15,15,0
132449,55472,73399,5623.56,8928.02,5671.29,99.2,0.6762,0.977,0.590,0.086,1,0,0,1,0,0,0,0,0.0,94.0,65.0,45.0,5,1,78.9,0,0,0,0.0,760,0.954,1.472,0.6267,93.4,1,6576,0,15,15,0
132469,55447,73346,5436.01,8726.94,5671.29,99.3,0.6859,0.979,0.590,0.084,1,0,0,1,0,0,0,0,0.0,94.2,65.0,45.0,5,1,78.9,0,0,0,0.0,760,0.954,1.473,0.6267,93.4,1,6577,0,15,15,0
132489,55433,73322,5108.33,8303.45,5671.29,99.3,0.6945,0.981,0.590,0.081,1,0,0,1,0,0,0,0,0.0,94.4,65.0,45.0,5,1,78.9,0,0,0,0.0,760,0.954,1.473,0.6267,93.4,1,6578,0,15,15,0
132509,55430,73332,4723.33,7796.72,5671.29,99.4,0.7020,0.982,0.590,0.079,1,0,0,1,0,0,0,0,0.0,94.6,65.0,45.0,5,1,78.9,0,0,0,0.0,760,0.954,1.473,0.6267,93.4,1,6579,0,15,15,0
132529,55420,73347,4346.49,7298.85,5671.29,99.4,0.7084,0.984,0.589,0.076,1,0,0,1,0,0,0,0,0.0,94.7,65.0,45.0,5,1,78.9,0,0,0,0.0,760,0.954,1.473,0.6267,93.4,1,6580,0,15,15,0
132549,55421,73352,3995.18,6870.49,5671.29,99.5,0.7140,0.985,0.589,0.074,1,0,0,1,0,0,0,0,0.0,94.9,65.0,45.0,5,1,78.9,0,0,0,0.0,760,0.954,1.473,0.6267,93.4,1,6581,0,15,15,0
132569,55434,73357,3692.02,6515.17,5671.29,99.5,0.7188,0.985,0.588,0.072,1,0,0,1,0,0,0,0,0.0,95.0,65.0,45.0,5,1,78.9,0,0,0,0.0,760,0.954,1.473,0.6267,93.4,1,6582,0,15,15,0
132589,55427,73330,3452.47,6218.93,5671.29,99.5,0.7229,0.986,0.587,0.070,1,0,0,1,0,0,0,0,0.0,95.2,65.0,45.0,5,1,78.9,0,0,0,0.0,760,0.954,1.473,0.6267,93.4,1,6583,0,15,15,0
132609,55424,73350,3264.07,5966.43,5671.29,99.5,0.7266,0.986,0.586,0.068,1,0,0,1,0,0,0,0,0.0,95.3,65.0,45.0,5,1,78.9,0,0,0,0.0,760,0.954,1.473,0.6267,93.4,1,6584,0,15,15,0
132629,55443,73351,3115.44,5749.19,5671.29,99.5,0.7299,0.987,0.585,0.066,1,0,0,1,0,0,0,0,0.0,95.5,65.0,45.0,5,1,78.9,0,0,0,0.0,760,0.954,1.473,0.6267,93.4,1,6585,0,15,15,0
132649,55449,73359,3026.49,5561.12,5671.29,99.6,0.7329,0.987,0.584,0.064,1,0,0,1,0,0,0,0,0.0,95.6,65.0,45.0,5,1,78.9,0,0,0,0.0,760,0.954,1.473,0.6267,93.4,1,6586,0,15,15,0
132669,55442,73375,2967.29,5406.07,5671.29,99.6,0.7357,0.988,0.583,0.063,1,0,0,1,0,0,0,0,0.0,95.7,65.0,45.0,5,1,78.9,0,0,0,0.0,760,0.954,1.473,0.6267,93.4,1,6587,0,15,15,0
132689,55466,73392,2932.41,5292.44,5671.29,99.6,0.7384,0.988,0.583,0.061,1,0,0,1,0,0,0,0,0.0,95.8,65.0,45.0,5,1,78.9,0,0,0,0.0,760,0.954,1.473,0.6267,93.4,1,6588,0,15,15,0
132709,55463,73376,2930.61,5196.88,5671.29,99.6,0.7410,0.988,0.583,0.059,1,0,0,1,0,0,0,0,0.0,95.9,65.0,45.0,5,1,78.9,0,0,0,0.0,760,0.954,1.473,0.6267,93.4,1,6589,0,15,15,0
132729,55468,73397,2939.80,5128.17,5671.29,99.6,0.7436,0.988,0.583,0.058,1,0,0,1,0,0,0,0,0.0,96.0,65.0,45.0,5,1,78.9,0,0,0,0.0,760,0.954,1.473,0.6267,93.4,1,6590,0,15,15,0
132749,55478,73407,2946.94,5070.42,5671.29,99.6,0.7463,0.988,0.583,0.056,1,0,0,1,0,0,0,0,0.0,96.1,65.0,45.0,5,1,78.9,0,0,0,0.0,760,0.954,1.473,0.6267,93.4,1,6591,0,15,15,0
132769,55475,73413,2955.71,5022.24,5671.29,99.6,0.7490,0.988,0.584,0.054,1,0,0,1,0,0,0,0,0.0,96.3,65.0,45.0,5,1,78.9,0,0,0,0.0,760,0.954,1.473,0.6267,93.4,1,6592,0,15,15,0
132789,55476,73426,2955.72,4975.73,5671.29,99.6,0.7518,0.989,0.585,0.053,1,0,0,1,0,0,0,0,0.0,96.4,65.0,45.0,5,1,78.9,0,0,0,0.0,760,0.954,1.473,0.6267,93.4,1,6593,0,15,15,0
132809,55481,73423,2941.75,4932.66,5671.29,99.6,0.7545,0.989,0.585,0.051,1,0,0,1,0,0,0,0,0.0,96.5,65.0,45.0,5,1,78.9,0,0,0,0.0,760,0.954,1.474,0.6267,93.4,1,6594,0,15,15,0
132829,55483,73431,2922.62,4883.11,5671.29,99.6,0.7572,0.989,0.586,0.049,1,0,0,1,0,0,0,0,0.0,96.6,65.0,45.0,5,1,78.9,0,0,0,0.0,760,0.955,1.474,0.6267,93.4,1,6595,0,15,15,0
132849,55489,73422,2896.87,4815.37,5671.29,99.6,0.7598,0.990,0.587,0.047,1,0,0,1,0,0,0,0,0.0,96.7,65.0,45.0,5,1,78.9,0,0,0,0.0,760,0.955,1.474,0.6267,93.4,1,6596,0,15,15,0
132869,55490,73419,2872.07,4730.05,5671.29,99.7,0.7624,0.990,0.588,0.046,1,0,0,1,0,0,0,0,0.0,96.9,65.0,45.0,5,1,78.9,0,0,0,0.0,760,0.955,1.474,0.6267,93.4,1,6597,0,15,15,0
132889,55479,73419,2839.85,4627.32,5671.29,99.7,0.7648,0.991,0.589,0.044,1,0,0,1,0,0,0,0,0.0,97.0,65.0,45.0,5,1,78.9,0,0,0,0.0,760,0.955,1.474,0.6267,93.4,1,6598,0,15,15,0
132909,55489,73413,2797.78,4514.28,5671.29,99.7,0.7672,0.992,0.589,0.042,1,0,0,1,0,0,0,0,0.0,97.1,65.0,45.0,5,1,78.9,0,0,0,0.0,760,0.955,1.474,0.6267,93.4,1,6599,0,15,15,0
132929,55499,73446,2746.28,4395.73,5671.29,99.7,0.7694,0.993,0.590,0.040,1,0,0,1,0,0,0,0,0.0,97.2,65.0,45.0,5,1,78.9,0,0,0,0.0,760,0.955,1.474,0.6267,93.4,1,6600,0,15,15,0
132949,55499,73445,2705.46,4311.09,5671.29,99.8,0.7716,0.994,0.591,0.039,1,0,0,1,0,0,0,0,0.0,97.4,65.0,45.0,5,1,78.9,0,0,0,0.0,760,0.955,1.474,0.6267,93.4,1,6601,0,15,15,0
132969,55495,73430,2663.40,4235.26,5671.29,99.8,0.7736,0.995,0.592,0.037,1,0,0,1,0,0,0,0,0.0,97.5,65.0,45.0,5,1,78.9,0,0,0,0.0,760,0.955,1.474,0.6267,93.4,1,6602,0,15,15,0
132989,55495,73433,2608.03,4140.09,5671.29,99.8,0.7756,0.995,0.592,0.035,1,0,0,1,0,0,0,0,0.0,97.6,65.0,45.0,5,1,78.9,0,0,0,0.0,760,0.955,1.474,0.6267,93.4,1,6603,0,15,15,0
133009,55496,73431,2543.94,4031.19,5671.29,99.9,0.7774,0.996,0.593,0.034,1,0,0,1,0,0,0,0,0.0,97.7,65.0,45.0,5,1,78.9,0,0,0,0.0,760,0.955,1.474,0.6267,93.4,1,6604,0,15,15,0
133029,55504,73444,2476.35,3918.89,5671.29,99.9,0.7791,0.997,0.593,0.032,1,0,0,1,0,0,0,0,0.0,97.8,65.0,45.0,5,1,78.9,0,0,0,0.0,760,0.955,1.474,0.6267,93.4,1,6605,0,15,15,0
133049,55500,73436,2413.72,3809.75,5671.29,99.9,0.7808,0.997,0.594,0.030,1,0,0,1,0,0,0,0,0.0,97.9,65.0,45.0,5,1,78.9,0,0,0,0.0,760,0.955,1.474,0.6267,93.4,1,6606,0,15,15,0
133069,55496,73441,2351.58,3709.21,5671.29,99.9,0.7823,0.998,0.594,0.029,1,0,0,1,0,0,0,0,0.0,98.1,65.0,45.0,5,1,78.9,0,0,0,0.0,760,0.954,1.474,0.6267,93.4,1,6607,0,15,15,0
133089,55502,73438,2288.27,3607.44,5671.29,99.9,0.7838,0.998,0.594,0.027,1,0,0,1,0,0,0,0,0.0,98.2,65.0,45.0,5,1,78.9,0,0,0,0.0,760,0.954,1.473,0.6267,93.4,1,6608,0,15,15,0
133109,55489,73437,2216.15,3505.22,5671.29,99.9,0.7852,0.998,0.595,0.026,1,0,0,1,0,0,0,0,0.0,98.2,65.0,45.0,5,1,78.9,0,0,0,0.0,760,0.954,1.473,0.6267,93.4,1,6609,0,15,15,0
133129,55503,73435,2152.24,3401.98,5671.29,99.9,0.7866,0.999,0.595,0.025,1,0,0,1,0,0,0,0,0.0,98.3,65.0,45.0,5,1,78.9,0,0,0,0.0,760,0.954,1.473,0.6267,93.4,1,6610,0,15,15,0
133149,55496,73415,2080.36,3296.71,5671.29,100.0,0.7878,0.999,0.595,0.023,1,0,0,1,0,0,0,0,0.0,98.4,65.0,45.0,5,1,78.9,0,0,0,0.0,760,0.954,1.473,0.6267,93.4,1,6611,0,15,15,0
133169,55499,73423,2012.12,3175.86,5671.29,100.0,0.7890,0.999,0.595,0.022,1,0,0,1,0,0,0,0,0.0,98.5,65.0,45.0,5,1,78.9,0,0,0,0.0,760,0.954,1.472,0.6267,93.4,1,6612,0,15,15,0
133189,55486,73428,1940.95,3053.65,5671.29,100.0,0.7901,0.999,0.595,0.021,1,0,0,1,0,0,0,0,0.0,98.6,65.0,45.0,5,1,78.9,0,0,0,0.0,760,0.930,1.471,0.6267,93.4,1,6613,0,15,15,0
133209,55476,73413,1852.08,2936.77,5671.29,100.0,0.7911,0.999,0.595,0.020,1,0,0,1,0,0,0,0,0.0,98.6,65.0,45.0,5,1,78.9,0,0,0,0.0,760,0.928,1.446,0.6267,93.4,1,6614,0,15,15,0
133229,55476,73406,1742.71,2813.87,5671.29,100.0,0.7920,0.999,0.595,0.019,1,0,0,1,0,0,0,0,0.0,98.7,65.0,45.0,5,1,78.9,0,0,0,0.0,760,0.815,1.347,0.6267,93.4,1,6615,0,15,15,0
133249,55474,73396,1634.04,2686.19,5671.29,100.0,0.7924,0.999,0.595,0.018,1,0,0,1,0,0,0,0,0.0,98.8,65.0,45.0,5,1,78.9,0,0,0,0.0,760,0.699,1.140,0.6267,93.4,1,6616,0,15,15,0
133269,55457,73393,1531.68,2551.56,5671.29,100.0,0.7918,0.999,0.595,0.017,1,0,0,1,0,0,0,0,0.0,98.8,65.0,45.0,5,1,78.9,0,0,0,0.0,760,0.561,0.866,0.6267,93.4,1,6617,0,15,15,0
133289,55456,73351,1410.02,2420.82,5671.29,100.0,0.7894,0.999,0.594,0.016,1,1,0,1,0,0,0,0,0.0,98.9,65.0,45.0,0,1,78.9,0,0,1,0.0,760,0.436,0.591,0.6267,93.4,1,6618,0,15,15,0
133309,55461,73362,1293.92,2259.64,5671.29,100.0,0.7844,0.999,0.594,0.016,1,1,0,1,0,0,0,0,0.0,98.9,65.0,45.0,0,1,78.9,0,0,0,0.0,760,0.436,0.591,0.6267,93.4,1,6619,0,15,15,0
133329,55453,73341,1191.72,2087.72,5671.29,100.0,0.7761,0.999,0.593,0.015,1,1,0,1,0,0,0,0,0.0,99.0,65.0,45.0,9,1,78.9,0,0,0,0.0,760,0.436,0.591,0.6267,93.4,1,6620,0,15,15,0
133349,55438,73349,1101.86,1928.57,5671.29,100.0,0.7639,0.999,0.592,0.015,1,1,0,1,0,0,0,0,0.0,99.0,65.0,45.0,9,1,78.9,0,0,0,0.0,760,0.393,0.534,0.6267,93.4,1,6621,0,15,15,0
133369,55432,73365,1000.41,1793.88,5671.29,100.0,0.7476,0.999,0.590,0.014,1,1,0,1,0,0,0,0,0.0,99.0,65.0,45.0,9,1,78.9,0,0,0,0.0,760,0.330,0.406,0.6267,93.4,1,6622,0,15,15,0
133389,55422,73363,896.83,1705.31,5671.29,100.0,0.7275,0.999,0.588,0.014,1,1,0,1,0,0,0,0,0.0,99.1,65.0,45.0,9,1,78.9,0,0,0,0.0,760,0.279,0.330,0.6267,93.4,1,6623,0,15,15,0
133409,55426,73369,796.15,1648.66,5671.29,100.0,0.7036,0.999,0.587,0.014,1,1,0,1,0,0,0,0,0.0,99.1,65.0,45.0,9,1,78.9,0,0,0,0.0,760,0.171,0.211,0.6267,93.4,1,6624,0,15,15,0
133429,55433,73353,711.96,1608.08,5671.29,100.0,0.6763,0.999,0.584,0.014,1,1,0,1,0,0,0,0,0.0,99.1,65.0,45.0,9,1,78.9,0,0,0,0.0,760,0.151,0.169,0.6267,93.4,1,6625,0,15,15,0
133449,55438,73371,660.93,1586.06,5658.78,100.0,0.6462,0.999,0.582,0.014,1,1,0,1,0,0,0,0,0.0,99.1,65.0,45.0,9,1,78.9,0,0,0,0.0,760,0.151,0.169,0.6267,93.4,1,6626,0,15,15,0
133469,55444,73378,641.63,1575.20,5580.79,99.9,0.6141,0.999,0.580,0.014,1,1,0,1,0,0,0,0,0.0,99.0,65.0,45.0,9,1,78.9,0,0,0,0.0,760,0.151,0.169,0.6267,93.4,1,6627,0,15,15,0
133489,55464,73366,650.65,1567.90,5444.78,99.9,0.5808,0.998,0.578,0.014,1,1,0,1,0,0,0,0,0.0,99.0,65.0,45.0,9,1,78.9,0,0,0,0.0,760,0.151,0.158,0.6267,93.4,1,6628,0,15,15,0
133509,55491,73362,708.07,1553.37,5257.76,99.9,0.5472,0.998,0.576,0.015,1,1,0,1,0,0,0,0,0.0,99.0,65.0,45.0,9,1,78.9,0,0,0,0.0,760,0.151,0.158,0.6267,93.4,1,6629,0,15,15,0
133529,55487,73373,819.68,1535.17,5036.84,99.9,0.5141,0.998,0.574,0.015,1,1,0,1,0,0,0,0,0.0,99.0,65.0,45.0,9,1,78.9,0,0,0,0.0,760,0.150,0.158,0.6267,93.4,1,6630,0,15,15,0
133549,55493,73362,943.41,1509.64,4797.01,99.9,0.4823,0.998,0.572,0.016,1,1,0,1,0,0,0,0,0.0,98.9,65.0,45.0,9,1,78.9,0,0,0,0.0,760,0.148,0.158,0.6267,93.4,1,6631,0,15,15,0
133569,55486,73374,1044.17,1497.34,4549.87,99.9,0.4522,0.997,0.571,0.016,1,1,0,1,0,0,0,0,0.0,98.9,65.0,45.0,9,1,78.9,0,0,0,0.0,760,0.148,0.158,0.6267,93.4,1,6632,0,15,15,0
133589,55482,73370,1115.53,1484.98,4306.99,99.9,0.4240,0.997,0.570,0.017,1,1,0,1,0,0,0,0,0.0,98.9,65.0,45.0,9,1,78.9,0,0,0,0.0,760,0.148,0.143,0.6267,93.4,1,6633,0,15,15,0
133609,55458,73346,1152.81,1471.22,4074.70,99.9,0.3980,0.996,0.570,0.017,1,1,0,1,0,0,0,0,0.0,98.8,65.0,45.0,9,1,78.9,0,0,0,0.0,760,0.148,0.143,0.6267,93.4,1,6634,0,15,15,0
133629,55455,73359,1121.68,1440.28,3854.79,99.9,0.3741,0.996,0.571,0.017,1,1,0,1,0,0,0,0,0.0,98.8,65.0,45.0,9,1,78.9,0,0,0,0.0,760,0.148,0.143,0.6267,93.4,1,6635,0,15,15,0
133649,55445,73359,1057.34,1403.73,3642.82,99.8,0.3522,0.996,0.572,0.017,1,1,0,1,0,0,0,0,0.0,98.8,65.0,45.0,9,1,78.9,0,0,0,0.0,760,0.148,0.143,0.6267,93.4,1,6636,0,15,15,0
133669,55437,73385,966.56,1367.25,3435.92,99.8,0.3324,0.995,0.574,0.017,1,1,0,1,0,0,0,0,0.0,98.8,65.0,45.0,9,1,78.9,0,0,0,0.0,760,0.148,0.143,0.6267,93.4,1,6637,0,15,15,0
133689,55464,73371,875.28,1350.02,3234.20,99.8,0.3148,0.995,0.577,0.017,1,1,0,1,0,0,0,0,0.0,98.8,65.0,45.0,9,1,78.9,0,0,0,0.0,760,0.148,0.143,0.6267,93.4,1,6638,0,15,15,0
133709,55468,73374,829.99,1344.35,3034.04,99.8,0.2993,0.994,0.580,0.017,1,1,0,1,0,0,0,0,0.0,98.8,65.0,45.0,9,1,78.9,0,0,0,0.0,760,0.148,0.143,0.6267,93.4,1,6639,0,15,15,0
133729,55486,73383,815.30,1341.04,2833.00,99.8,0.2860,0.994,0.583,0.016,1,1,0,1,0,0,0,0,0.0,98.9,65.0,45.0,9,1,78.9,0,0,0,0.0,760,0.148,0.143,0.6267,93.4,1,6640,0,15,15,0
133749,55469,73388,814.86,1348.38,2635.58,99.8,0.2750,0.994,0.587,0.015,1,1,0,1,0,0,0,0,0.0,99.0,65.0,45.0,9,1,78.9,0,0,0,0.0,760,0.148,0.143,0.6267,93.4,1,6641,0,15,15,0
133769,55491,73393,849.34,1362.25,2438.84,99.8,0.2661,0.994,0.591,0.014,1,1,0,1,0,0,0,0,0.0,99.0,65.0,45.0,9,1,78.9,0,0,0,0.0,760,0.148,0.143,0.6267,93.4,1,6642,0,15,15,0
133789,55490,73382,897.42,1372.70,2244.11,99.8,0.2594,0.994,0.594,0.013,1,1,0,1,0,0,0,0,0.0,99.1,65.0,45.0,9,1,78.9,0,0,0,0.0,760,0.148,0.143,0.6267,93.4,1,6643,0,15,15,0
133809,55506,73393,942.24,1382.81,2141.59,99.8,0.2546,0.994,0.596,0.012,1,1,0,1,0,0,0,0,0.0,99.1,65.0,45.0,9,1,78.9,0,0,0,0.0,760,0.151,0.143,0.6267,93.4,1,6644,0,15,15,0
133829,55494,73384,980.54,1374.03,2141.59,99.8,0.2515,0.994,0.598,0.012,1,1,0,1,0,0,0,0,0.0,99.1,65.0,45.0,9,1,78.9,0,0,0,0.0,760,0.151,0.143,0.6267,93.4,1,6645,0,15,15,0
133849,55489,73382,1005.87,1354.07,2141.59,99.8,0.2496,0.994,0.599,0.012,1,1,0,1,0,0,0,0,0.0,99.1,65.0,45.0,9,1,78.9,0,0,0,0.0,760,0.151,0.143,0.6267,93.4,1,6646,0,15,15,0
133869,55497,73354,1017.13,1324.90,2141.59,99.8,0.2487,0.994,0.600,0.012,1,1,0,1,0,0,0,0,0.0,99.1,65.0,45.0,9,1,78.9,0,0,0,0.0,760,0.151,0.143,0.6267,93.4,1,6647,0,15,15,0
133889,55482,73349,1006.47,1252.45,2141.59,99.8,0.2485,0.994,0.600,0.012,1,1,0,1,0,0,0,0,0.0,99.2,65.0,45.0,9,1,78.9,0,0,0,0.0,760,0.151,0.143,0.6267,93.4,1,6648,0,15,15,0
133909,55470,73341,970.20,1161.98,2141.59,99.8,0.2488,0.994,0.600,0.012,1,1,0,1,0,0,0,0,0.0,99.2,65.0,45.0,9,1,78.9,0,0,0,0.0,760,0.151,0.143,0.6267,93.4,1,6649,0,15,15,0
133929,55475,73319,910.83,1062.95,2141.59,99.8,0.2494,0.994,0.599,0.011,1,1,0,1,0,0,0,0,0.0,99.2,65.0,45.0,9,1,78.9,0,0,0,0.0,760,0.151,0.172,0.6267,93.4,1,6650,0,15,15,0
133949,55445,73303,836.98,941.72,2141.59,99.8,0.2501,0.994,0.598,0.011,1,2,1,0,0,0,0,0,0.0,99.2,65.0,45.0,0,1,78.9,0,0,1,0.0,760,0.151,0.192,0.6267,93.4,1,6651,0,15,15,0
133969,55450,73299,727.16,805.49,607.00,99.8,0.2510,0.994,0.597,0.011,1,2,1,0,0,0,0,0,0.0,99.2,65.0,45.0,0,1,78.9,0,0,0,0.0,760,0.151,0.198,0.6267,93.4,1,6652,0,15,15,0
133989,55463,73280,615.96,677.40,610.03,99.8,0.2520,0.994,0.596,0.010,1,2,1,0,0,0,0,0,0.0,99.2,65.0,45.0,0,1,78.9,0,0,0,0.0,760,0.151,0.224,0.6267,93.4,1,6653,0,15,15,0
134009,55431,73283,518.64,550.03,611.24,99.8,0.2531,0.994,0.596,0.010,1,2,1,0,0,0,0,0,0.0,99.3,65.0,45.0,0,1,78.9,0,0,0,0.0,760,0.151,0.224,0.6267,93.4,1,6654,0,15,15,0
134029,55454,73277,447.59,439.57,606.59,99.8,0.2541,0.994,0.595,0.009,1,2,1,0,0,0,0,0,0.0,99.3,65.0,45.0,0,1,78.9,0,0,0,0.0,760,0.151,0.224,0.6267,93.4,1,6655,0,15,15,0
134049,55449,73282,387.94,358.11,592.23,99.8,0.2550,0.994,0.594,0.009,1,2,1,0,0,0,0,0,0.0,99.3,65.0,45.0,0,1,78.9,0,0,0,0.0,760,0.151,0.224,0.6267,93.4,1,6656,0,15,15,0
134069,55446,73285,341.68,304.16,571.50,99.8,0.2555,0.994,0.593,0.008,1,2,1,0,0,0,0,0,0.0,99.4,65.0,45.0,0,1,78.9,0,0,0,0.0,760,0.151,0.219,0.6267,93.4,1,6657,0,15,15,0
134089,55444,73278,302.49,273.50,536.26,99.8,0.2555,0.994,0.592,0.008,1,2,1,0,0,0,0,0,0.0,99.4,65.0,45.0,0,1,78.9,0,0,0,0.0,760,0.151,0.218,0.6267,93.4,1,6658,0,15,15,0
134109,55434,73270,268.93,255.62,494.67,99.8,0.2548,0.994,0.591,0.007,1,2,1,0,0,0,0,0,0.0,99.5,65.0,45.0,0,1,78.9,0,0,0,0.0,760,0.151,0.225,0.6267,93.4,1,6659,0,15,15,0
134129,55434,73267,225.06,238.88,456.22,99.8,0.2534,0.994,0.591,0.007,1,2,1,0,0,0,0,0,0.0,99.5,65.0,45.0,0,1,78.9,0,0,0,0.0,760,0.151,0.219,0.6267,93.4,1,6660,0,15,15,0
134149,55433,73275,184.85,229.67,422.33,99.8,0.2514,0.994,0.590,0.006,1,2,1,0,0,0,0,0,0.0,99.5,65.0,45.0,0,1,78.9,0,0,0,0.0,760,0.151,0.219,0.6267,93.4,1,6661,0,15,15,0
134169,55430,73264,151.94,225.36,399.59,99.8,0.2489,0.994,0.591,0.006,1,2,1,0,0,0,0,0,0.0,99.6,65.0,45.0,0,1,78.9,0,0,0,0.0,760,0.151,0.224,0.6267,93.4,1,6662,0,15,15,0
134189,55439,73265,128.86,225.52,384.29,99.8,0.2460,0.994,0.591,0.005,1,2,1,0,0,0,0,0,0.0,99.6,65.0,45.0,0,1,78.9,0,0,0,0.0,760,0.151,0.203,0.6267,93.4,1,6663,0,15,15,0
134209,55429,73265,109.84,232.07,373.34,99.8,0.2430,0.994,0.592,0.005,1,2,1,0,0,0,0,0,0.0,99.6,65.0,45.0,0,1,78.9,0,0,0,0.0,760,0.151,0.194,0.6267,93.4,1,6664,0,15,15,0
134229,55424,73260,95.80,244.75,367.39,99.8,0.2400,0.994,0.592,0.005,1,2,1,0,0,0,0,0,0.0,99.6,65.0,45.0,0,1,78.9,0,0,0,0.0,760,0.151,0.185,0.6267,93.4,1,6665,0,15,15,0
134249,55426,73246,82.78,255.38,364.46,99.8,0.2374,0.993,0.592,0.004,1,2,1,0,0,0,0,0,0.0,99.6,65.0,45.0,0,1,78.9,0,0,0,0.0,760,0.151,0.200,0.6267,93.4,1,6666,0,15,15,0
134269,55431,73256,74.70,262.18,362.49,99.8,0.2355,0.993,0.593,0.004,1,2,1,0,0,0,0,0,0.0,99.7,65.0,45.0,0,1,78.9,0,0,0,0.0,760,0.151,0.200,0.6267,93.4,1,6667,0,15,15,0
134289,55443,73260,81.73,270.50,358.56,99.8,0.2348,0.993,0.594,0.004,1,2,1,0,0,0,0,0,0.0,99.7,65.0,45.0,0,1,78.9,0,0,0,0.0,760,0.151,0.200,0.6267,93.4,1,6668,0,15,15,0
134309,55417,73261,96.40,287.73,353.65,99.8,0.2352,0.993,0.595,0.004,1,2,1,0,0,0,0,0,0.0,99.7,65.0,45.0,0,1,78.9,0,0,0,0.0,760,0.160,0.200,0.6267,93.4,1,6669,0,15,15,0
134329,55436,73253,123.64,309.74,346.76,99.8,0.2366,0.993,0.596,0.004,1,2,1,0,0,0,0,0,0.0,99.7,65.0,45.0,0,1,78.9,0,0,0,0.0,760,0.160,0.200,0.6267,93.4,1,6670,0,15,15,0
134349,55418,73256,120.73,328.29,343.44,99.8,0.2378,0.993,0.596,0.004,1,2,1,0,0,0,0,0,0.0,99.7,65.0,45.0,0,1,78.9,0,0,0,0.0,760,0.160,0.200,0.6267,93.4,1,6671,0,15,15,0
134369,55425,73255,121.08,344.50,340.10,99.8,0.2376,0.994,0.596,0.004,1,2,1,0,0,0,0,0,0.0,99.7,65.0,45.0,0,1,78.9,0,0,0,0.0,760,0.160,0.200,0.6267,93.4,1,6672,0,15,15,0
134389,55430,73244,124.78,360.35,336.38,99.8,0.2350,0.993,0.594,0.004,1,2,1,0,0,0,0,0,0.0,99.7,65.0,45.0,0,1,78.9,0,0,0,0.0,760,0.160,0.203,0.6267,93.4,1,6673,0,15,15,0
134409,55435,73252,140.60,372.30,328.03,99.8,0.2299,0.993,0.592,0.004,1,2,1,0,0,0,0,0,0.0,99.7,65.0,45.0,0,1,78.9,0,0,0,0.0,760,0.160,0.203,0.6267,93.4,1,6674,0,15,15,0
134429,55445,73258,170.08,383.50,318.16,99.8,0.2229,0.993,0.588,0.003,1,2,1,0,0,0,0,0,0.0,99.7,65.0,45.0,0,1,78.9,0,0,0,0.0,760,0.160,0.203,0.6267,93.4,1,6675,0,15,15,0
134449,55438,73256,207.81,400.77,312.51,99.7,0.2149,0.993,0.584,0.004,1,2,1,0,0,0,0,0,0.0,99.7,65.0,45.0,0,1,78.9,0,0,0,0.0,760,0.160,0.203,0.6267,93.4,1,6676,0,15,15,0
134469,55429,73248,244.39,420.14,312.51,99.7,0.2068,0.992,0.580,0.004,1,2,1,0,0,0,0,0,0.0,99.6,65.0,45.0,0,1,78.9,0,0,0,0.0,760,0.160,0.203,0.6267,93.4,1,6677,0,15,15,0
134489,55450,73244,275.78,428.24,312.51,99.7,0.1994,0.992,0.577,0.005,1,2,1,0,0,0,0,0,0.0,99.6,65.0,45.0,0,1,78.9,0,0,0,0.0,760,0.160,0.203,0.6267,93.4,1,6678,0,15,15,0
134509,55437,73219,298.90,426.74,312.51,99.7,0.1929,0.991,0.575,0.006,1,2,1,0,1,0,0,0,0.0,99.5,65.0,45.0,6,1,78.9,0,0,0,0.0,760,0.160,0.237,0.6267,93.4,1,6679,0,15,15,0
134529,55429,73229,315.31,402.32,312.51,99.7,0.1872,0.991,0.574,0.007,1,2,1,0,0,0,0,0,0.0,99.5,65.0,45.0,0,1,78.9,0,0,0,0.0,760,0.160,0.237,0.6267,93.4,1,6680,0,15,15,0
134549,55435,73208,322.72,360.16,312.51,99.7,0.1824,0.990,0.574,0.007,1,2,1,0,0,0,0,0,0.0,99.4,65.0,45.0,0,1,78.9,0,0,0,0.0,760,0.161,0.252,0.6267,93.4,1,6681,0,15,15,0
134569,55421,73202,314.03,303.96,312.51,99.7,0.1781,0.990,0.575,0.008,1,2,1,0,0,0,0,0,0.0,99.4,65.0,45.0,0,1,78.9,0,0,0,0.0,760,0.161,0.261,0.6267,93.4,1,6682,0,15,15,0
134589,55418,73203,285.07,246.24,312.51,99.6,0.1743,0.990,0.577,0.008,1,2,1,0,0,0,0,0,0.0,99.3,65.0,45.0,0,1,78.9,0,0,0,0.0,760,0.161,0.261,0.6267,93.4,1,6683,0,15,15,0
134609,55406,73186,246.68,198.42,317.42,99.6,0.1709,0.990,0.580,0.008,1,2,1,0,0,0,0,0,0.0,99.3,65.0,45.0,0,1,78.9,0,0,0,0.0,760,0.180,0.282,0.6267,93.4,1,6684,0,15,15,0
134629,55412,73206,199.46,166.91,320.53,99.7,0.1677,0.990,0.584,0.008,1,2,1,0,0,0,0,0,0.0,99.4,65.0,45.0,0,1,78.9,0,0,0,0.0,760,0.180,0.282,0.6267,93.4,1,6685,0,15,15,0
134649,55407,73192,147.23,135.36,321.17,99.7,0.1647,0.990,0.588,0.008,1,2,1,0,0,0,0,0,0.0,99.4,65.0,45.0,0,1,78.9,0,0,0,0.0,760,0.180,0.282,0.6267,93.4,1,6686,0,15,15,0
134669,55399,73198,102.07,121.24,305.43,99.7,0.1619,0.991,0.592,0.007,1,2,1,0,0,0,0,0,0.0,99.4,65.0,45.0,0,1,78.9,0,0,0,0.0,760,0.193,0.282,0.6267,93.4,1,6687,0,15,15,0
134689,55400,73189,55.28,112.35,283.40,99.7,0.1591,0.991,0.595,0.007,1,2,1,0,0,0,0,0,0.0,99.4,65.0,45.0,0,1,78.9,0,0,0,0.0,760,0.193,0.282,0.6267,93.4,1,6688,0,15,15,0
134709,55412,73172,17.00,107.24,258.04,99.7,0.1563,0.991,0.599,0.007,1,2,1,0,0,0,0,0,0.0,99.4,65.0,45.0,0,1,78.9,0,0,0,0.0,760,0.193,0.302,0.6267,93.4,1,6689,0,15,15,0
134729,55412,73170,12.66,85.15,231.27,99.7,0.1534,0.991,0.602,0.008,1,2,1,0,0,0,0,0,0.0,99.4,65.0,45.0,0,1,78.9,0,0,0,0.0,760,0.193,0.304,0.6267,93.4,1,6690,0,15,15,0
134749,55390,73150,25.36,61.43,200.90,99.7,0.1505,0.990,0.605,0.008,1,2,1,0,0,0,0,0,0.0,99.4,65.0,45.0,0,1,78.9,0,0,0,0.0,760,0.209,0.332,0.6267,93.4,1,6691,0,15,15,0
134769,55387,73152,4.82,20.35,177.40,99.7,0.1476,0.990,0.607,0.009,1,2,1,0,0,0,0,0,0.0,99.3,65.0,45.0,0,1,78.9,0,0,0,0.0,760,0.215,0.332,0.6267,93.4,1,6692,0,15,15,0
134789,55381,73136,-29.05,-19.08,153.66,99.6,0.1445,0.990,0.609,0.010,1,2,1,0,0,0,0,0,0.0,99.3,65.0,45.0,0,1,78.9,0,0,0,0.0,760,0.225,0.351,0.6267,93.4,1,6693,0,15,15,0
134809,55364,73145,-71.38,-53.19,133.05,99.6,0.1413,0.990,0.611,0.010,1,2,1,0,0,0,0,0,0.0,99.2,65.0,45.0,0,1,78.9,0,0,0,0.0,760,0.240,0.339,0.6267,93.4,1,6694,0,15,15,0
134829,55365,73161,-137.02,-73.92,135.58,99.6,0.1380,0.989,0.614,0.011,1,2,1,0,0,0,0,0,0.0,99.1,65.0,45.0,0,1,78.9,0,0,0,0.0,760,0.240,0.336,0.6267,93.4,1,6695,0,15,15,0
134849,55357,73184,-200.07,-57.39,135.58,99.6,0.1347,0.989,0.617,0.012,1,2,1,0,0,0,0,0,0.0,99.1,65.0,45.0,0,1,78.9,0,0,0,0.0,760,0.253,0.298,0.6267,93.4,1,6696,0,15,15,0
134869,55365,73169,-246.06,-10.80,135.58,99.6,0.1312,0.988,0.620,0.013,1,2,1,0,0,0,0,0,0.0,99.0,65.0,45.0,0,1,78.9,0,0,0,0.0,760,0.226,0.291,0.6267,93.4,1,6697,0,15,15,0
134889,55376,73170,-272.99,48.18,135.58,99.5,0.1277,0.986,0.624,0.014,1,2,1,0,0,0,0,0,0.0,98.9,65.0,45.0,0,1,78.9,0,0,0,0.0,760,0.213,0.280,0.6267,93.4,1,6698,0,15,15,0
134909,55382,73189,-262.22,108.53,135.58,99.5,0.1241,0.985,0.626,0.015,1,2,1,0,0,0,0,0,0.0,98.8,65.0,45.0,0,1,78.9,0,0,0,0.0,760,0.213,0.250,0.6267,93.4,1,6699,0,15,15,0
134929,55406,73178,-221.12,176.14,135.58,99.4,0.1205,0.983,0.629,0.017,1,2,1,0,0,0,0,0,0.0,98.7,65.0,45.0,0,1,78.9,0,0,0,0.0,760,0.191,0.228,0.6267,93.4,1,6700,0,15,15,0
134949,55411,73183,-124.25,247.44,135.58,99.4,0.1169,0.982,0.631,0.018,1,2,1,0,0,0,0,0,0.0,98.6,65.0,45.0,0,1,78.9,0,0,0,0.0,760,0.191,0.223,0.6267,93.4,1,6701,0,15,15,0
134969,55416,73164,-5.72,305.68,135.58,99.3,0.1131,0.980,0.632,0.019,1,2,1,0,0,0,0,0,0.0,98.5,65.0,45.0,0,1,78.9,0,0,0,0.0,760,0.191,0.203,0.6267,93.4,1,6702,0,15,15,0
134989,55412,73189,108.81,359.36,135.58,99.3,0.1093,0.979,0.632,0.020,1,2,1,0,0,0,0,0,0.0,98.5,65.0,45.0,0,1,78.9,0,0,0,0.0,760,0.175,0.203,0.6267,93.4,1,6703,0,15,15,0
135009,55416,73169,213.91,385.44,135.58,99.2,0.1055,0.977,0.632,0.021,1,2,1,0,0,0,0,0,0.0,98.4,65.0,45.0,0,1,78.9,0,0,0,0.0,760,0.175,0.203,0.6267,93.4,1,6704,0,15,15,0
135029,55422,73183,300.29,417.56,135.58,99.1,0.1018,0.975,0.631,0.021,1,2,1,0,0,0,0,0,0.0,98.3,65.0,45.0,0,1,78.9,0,0,0,0.0,760,0.168,0.204,0.6267,93.4,1,6705,0,15,15,0
135049,55406,73192,366.08,448.51,141.06,99.1,0.0980,0.973,0.630,0.022,1,2,1,0,0,0,0,0,0.0,98.3,65.0,45.0,0,1,78.9,0,0,0,0.0,760,0.168,0.204,0.6267,93.4,1,6706,0,15,15,0
135069,55416,73178,412.87,475.15,148.25,99.0,0.0943,0.971,0.628,0.022,1,2,1,0,0,0,0,0,0.0,98.2,65.0,45.0,0,1,78.9,0,0,0,0.0,760,0.168,0.194,0.6267,93.4,1,6707,0,15,15,0
135089,55400,73210,425.12,509.11,157.42,98.9,0.0907,0.968,0.627,0.022,1,2,1,0,0,0,0,0,0.0,98.2,65.0,45.0,0,1,78.9,0,0,0,0.0,760,0.168,0.190,0.6267,93.4,1,6708,0,15,15,0
135109,55407,73209,421.82,564.82,172.46,98.8,0.0870,0.966,0.625,0.022,1,2,1,0,0,0,0,0,0.0,98.2,65.0,45.0,0,1,78.9,0,0,0,0.0,760,0.168,0.190,0.6267,93.4,1,6709,0,15,15,0
135129,55438,73204,411.14,620.44,187.48,98.7,0.0834,0.963,0.624,0.021,1,2,1,0,0,0,0,0,0.0,98.2,65.0,45.0,0,1,78.9,0,0,0,0.0,760,0.168,0.190,0.6267,93.4,1,6710,0,15,15,0
135149,55432,73215,443.82,666.44,199.90,98.6,0.0798,0.959,0.623,0.021,1,2,1,0,0,0,0,0,0.0,98.2,65.0,45.0,0,1,78.9,0,0,0,0.0,760,0.168,0.176,0.6267,93.4,1,6711,0,15,15,0
135169,55421,73218,487.34,708.24,211.18,98.4,0.0763,0.956,0.621,0.020,1,2,1,0,0,0,0,0,0.0,98.2,65.0,45.0,0,1,78.9,0,0,0,0.0,760,0.168,0.176,0.6267,93.4,1,6712,0,15,15,0
135189,55423,73184,509.65,739.73,219.69,98.3,0.0730,0.951,0.619,0.019,1,2,1,0,0,0,0,0,0.0,98.2,65.0,45.0,0,1,78.9,0,0,0,0.0,760,0.168,0.176,0.6267,93.4,1,6713,0,15,15,0
135209,55432,73180,517.29,716.09,219.69,98.1,0.0698,0.947,0.617,0.019,1,2,1,0,1,0,700,0,0.0,98.0,65.0,45.0,6,1,78.9,0,0,0,0.0,760,0.168,0.171,0.6267,93.4,1,6714,0,15,15,0
135229,55413,73132,514.93,665.28,219.69,98.0,0.0668,0.942,0.617,0.018,1,2,1,0,0,0,0,0,0.0,97.7,65.0,45.0,0,1,78.9,0,0,0,0.0,760,0.168,0.176,0.6267,93.4,1,6715,0,15,15,0
135249,55397,73137,487.38,548.47,219.69,97.8,0.0640,0.937,0.617,0.017,1,2,1,0,0,0,0,0,0.0,97.3,65.0,45.0,0,1,78.9,0,0,0,0.0,760,0.168,0.176,0.6267,93.4,1,6716,0,15,15,0
135269,55402,73124,430.57,414.04,219.69,97.6,0.0614,0.931,0.618,0.016,1,2,1,0,0,0,0,0,0.0,97.0,65.0,45.0,0,1,78.9,0,0,0,0.0,760,0.168,0.187,0.6267,93.4,1,6717,0,15,15,0
135289,55396,73122,358.82,281.33,219.69,97.4,0.0592,0.926,0.620,0.015,1,2,1,0,0,0,0,0,0.0,96.6,65.0,45.0,0,1,78.9,0,0,0,0.0,760,0.168,0.190,0.6267,93.4,1,6718,0,15,15,0
135309,55394,73103,288.22,167.61,219.69,97.3,0.0573,0.922,0.623,0.015,1,2,1,0,0,0,0,0,0.0,96.3,65.0,45.0,0,1,78.9,0,0,0,0.0,760,0.168,0.212,0.6267,93.4,1,6719,0,15,15,0
135329,55377,73110,223.96,64.16,219.69,97.1,0.0559,0.918,0.625,0.015,1,2,1,0,0,0,0,0,0.0,96.0,65.0,45.0,0,1,78.9,0,0,0,0.0,760,0.168,0.212,0.6267,93.4,1,6720,0,15,15,0
135349,55386,73114,156.67,-16.27,219.69,97.0,0.0548,0.915,0.626,0.015,1,2,1,0,0,0,0,0,0.0,95.8,65.0,45.0,0,1,78.9,0,0,0,0.0,760,0.168,0.212,0.6267,93.4,1,6721,0,15,15,0
135369,55388,73092,98.46,-71.15,219.69,97.0,0.0540,0.914,0.628,0.015,1,2,1,0,0,0,0,0,0.0,95.7,65.0,45.0,0,1,78.9,0,0,0,0.0,760,0.168,0.227,0.6267,93.4,1,6722,0,15,15,0
135389,55370,73082,53.45,-127.92,234.27,97.0,0.0534,0.914,0.632,0.015,1,2,1,0,0,0,0,0,0.0,95.7,65.0,45.0,0,1,78.9,0,0,0,0.0,760,0.168,0.241,0.6267,93.4,1,6723,0,15,15,0
135409,55368,73101,-7.86,-171.67,246.08,97.1,0.0530,0.916,0.639,0.015,1,2,1,0,0,0,0,0,0.0,95.8,65.0,45.0,0,1,78.9,0,0,0,0.0,760,0.168,0.241,0.6267,93.4,1,6724,0,15,15,0
135429,55381,73093,-64.77,-196.39,252.75,97.2,0.0525,0.921,0.650,0.016,1,2,1,0,0,0,0,0,0.0,96.1,65.0,45.0,0,1,78.9,0,0,0,0.0,760,0.168,0.238,0.6267,93.4,1,6725,0,15,15,0
135449,55381,73078,-88.58,-203.63,254.71,97.5,0.0521,0.928,0.664,0.018,1,2,1,0,0,0,0,0,0.0,96.5,65.0,45.0,0,1,78.9,0,0,0,0.0,760,0.168,0.232,0.6267,93.4,1,6726,0,15,15,0
135469,55378,73093,-92.70,-196.51,254.71,97.7,0.0516,0.935,0.679,0.021,1,2,1,0,0,0,0,0,0.0,96.9,65.0,45.0,0,1,78.9,0,0,0,0.0,760,0.168,0.227,0.6267,93.4,1,6727,0,15,15,0
135489,55366,73082,-91.02,-193.90,254.71,98.0,0.0510,0.942,0.695,0.025,1,2,1,0,0,0,0,0,0.0,97.2,65.0,45.0,0,1,78.9,0,0,0,0.0,760,0.146,0.206,0.6267,93.4,1,6728,0,15,15,0
135509,55371,73087,-97.45,-180.36,254.71,98.2,0.0504,0.948,0.709,0.029,1,2,1,0,0,0,0,0,0.0,97.4,65.0,45.0,0,1,78.9,0,0,0,0.0,760,0.146,0.206,0.6267,93.4,1,6729,0,15,15,0
135529,55377,73093,-103.39,-158.35,254.71,98.1,0.0498,0.951,0.720,0.034,1,2,1,0,0,0,0,0,0.0,97.2,65.0,45.0,0,1,78.9,0,0,0,0.0,760,0.146,0.191,0.6267,93.4,1,6730,0,15,15,0
135549,55365,73086,-105.35,-130.35,254.71,97.5,0.0490,0.951,0.726,0.038,1,2,1,0,0,0,0,0,0.0,96.7,65.0,45.0,0,1,78.9,0,0,0,0.0,760,0.146,0.191,0.6267,93.4,1,6731,0,15,15,0
135569,55377,73090,-91.35,-94.28,254.71,96.8,0.0482,0.949,0.728,0.042,1,2,1,0,0,0,0,0,0.0,96.2,65.0,45.0,0,1,78.9,0,0,0,0.0,760,0.146,0.191,0.6267,93.4,1,6732,0,15,15,0
135589,55386,73089,-70.13,-56.46,254.71,96.0,0.0474,0.948,0.726,0.046,1,2,1,0,0,0,0,0,0.0,95.5,65.0,45.0,0,1,78.9,0,0,0,0.0,760,0.146,0.191,0.6267,93.4,1,6733,0,15,15,0
135609,55383,73088,-35.43,-18.69,254.71,95.1,0.0464,0.945,0.722,0.049,1,2,1,0,0,0,0,0,0.0,94.9,65.0,45.0,0,1,78.9,0,0,0,0.0,760,0.146,0.191,0.6267,93.4,1,6734,0,15,15,0
135629,55371,73105,1.86,17.94,254.71,94.2,0.0454,0.943,0.717,0.051,1,2,1,0,0,0,0,0,0.0,94.4,65.0,45.0,0,1,78.9,0,0,0,0.0,760,0.146,0.191,0.6267,93.4,1,6735,0,15,15,0
135649,55378,73088,27.28,51.41,254.71,93.3,0.0445,0.940,0.714,0.052,1,2,1,0,0,0,0,0,0.0,93.8,65.0,45.0,0,1,78.9,0,0,0,0.0,760,0.146,0.191,0.6267,93.4,1,6736,0,15,15,0
135669,55375,73081,40.18,82.39,254.71,92.4,0.0435,0.938,0.714,0.053,1,2,1,0,0,0,0,0,0.0,93.3,65.0,45.0,0,1,78.9,0,0,0,0.0,760,0.146,0.191,0.6267,93.4,1,6737,0,15,15,0
135689,55369,73087,47.58,109.84,254.71,91.5,0.0424,0.936,0.719,0.054,1,2,1,0,0,0,0,0,0.0,92.9,65.0,45.0,0,1,78.9,0,0,0,0.0,760,0.146,0.191,0.6267,93.4,1,6738,0,15,15,0
135709,55383,73090,53.08,134.97,254.71,90.5,0.0413,0.935,0.727,0.055,1,2,1,0,0,0,0,0,0.0,92.5,65.0,45.0,0,1,78.9,0,0,0,0.0,760,0.146,0.191,0.6267,93.4,1,6739,0,15,15,0
135729,55374,73091,56.51,162.54,254.71,89.5,0.0402,0.934,0.737,0.057,1,2,1,0,0,0,0,0,0.0,92.0,65.0,45.0,0,1,78.9,0,0,0,0.0,760,0.146,0.191,0.6267,93.4,1,6740,0,15,15,0
135749,55367,73096,59.92,191.03,254.71,88.4,0.0389,0.933,0.749,0.059,1,2,1,0,0,0,0,0,0.0,91.5,65.0,45.0,0,1,78.9,0,0,0,0.0,760,0.146,0.191,0.6267,93.4,1,6741,0,15,15,0
135769,55383,73115,64.09,224.99,254.71,87.2,0.0375,0.932,0.761,0.061,1,2,1,0,0,0,0,0,0.0,90.9,65.0,45.0,0,1,78.9,0,0,0,0.0,760,0.146,0.191,0.6267,93.4,1,6742,0,15,15,0
135789,55384,73111,85.87,279.10,254.71,85.8,0.0360,0.929,0.771,0.064,1,2,1,0,0,0,0,0,0.0,90.0,65.0,45.0,0,1,78.9,0,0,0,0.0,760,0.146,0.191,0.6267,93.4,1,6743,0,15,15,0
135809,55392,73113,114.41,337.50,254.71,84.3,0.0343,0.924,0.780,0.067,1,2,1,0,0,0,0,0,0.0,89.0,65.0,45.0,0,1,78.9,0,0,0,0.0,760,0.146,0.191,0.6267,93.4,1,6744,0,15,15,0
135829,55390,73084,153.26,386.88,254.71,82.6,0.0326,0.917,0.786,0.070,1,2,1,0,0,0,0,0,0.0,87.9,65.0,45.0,0,1,78.9,0,0,0,0.0,760,0.146,0.191,0.6267,93.4,1,6745,0,15,15,0
135849,55379,73066,190.81,387.51,254.71,80.8,0.0308,0.908,0.788,0.073,1,2,1,0,0,0,0,0,0.0,86.6,65.0,45.0,0,1,78.9,0,0,0,0.0,760,0.132,0.208,0.6267,93.4,1,6746,0,15,15,0
135869,55377,73055,201.73,343.10,254.71,78.9,0.0290,0.898,0.788,0.076,1,2,1,0,1,0,660,0,0.0,85.2,65.0,45.0,6,1,85.7,0,1,0,85.7,760,0.132,0.223,0.6267,93.4,1,6747,0,15,15,0
135889,55378,73041,198.10,272.09,254.71,77.0,0.0273,0.885,0.781,0.077,1,2,1,0,0,0,0,0,0.0,83.7,65.0,45.0,0,1,85.7,0,1,0,85.7,760,0.132,0.242,0.6267,93.4,1,6748,0,15,15,0
135909,55360,73023,187.01,182.37,253.32,75.2,0.0257,0.871,0.768,0.078,1,2,1,0,0,0,0,0,0.0,82.1,65.0,45.0,0,1,85.7,0,1,0,85.7,760,0.141,0.267,0.6267,93.4,1,6749,0,15,15,0
135929,55356,72998,142.87,75.19,229.07,73.6,0.0244,0.854,0.749,0.077,1,2,1,0,0,0,0,0,0.0,80.6,65.0,45.0,0,1,85.7,0,1,0,85.7,760,0.148,0.301,0.6267,93.4,1,6750,0,15,15,0
135949,55359,72969,90.30,-55.10,201.82,72.3,0.0236,0.837,0.722,0.073,1,2,1,0,0,0,0,0,0.0,79.2,65.0,45.0,0,1,85.7,0,1,0,85.7,760,0.148,0.341,0.6267,93.4,1,6751,0,15,15,0
135969,55329,72980,37.33,-196.26,188.67,71.4,0.0232,0.821,0.690,0.069,1,2,1,0,0,0,0,0,0.0,78.2,65.0,45.0,0,1,85.7,0,1,0,85.7,760,0.197,0.341,0.6267,93.4,1,6752,0,15,15,0
135989,55340,72967,-36.28,-330.43,214.03,71.1,0.0234,0.808,0.657,0.066,1,2,1,0,0,0,0,0,0.0,77.5,65.0,45.0,0,1,85.7,0,1,0,85.7,760,0.197,0.343,0.6267,93.4,1,6753,0,15,15,0
136009,55347,72961,-105.27,-437.38,235.42,71.5,0.0240,0.803,0.627,0.065,1,2,1,0,0,0,0,0,0.0,77.3,65.0,45.0,0,1,85.7,0,1,0,85.7,760,0.197,0.352,0.6267,93.4,1,6754,0,15,15,0
136029,55333,72959,-159.40,-517.44,251.44,72.2,0.0250,0.802,0.603,0.066,1,2,1,0,0,0,0,0,0.0,77.4,65.0,45.0,0,1,85.7,0,1,0,85.7,760,0.197,0.354,0.6267,93.4,1,6755,0,15,15,0
136049,55334,72984,-207.26,-565.48,261.04,73.3,0.0260,0.807,0.585,0.069,1,2,1,0,0,0,0,0,0.0,77.9,65.0,45.0,0,1,85.7,0,1,0,85.7,760,0.197,0.354,0.6267,93.4,1,6756,0,15,15,0
136069,55346,72979,-241.66,-558.33,257.31,74.4,0.0270,0.815,0.575,0.072,1,2,1,0,1,0,0,0,0.0,78.5,65.0,45.0,6,1,85.7,0,1,0,85.7,760,0.197,0.354,0.6267,93.4,1,6757,0,15,15,0
136089,55345,73015,-240.92,-513.05,257.31,75.3,0.0278,0.822,0.570,0.075,1,2,1,0,0,0,0,0,0.0,79.1,65.0,45.0,0,1,85.7,0,1,0,85.7,760,0.197,0.354,0.6267,93.4,1,6758,0,15,15,0
136109,55332,72997,-221.82,-431.39,257.31,76.0,0.0284,0.828,0.568,0.077,1,2,1,0,0,0,0,0,0.0,79.5,65.0,45.0,0,1,85.7,0,1,0,85.7,760,0.197,0.354,0.6267,93.4,1,6759,0,15,15,0
136129,55342,73009,-199.66,-321.63,257.31,76.5,0.0288,0.833,0.569,0.080,1,2,1,0,0,0,0,0,0.0,79.8,65.0,45.0,0,1,85.7,0,1,0,85.7,760,0.186,0.354,0.6267,93.4,1,6760,0,15,15,0
136149,55347,72991,-175.71,-226.06,257.31,76.8,0.0291,0.836,0.572,0.081,1,2,1,0,0,0,0,0,0.0,80.0,65.0,45.0,0,1,85.7,0,1,0,85.7,760,0.186,0.354,0.6267,93.4,1,6761,0,15,15,0
136169,55343,72995,-149.12,-146.62,257.31,77.0,0.0292,0.837,0.574,0.082,1,2,1,0,0,0,0,0,0.0,80.1,65.0,45.0,0,1,85.7,0,1,0,85.7,760,0.186,0.308,0.6267,93.4,1,6762,0,15,15,0
136189,55351,72982,-114.61,-85.25,257.31,77.1,0.0293,0.838,0.576,0.083,1,2,1,0,0,0,0,0,0.0,80.2,65.0,45.0,0,1,85.7,0,1,0,85.7,760,0.186,0.302,0.6267,93.4,1,6763,0,15,15,0
136209,55340,72983,-86.38,-46.25,257.31,77.1,0.0293,0.839,0.578,0.083,1,2,1,0,0,0,0,0,0.0,80.3,65.0,45.0,0,1,85.7,0,1,0,85.7,760,0.152,0.244,0.6267,93.4,1,6764,0,15,15,0
136229,55311,72972,-67.66,-18.59,257.31,77.2,0.0293,0.840,0.580,0.082,1,2,1,0,0,0,0,0,0.0,80.4,65.0,45.0,0,1,85.7,0,1,0,85.7,760,0.164,0.244,0.6267,93.4,1,6765,0,15,15,0
136249,55323,72971,-84.49,-9.00,257.31,77.2,0.0293,0.841,0.583,0.081,1,2,1,0,0,0,0,0,0.0,80.5,65.0,45.0,0,1,85.7,0,1,0,85.7,760,0.164,0.226,0.6267,93.4,1,6766,0,15,15,0
136269,55306,72990,-132.67,-3.55,257.31,77.2,0.0293,0.841,0.586,0.080,1,2,1,0,0,0,0,0,0.0,80.6,65.0,45.0,0,1,85.7,0,1,0,85.7,760,0.163,0.223,0.6267,93.4,1,6767,0,15,15,0
136289,55316,72990,-173.83,29.24,257.31,77.2,0.0293,0.840,0.590,0.078,1,2,1,0,0,0,0,0,0.0,80.6,65.0,45.0,0,1,85.7,0,1,0,85.7,760,0.159,0.214,0.6267,93.4,1,6768,0,15,15,0
136309,55302,72992,-220.78,72.50,257.31,76.9,0.0293,0.834,0.593,0.077,1,2,1,0,0,0,0,0,0.0,80.3,65.0,45.0,0,1,85.7,0,1,0,85.7,760,0.163,0.214,0.6267,93.4,1,6769,0,15,15,0
136329,55317,72998,-240.29,120.16,257.31,76.6,0.0292,0.825,0.594,0.074,1,2,1,0,0,0,0,0,0.0,79.7,65.0,45.0,0,1,85.7,0,1,0,85.7,760,0.163,0.214,0.6267,93.4,1,6770,0,15,15,0
136349,55320,73021,-239.41,174.25,257.31,76.1,0.0292,0.814,0.594,0.072,1,2,1,0,0,0,0,0,0.0,79.0,65.0,45.0,0,1,85.7,0,1,0,85.7,760,0.163,0.214,0.6267,93.4,1,6771,0,15,15,0
136369,55344,73027,-220.29,257.93,257.31,75.6,0.0291,0.800,0.590,0.070,1,2,1,0,0,0,0,0,0.0,78.0,65.0,45.0,0,1,85.7,0,1,0,85.7,760,0.163,0.214,0.6267,93.4,1,6772,0,15,15,0
136389,55367,73017,-147.75,343.04,257.31,75.1,0.0291,0.787,0.584,0.069,1,2,1,0,0,0,0,0,0.0,77.1,65.0,45.0,0,1,85.7,0,1,0,85.7,760,0.163,0.214,0.6267,93.4,1,6773,0,15,15,0
136409,55365,73016,-21.73,411.38,261.04,74.9,0.0291,0.779,0.577,0.068,1,2,1,0,0,0,0,0,0.0,76.6,65.0,45.0,0,1,85.7,0,1,0,85.7,760,0.163,0.214,0.6267,93.4,1,6774,0,15,15,0
136429,55376,73042,113.35,462.96,261.04,74.8,0.0292,0.776,0.572,0.067,1,2,1,0,0,0,0,0,0.0,76.4,65.0,45.0,0,1,85.7,0,1,0,85.7,760,0.163,0.214,0.6267,93.4,1,6775,0,15,15,0
136449,55379,73050,249.72,534.80,261.04,75.0,0.0294,0.777,0.571,0.066,1,2,1,0,0,0,0,0,0.0,76.5,65.0,45.0,0,1,85.7,0,1,0,85.7,760,0.163,0.214,0.6267,93.4,1,6776,0,15,15,0
136469,55385,73055,371.49,614.25,261.04,75.3,0.0296,0.780,0.572,0.066,1,2,1,0,0,0,0,0,0.0,76.9,65.0,45.0,0,1,85.7,0,1,0,85.7,760,0.163,0.214,0.6267,93.4,1,6777,0,15,15,0
136489,55372,73027,467.59,682.92,261.04,75.8,0.0300,0.785,0.576,0.065,1,2,1,0,0,0,0,0,0.0,77.4,65.0,45.0,0,1,85.7,0,1,0,85.7,760,0.163,0.214,0.6267,93.4,1,6778,0,15,15,0
136509,55353,73020,523.32,701.82,261.04,76.3,0.0304,0.791,0.582,0.063,1,2,1,0,0,0,0,0,0.0,78.1,65.0,45.0,0,1,85.7,0,1,0,85.7,760,0.163,0.214,0.6267,93.4,1,6779,0,15,15,0
136529,55346,73007,515.87,684.72,261.04,76.9,0.0308,0.797,0.586,0.061,1,3,1,0,1,1,660,1,88.8,78.8,65.0,45.0,0,1,90.9,1,0,0,0.0,660,0.163,0.214,0.7147,93.1,1,6780,0,15,15,0
136549,55315,72993,467.61,634.23,261.04,77.3,0.0311,0.801,0.589,0.059,1,3,1,0,0,0,0,1,88.8,79.3,65.0,45.0,0,1,90.9,1,0,0,0.0,660,0.163,0.214,0.7085,93.0,1,6781,0,15,15,0
136569,55333,72952,383.03,555.37,261.04,77.6,0.0313,0.805,0.589,0.057,1,3,1,0,0,0,0,1,88.8,79.8,65.0,45.0,0,1,90.9,1,0,0,0.0,660,0.163,0.223,0.7024,92.8,1,6782,0,15,15,0
136589,55336,72950,294.23,417.17,261.04,77.8,0.0314,0.807,0.589,0.055,1,3,1,0,0,0,0,1,88.8,80.2,65.0,45.0,0,1,90.9,1,0,0,0.0,660,0.163,0.226,0.6974,92.8,1,6783,0,15,15,0
136609,55335,72938,219.43,271.98,261.04,77.8,0.0315,0.809,0.589,0.053,1,3,1,0,0,0,0,1,88.8,80.4,65.0,45.0,0,1,90.9,1,0,0,0.0,660,0.163,0.242,0.6936,92.8,1,6784,0,15,15,0
136629,55320,72946,160.93,140.72,261.04,77.8,0.0314,0.809,0.589,0.051,1,3,1,0,0,0,0,1,88.8,80.6,65.0,45.0,0,1,90.9,1,0,0,0.0,660,0.163,0.242,0.6909,92.8,1,6785,0,15,15,0
136649,55317,72931,89.97,25.43,261.04,77.9,0.0315,0.808,0.588,0.049,1,3,1,0,0,0,0,1,88.8,80.7,65.0,45.0,0,1,90.9,1,0,0,0.0,660,0.163,0.252,0.6885,92.8,1,6786,0,15,15,0
136669,55320,72944,25.23,-54.61,261.04,77.9,0.0315,0.808,0.587,0.047,1,3,1,0,0,0,0,1,88.8,80.8,65.0,45.0,0,1,90.9,1,0,0,0.0,660,0.163,0.252,0.6864,92.8,1,6787,0,15,15,0
136689,55319,72927,-27.85,-122.73,261.04,78.0,0.0316,0.808,0.586,0.045,1,3,1,0,0,0,0,1,88.8,80.9,65.0,45.0,0,1,90.9,1,0,0,0.0,660,0.163,0.258,0.6848,92.8,1,6788,0,15,15,0
136709,55332,72930,-64.56,-172.65,261.04,78.1,0.0318,0.809,0.584,0.044,1,3,1,0,0,0,0,1,88.8,81.1,65.0,45.0,0,1,90.9,1,0,0,0.0,660,0.163,0.258,0.6839,92.8,1,6789,0,15,15,0
136729,55321,72937,-85.06,-202.58,261.04,78.3,0.0320,0.809,0.583,0.043,1,3,1,0,0,0,0,1,88.8,81.3,65.0,45.0,0,1,90.9,1,0,0,0.0,660,0.163,0.258,0.6833,92.8,1,6790,0,15,15,0
136749,55366,72923,-73.08,-214.47,261.04,78.5,0.0321,0.810,0.581,0.041,1,3,1,0,0,0,0,1,88.8,81.4,65.0,45.0,0,1,90.9,1,0,0,0.0,660,0.163,0.263,0.6828,92.9,1,6791,0,15,15,0
136769,55319,72934,-67.74,-206.02,261.04,78.6,0.0323,0.810,0.579,0.041,1,3,1,0,0,0,0,1,88.8,81.5,65.0,45.0,0,1,90.9,1,0,0,0.0,660,0.163,0.260,0.6827,92.9,1,6792,0,15,15,0
136789,55321,72914,-63.60,-200.47,261.04,78.7,0.0324,0.810,0.577,0.040,1,3,1,0,0,0,0,1,88.8,81.6,65.0,45.0,0,1,90.9,1,0,0,0.0,660,0.163,0.273,0.6829,92.9,1,6793,0,15,15,0
136809,55325,72919,-58.30,-197.01,261.04,78.8,0.0325,0.809,0.574,0.039,1,3,1,0,0,0,0,1,88.8,81.7,65.0,45.0,0,1,90.9,1,0,0,0.0,660,0.159,0.233,0.6834,92.9,1,6794,0,15,15,0
136829,55322,72918,-49.25,-190.79,261.04,78.8,0.0326,0.809,0.571,0.038,1,3,1,0,0,0,0,1,88.8,81.7,65.0,45.0,0,1,90.9,1,0,0,0.0,660,0.150,0.208,0.6840,92.9,1,6795,0,15,15,0
136849,55323,72924,-36.02,-177.46,261.04,78.9,0.0327,0.809,0.566,0.038,1,3,1,0,0,0,0,1,88.8,81.7,65.0,45.0,0,1,90.9,1,0,0,0.0,660,0.150,0.193,0.6847,92.9,1,6796,0,15,15,0
136869,55309,72944,-22.92,-150.79,261.04,79.1,0.0328,0.812,0.562,0.038,1,3,1,0,0,0,0,1,88.8,82.0,65.0,45.0,0,1,90.9,1,0,0,0.0,660,0.150,0.193,0.6857,92.9,1,6797,0,15,15,0
136889,55312,72929,-28.48,-110.49,261.04,79.4,0.0329,0.819,0.559,0.038,1,3,1,0,0,0,0,1,88.8,82.5,65.0,45.0,0,1,90.9,1,0,0,0.0,660,0.150,0.193,0.6870,92.9,1,6798,0,15,15,0
136909,55329,72922,-38.84,-65.88,261.04,79.8,0.0329,0.828,0.559,0.039,1,3,1,0,0,0,0,1,88.8,83.2,65.0,45.0,0,1,90.9,1,0,0,0.0,660,0.150,0.193,0.6889,92.9,1,6799,0,15,15,0
136929,55329,72949,-16.01,-21.82,261.04,80.1,0.0329,0.839,0.561,0.038,1,3,1,0,0,0,0,1,88.8,84.1,65.0,45.0,0,1,90.9,1,0,0,0.0,660,0.150,0.193,0.6910,92.8,1,6800,0,15,15,0
136949,55331,72939,18.73,33.43,261.04,80.4,0.0329,0.847,0.565,0.038,1,3,1,0,0,0,0,1,88.8,84.7,65.0,45.0,0,1,90.9,1,0,0,0.0,660,0.150,0.193,0.6935,92.8,1,6801,0,15,15,0
136969,55363,72939,58.32,88.35,261.04,80.5,0.0329,0.851,0.568,0.037,1,3,1,0,0,0,0,1,88.8,85.1,65.0,45.0,0,1,90.9,1,0,0,0.0,660,0.150,0.193,0.6959,92.8,1,6802,0,15,15,0
136989,55335,72964,102.49,137.77,261.04,80.5,0.0328,0.853,0.571,0.036,1,3,1,0,0,0,0,1,88.8,85.3,65.0,45.0,0,1,90.9,1,0,0,0.0,660,0.150,0.193,0.6982,92.7,1,6803,0,15,15,0
137009,55337,72944,146.28,186.91,261.04,80.4,0.0327,0.853,0.572,0.035,1,3,1,0,0,0,0,1,88.8,85.3,65.0,45.0,0,1,90.9,1,0,0,0.0,660,0.150,0.193,0.7004,92.7,1,6804,0,15,15,0
137029,55332,72970,179.84,258.52,261.04,80.3,0.0325,0.851,0.571,0.034,1,3,1,0,0,0,0,1,88.8,85.2,65.0,45.0,0,1,90.9,1,0,0,0.0,660,0.150,0.193,0.7018,92.6,1,6805,0,15,15,0
137049,55336,72968,205.91,335.23,261.04,80.1,0.0324,0.850,0.568,0.033,1,3,1,0,0,0,0,1,88.8,85.2,65.0,45.0,0,1,90.9,1,0,0,0.0,660,0.150,0.193,0.7018,92.6,1,6806,0,15,15,0
137069,55348,72967,224.57,402.80,261.04,80.0,0.0324,0.849,0.563,0.032,1,3,1,0,0,0,0,1,88.8,85.1,65.0,45.0,0,1,90.9,1,0,0,0.0,660,0.150,0.193,0.7003,92.6,1,6807,0,15,15,0
137089,55320,72979,236.75,456.06,261.04,79.9,0.0323,0.847,0.557,0.032,1,3,1,0,0,0,0,1,88.8,85.0,65.0,45.0,0,1,90.9,1,0,0,0.0,660,0.150,0.193,0.6967,92.6,1,6808,0,15,15,0
137109,55334,72931,239.90,493.04,261.04,79.7,0.0322,0.844,0.551,0.032,1,3,1,0,0,0,0,1,88.8,84.7,65.0,45.0,0,1,90.9,1,0,0,0.0,660,0.150,0.193,0.6912,92.6,1,6809,0,15,15,0
137129,55341,72977,238.00,530.41,261.04,79.5,0.0321,0.841,0.545,0.033,1,3,1,0,0,0,0,1,88.8,84.4,65.0,45.0,0,1,90.9,1,0,0,0.0,660,0.150,0.193,0.6841,92.7,1,6810,0,15,15,0
137149,55354,72985,246.37,560.34,261.04,79.2,0.0319,0.836,0.538,0.034,1,3,1,0,0,0,0,1,88.8,83.9,65.0,45.0,0,1,90.9,1,0,0,0.0,660,0.150,0.193,0.6767,92.7,1,6811,0,15,15,0
137169,55359,72998,280.70,591.63,261.04,78.8,0.0317,0.831,0.530,0.035,1,3,1,0,0,0,0,1,88.8,83.4,65.0,45.0,0,1,90.9,1,0,0,0.0,660,0.150,0.193,0.6701,92.8,1,6812,0,15,15,0
137189,55348,72998,319.00,634.28,256.31,78.5,0.0315,0.827,0.521,0.037,1,3,1,0,0,0,0,1,88.8,82.9,65.0,45.0,0,1,90.9,1,0,0,0.0,660,0.150,0.193,0.6646,93.0,1,6813,0,15,15,0
137209,55348,73023,340.19,671.86,253.46,78.3,0.0314,0.823,0.512,0.039,1,3,1,0,0,0,0,1,88.8,82.5,65.0,45.0,0,1,90.9,1,0,0,0.0,660,0.150,0.193,0.6597,93.1,1,6814,0,15,15,0
137229,55358,73009,349.11,713.42,255.78,78.3,0.0315,0.821,0.501,0.041,1,3,1,0,0,0,0,1,88.8,82.2,65.0,45.0,0,1,90.9,1,0,0,0.0,660,0.150,0.193,0.6546,93.2,1,6815,0,15,15,0
137249,55365,73014,367.97,753.09,263.71,78.7,0.0319,0.823,0.490,0.044,1,3,1,0,0,0,0,1,88.8,82.2,65.0,45.0,0,1,90.9,1,0,0,0.0,660,0.150,0.193,0.6495,93.3,1,6816,0,15,15,0
137269,55359,73018,387.36,781.22,269.34,79.4,0.0324,0.830,0.484,0.047,1,3,1,0,0,0,0,1,88.8,82.7,65.0,45.0,0,1,90.9,1,0,0,0.0,660,0.150,0.193,0.6447,93.4,1,6817,0,15,15,0
137289,55414,73005,412.41,795.21,272.14,80.3,0.0331,0.839,0.481,0.050,1,3,1,0,0,0,0,1,88.8,83.4,65.0,45.0,0,1,90.9,1,0,0,0.0,660,0.202,0.193,0.6406,93.5,1,6818,0,15,15,0
137309,55360,73017,423.63,800.04,273.10,81.2,0.0338,0.849,0.482,0.052,1,3,1,0,0,0,0,1,88.8,84.2,65.0,45.0,0,1,90.9,1,0,0,0.0,660,0.190,0.193,0.6370,93.6,1,6819,0,15,15,0
137329,55352,72974,424.27,777.86,273.10,82.1,0.0345,0.859,0.486,0.054,1,3,1,0,1,1,800,1,67.5,84.9,65.0,45.0,0,1,90.0,1,0,0,0.0,700,0.190,0.193,0.6342,93.7,1,6820,0,15,15,0
137349,55342,72964,402.30,698.79,273.10,82.8,0.0349,0.866,0.490,0.055,1,3,1,0,0,0,0,1,67.5,85.6,65.0,45.0,0,1,90.0,1,0,0,0.0,700,0.190,0.193,0.6327,93.8,1,6821,0,15,15,0
137369,55347,72951,361.94,589.41,273.10,83.1,0.0352,0.871,0.495,0.056,1,3,1,0,0,0,0,1,67.5,86.0,65.0,45.0,0,1,90.0,1,0,0,0.0,700,0.190,0.193,0.6322,93.9,1,6822,0,15,15,0
137389,55346,72934,315.39,461.78,273.10,83.3,0.0352,0.874,0.500,0.056,1,3,1,0,0,0,0,1,67.5,86.2,65.0,45.0,0,1,90.0,1,0,0,0.0,700,0.190,0.193,0.6321,94.0,1,6823,0,15,15,0
137409,55302,72924,270.81,319.10,273.10,83.2,0.0351,0.875,0.503,0.055,1,3,1,0,0,0,0,1,67.5,86.3,65.0,45.0,0,1,90.0,1,0,0,0.0,700,0.202,0.193,0.6319,94.0,1,6824,0,15,15,0
137429,55323,72906,188.95,176.12,273.10,83.0,0.0349,0.873,0.505,0.054,1,3,1,0,0,0,0,1,67.5,86.2,65.0,45.0,0,1,90.0,1,0,0,0.0,700,0.202,0.204,0.6304,94.1,1,6825,0,15,15,0
137449,55336,72919,102.86,47.28,273.10,82.8,0.0348,0.871,0.504,0.053,1,3,1,0,0,0,0,1,67.5,86.0,65.0,45.0,0,1,90.0,1,0,0,0.0,700,0.202,0.204,0.6278,94.1,1,6826,0,15,15,0
137469,55328,72936,36.72,-55.36,273.10,82.7,0.0347,0.870,0.503,0.052,1,3,1,0,0,0,0,1,67.5,86.0,65.0,45.0,0,1,90.0,1,0,0,0.0,700,0.202,0.166,0.6252,94.2,1,6827,0,15,15,0
137489,55326,72938,-11.25,-105.87,273.10,82.6,0.0346,0.869,0.503,0.051,1,3,1,0,0,0,0,1,67.5,85.9,65.0,45.0,0,1,90.0,1,0,0,0.0,700,0.202,0.160,0.6235,94.2,1,6828,0,15,15,0
137509,55309,72936,-47.73,-124.90,273.10,82.5,0.0345,0.868,0.502,0.050,1,3,1,0,0,0,0,1,67.5,85.9,65.0,45.0,0,1,90.0,1,0,0,0.0,700,0.202,0.160,0.6237,94.2,1,6829,0,15,15,0
137529,55330,72942,-73.07,-122.50,273.10,82.5,0.0345,0.868,0.502,0.049,1,3,1,0,0,0,0,1,67.5,86.0,65.0,45.0,0,1,90.0,1,0,0,0.0,700,0.202,0.160,0.6252,94.3,1,6830,0,15,15,0
137549,55330,72927,-81.39,-111.60,273.10,82.5,0.0345,0.868,0.501,0.048,1,3,1,0,0,0,0,1,67.5,86.0,65.0,45.0,0,1,90.0,1,0,0,0.0,700,0.202,0.160,0.6268,94.3,1,6831,0,15,15,0
137569,55326,72942,-80.15,-87.55,273.10,82.5,0.0345,0.868,0.501,0.047,1,3,1,0,0,0,0,1,67.5,86.1,65.0,45.0,0,1,90.0,1,0,0,0.0,700,0.202,0.160,0.6275,94.3,1,6832,0,15,15,0
137589,55323,72923,-81.25,-80.18,273.10,82.5,0.0345,0.868,0.501,0.046,1,3,1,0,0,0,0,1,67.5,86.2,65.0,45.0,0,1,90.0,1,0,0,0.0,700,0.202,0.160,0.6268,94.3,1,6833,0,15,15,0
137609,55360,72938,-81.72,-62.62,273.10,82.5,0.0345,0.868,0.502,0.045,1,3,1,0,0,0,0,1,67.5,86.3,65.0,45.0,0,1,90.0,1,0,0,0.0,700,0.202,0.160,0.6246,94.3,1,6834,0,15,15,0
137629,55322,72953,-86.00,-41.10,273.10,82.5,0.0346,0.868,0.503,0.044,1,3,1,0,0,0,0,1,67.5,86.4,65.0,45.0,0,1,90.0,1,0,0,0.0,700,0.202,0.160,0.6214,94.3,1,6835,0,15,15,0
137649,55331,72911,-74.85,-18.95,273.10,82.5,0.0346,0.868,0.504,0.043,1,3,1,0,0,0,0,1,67.5,86.5,65.0,45.0,0,1,90.0,1,0,0,0.0,700,0.202,0.160,0.6181,94.4,1,6836,0,15,15,0
137669,55326,72916,-66.99,-28.80,273.10,82.6,0.0346,0.869,0.505,0.042,1,3,1,0,0,0,0,1,67.5,86.6,65.0,45.0,0,1,90.0,1,0,0,0.0,700,0.202,0.160,0.6157,94.4,1,6837,0,15,15,0
137689,55339,72931,-51.03,-48.06,273.10,82.7,0.0347,0.869,0.505,0.040,1,3,1,0,0,0,0,1,67.5,86.7,65.0,45.0,0,1,90.0,1,0,0,0.0,700,0.202,0.160,0.6147,94.5,1,6838,0,15,15,0
137709,55339,72940,-18.15,-44.85,273.10,82.7,0.0347,0.869,0.505,0.039,1,3,1,0,0,0,0,1,67.5,86.8,65.0,45.0,0,1,90.0,1,0,0,0.0,700,0.202,0.160,0.6133,94.5,1,6839,0,15,15,0
137729,55312,72939,17.55,-19.45,273.10,82.7,0.0348,0.870,0.505,0.038,1,3,1,0,0,0,0,1,67.5,86.9,65.0,45.0,0,1,90.0,1,0,0,0.0,700,0.202,0.160,0.6110,94.6,1,6840,0,15,15,0
137749,55327,72934,27.31,13.23,273.10,82.8,0.0348,0.870,0.504,0.037,1,3,1,0,0,0,0,1,67.5,87.0,65.0,45.0,0,1,90.0,1,0,0,0.0,700,0.202,0.160,0.6082,94.6,1,6841,0,15,15,0
137769,55344,72944,25.46,45.71,273.10,82.8,0.0348,0.870,0.505,0.035,1,3,1,0,0,0,0,1,67.5,87.2,65.0,45.0,0,1,90.0,1,0,0,0.0,700,0.202,0.160,0.6041,94.7,1,6842,0,15,15,0
137789,55335,72953,34.42,81.69,273.10,82.8,0.0348,0.871,0.506,0.034,1,3,1,0,0,0,0,1,67.5,87.3,65.0,45.0,0,1,90.0,1,0,0,0.0,700,0.202,0.160,0.5983,94.7,1,6843,0,15,15,0
137809,55340,72958,56.04,127.40,273.10,82.8,0.0347,0.871,0.506,0.033,1,3,1,0,0,0,0,1,67.5,87.4,65.0,45.0,0,1,90.0,1,0,0,0.0,700,0.202,0.160,0.5908,94.8,1,6844,0,15,15,0
137829,55374,72981,79.65,177.82,273.10,82.7,0.0346,0.871,0.507,0.032,1,3,1,0,0,0,0,1,67.5,87.4,65.0,45.0,0,1,90.0,1,0,0,0.0,700,0.202,0.160,0.5833,95.0,1,6845,0,15,15,0
137849,55344,73021,107.83,255.01,273.10,82.6,0.0346,0.871,0.507,0.030,1,3,1,0,0,0,0,1,67.5,87.5,65.0,45.0,0,1,90.0,1,0,0,0.0,700,0.202,0.160,0.5767,95.1,1,6846,0,15,15,0
137869,55357,72980,157.33,330.77,273.10,82.6,0.0346,0.870,0.507,0.029,1,3,1,0,0,0,0,1,67.5,87.5,65.0,45.0,0,1,90.0,1,0,0,0.0,700,0.202,0.160,0.5717,95.2,1,6847,0,15,15,0
137889,55354,73010,201.57,433.85,273.10,82.7,0.0347,0.871,0.506,0.028,1,3,1,0,0,0,0,1,67.5,87.7,65.0,45.0,0,1,90.0,1,0,0,0.0,700,0.202,0.160,0.5676,95.3,1,6848,0,15,15,0
137909,55357,73008,241.20,527.16,273.10,82.9,0.0349,0.873,0.504,0.027,1,3,1,0,0,0,0,1,67.5,87.9,65.0,45.0,0,1,90.0,1,0,0,0.0,700,0.202,0.160,0.5644,95.4,1,6849,0,15,15,0
137929,55391,73008,271.17,598.87,273.10,83.3,0.0352,0.875,0.504,0.026,1,3,1,0,0,0,0,1,67.5,88.2,65.0,45.0,0,1,90.0,1,0,0,0.0,700,0.202,0.160,0.5616,95.5,1,6850,0,15,15,0
137949,55350,73040,290.54,646.61,273.10,83.6,0.0355,0.878,0.504,0.025,1,3,1,0,0,0,0,1,67.5,88.6,65.0,45.0,0,1,90.0,1,0,0,0.0,700,0.202,0.184,0.5591,95.6,1,6851,0,15,15,0
137969,55358,72969,302.12,672.42,273.10,83.9,0.0357,0.882,0.507,0.025,1,3,1,0,0,0,0,1,67.5,89.0,65.0,45.0,0,1,90.0,1,0,0,0.0,700,0.202,0.184,0.5569,95.7,1,6852,0,15,15,0
137989,55371,73003,306.19,672.99,273.10,84.1,0.0357,0.886,0.511,0.023,1,3,1,0,0,0,0,1,67.5,89.4,65.0,45.0,0,1,90.0,1,0,0,0.0,700,0.202,0.184,0.5548,95.8,1,6853,0,15,15,0
138009,55362,73024,311.32,657.66,273.10,84.0,0.0355,0.889,0.517,0.022,1,3,1,0,1,1,680,1,70.2,89.6,65.0,45.0,0,1,89.7,1,0,0,0.0,680,0.202,0.184,0.5532,95.9,1,6854,0,15,15,0
138029,55397,73042,330.01,662.20,273.10,83.7,0.0351,0.890,0.523,0.020,1,3,1,0,0,0,0,1,70.2,89.8,65.0,45.0,0,1,89.7,1,0,0,0.0,680,0.202,0.186,0.5521,95.9,1,6855,0,15,15,0
138049,55359,73046,331.68,693.80,271.67,83.3,0.0346,0.891,0.529,0.019,1,3,1,0,0,0,0,1,70.2,89.8,65.0,45.0,0,1,89.7,1,0,0,0.0,680,0.202,0.192,0.5504,96.0,1,6856,0,15,15,0
138069,55381,73036,358.32,725.58,262.62,82.9,0.0341,0.890,0.533,0.019,1,3,1,0,0,0,0,1,70.2,89.6,65.0,45.0,0,1,89.7,1,0,0,0.0,680,0.202,0.192,0.5489,96.1,1,6857,0,15,15,0
138089,55381,73043,387.70,747.58,246.29,82.6,0.0337,0.890,0.536,0.019,1,3,1,0,0,0,0,1,70.2,89.5,65.0,45.0,0,1,89.7,1,0,0,0.0,680,0.202,0.192,0.5479,96.1,1,6858,0,15,15,0
138109,55364,73036,410.02,745.62,224.34,82.3,0.0334,0.889,0.539,0.019,1,3,1,0,0,0,0,1,70.2,89.4,65.0,45.0,0,1,89.7,1,0,0,0.0,680,0.202,0.192,0.5476,96.1,1,6859,0,15,15,0
138129,55371,73031,403.51,727.25,205.22,82.2,0.0333,0.888,0.540,0.019,1,3,1,0,0,0,0,1,70.2,89.3,65.0,45.0,0,1,89.7,1,0,0,0.0,680,0.202,0.192,0.5476,96.2,1,6860,0,15,15,0
138149,55399,73007,382.19,691.01,202.90,82.1,0.0332,0.888,0.539,0.019,1,3,1,0,0,0,0,1,70.2,89.2,65.0,45.0,0,1,89.7,1,0,0,0.0,680,0.202,0.192,0.5475,96.2,1,6861,0,15,15,0
138169,55358,73046,354.09,646.27,202.90,82.0,0.0332,0.887,0.538,0.018,1,3,1,0,0,0,0,1,70.2,89.2,65.0,45.0,0,1,89.7,1,0,0,0.0,680,0.202,0.192,0.5475,96.2,1,6862,0,15,15,0
138189,55369,72990,320.02,564.67,202.90,82.0,0.0331,0.887,0.537,0.018,1,3,1,0,0,0,0,1,70.2,89.2,65.0,45.0,0,1,89.7,1,0,0,0.0,680,0.202,0.192,0.5478,96.2,1,6863,0,15,15,0
138209,55355,72972,264.78,450.75,202.90,81.8,0.0330,0.886,0.536,0.018,1,3,1,0,0,0,0,1,70.2,89.1,65.0,45.0,0,1,89.7,1,0,0,0.0,680,0.202,0.192,0.5482,96.3,1,6864,0,15,15,0
138229,55343,72967,200.70,310.83,202.90,81.7,0.0328,0.885,0.535,0.017,1,3,1,0,0,0,0,1,70.2,89.0,65.0,45.0,0,1,89.7,1,0,0,0.0,680,0.202,0.192,0.5487,96.3,1,6865,0,15,15,0
138249,55374,72958,140.27,170.97,202.90,81.5,0.0327,0.883,0.533,0.017,1,3,1,0,0,0,0,1,70.2,88.9,65.0,45.0,0,1,89.7,1,0,0,0.0,680,0.202,0.192,0.5492,96.3,1,6866,0,15,15,0
138269,55335,72962,66.33,43.10,202.90,81.5,0.0327,0.883,0.528,0.016,1,3,1,0,0,0,0,1,70.2,88.9,65.0,45.0,0,1,89.7,1,0,0,0.0,680,0.202,0.192,0.5494,96.3,1,6867,0,15,15,0
138289,55348,72924,6.18,-67.04,202.90,81.6,0.0328,0.885,0.522,0.015,1,3,1,0,0,0,0,1,70.2,89.2,65.0,45.0,0,1,89.7,1,0,0,0.0,680,0.175,0.192,0.5496,96.3,1,6868,0,15,15,0
138309,55344,72955,-47.25,-157.28,202.90,82.0,0.0330,0.892,0.516,0.014,1,3,1,0,0,0,0,1,70.2,89.8,65.0,45.0,0,1,89.7,1,0,0,0.0,680,0.175,0.192,0.5497,96.3,1,6869,0,15,15,0
138329,55347,72980,-84.31,-224.57,204.92,82.7,0.0334,0.903,0.510,0.014,1,3,1,0,0,0,0,1,70.2,90.8,65.0,45.0,0,1,89.7,1,0,0,0.0,680,0.175,0.192,0.5498,96.3,1,6870,0,15,15,0
138349,55339,72959,-114.27,-264.75,212.96,83.6,0.0338,0.919,0.506,0.014,1,3,1,0,0,0,0,1,70.2,92.1,65.0,45.0,0,1,89.7,1,0,0,0.0,680,0.175,0.192,0.5502,96.3,1,6871,0,15,15,0
138369,55352,72964,-130.52,-278.34,215.68,84.7,0.0342,0.938,0.506,0.014,1,3,1,0,0,0,0,1,70.2,93.7,65.0,45.0,0,1,89.7,1,0,0,0.0,680,0.175,0.192,0.5508,96.3,1,6872,0,15,15,0
138389,55340,72985,-150.77,-276.38,215.68,85.7,0.0347,0.956,0.509,0.014,1,3,1,0,0,0,0,1,70.2,94.7,65.0,45.0,0,1,89.7,1,0,0,0.0,680,0.175,0.192,0.5517,96.2,1,6873,0,15,15,0
138409,55351,72960,-148.02,-265.64,215.68,86.3,0.0350,0.966,0.514,0.014,1,3,1,0,0,0,0,1,70.2,95.0,65.0,45.0,0,1,89.7,1,0,0,0.0,680,0.163,0.192,0.5521,96.2,1,6874,0,15,15,0
138429,55337,72964,-155.55,-250.24,215.68,86.7,0.0353,0.969,0.518,0.013,1,3,1,0,0,0,0,1,70.2,95.1,65.0,45.0,0,1,89.7,1,0,0,0.0,680,0.163,0.185,0.5521,96.2,1,6875,0,15,15,0
138449,55342,72967,-161.11,-232.68,215.68,86.9,0.0355,0.970,0.521,0.013,1,3,1,0,0,0,0,1,70.2,95.2,65.0,45.0,0,1,89.7,1,0,0,0.0,680,0.163,0.185,0.5518,96.2,1,6876,0,15,15,0
138469,55371,72962,-163.68,-214.42,215.68,87.0,0.0356,0.970,0.522,0.012,1,3,1,0,0,0,0,1,70.2,95.3,65.0,45.0,0,1,89.7,1,0,0,0.0,680,0.163,0.185,0.5513,96.2,1,6877,0,15,15,0
138489,55346,73001,-155.78,-192.08,215.68,86.9,0.0356,0.970,0.521,0.011,1,3,1,0,0,0,0,1,70.2,95.4,65.0,45.0,0,1,89.7,1,0,0,0.0,680,0.163,0.185,0.5511,96.2,1,6878,0,15,15,0
138509,55354,72953,-128.60,-176.34,215.68,86.9,0.0355,0.972,0.517,0.010,1,3,1,0,0,0,0,1,70.2,95.4,65.0,45.0,0,1,89.7,1,0,0,0.0,680,0.157,0.185,0.5510,96.2,1,6879,0,15,15,0
138529,55349,72953,-105.78,-176.30,215.68,86.9,0.0354,0.974,0.513,0.010,1,3,1,0,0,0,0,1,70.2,95.4,65.0,45.0,0,1,89.7,1,0,0,0.0,680,0.157,0.185,0.5516,96.2,1,6880,0,15,15,0
138549,55349,72963,-87.22,-180.65,215.68,87.0,0.0353,0.976,0.508,0.010,1,3,1,0,0,0,0,1,70.2,95.4,65.0,45.0,0,1,89.7,1,0,0,0.0,680,0.157,0.185,0.5528,96.2,1,6881,0,15,15,0
138569,55341,72966,-72.41,-169.98,215.68,87.0,0.0354,0.977,0.506,0.010,1,3,1,0,0,0,0,1,70.2,95.4,65.0,45.0,0,1,89.7,1,0,0,0.0,680,0.157,0.185,0.5547,96.2,1,6882,0,15,15,0
138589,55313,72982,-75.55,-148.58,215.68,87.1,0.0354,0.978,0.505,0.011,1,3,1,0,0,0,0,1,70.2,95.4,65.0,45.0,0,1,89.7,1,0,0,0.0,680,0.157,0.185,0.5571,96.2,1,6883,0,15,15,0
138609,55350,72959,-84.85,-124.19,215.68,87.2,0.0356,0.979,0.505,0.011,1,3,1,0,0,0,0,1,70.2,95.4,65.0,45.0,0,1,89.7,1,0,0,0.0,680,0.157,0.185,0.5596,96.1,1,6884,0,15,15,0
138629,55367,72981,-77.80,-79.53,215.68,87.3,0.0357,0.980,0.506,0.011,1,3,1,0,0,0,0,1,70.2,95.5,65.0,45.0,0,1,89.7,1,0,0,0.0,680,0.157,0.185,0.5615,96.1,1,6885,0,15,15,0
138649,55357,72987,-51.47,-32.13,215.68,87.4,0.0357,0.980,0.508,0.011,1,3,1,0,0,0,0,1,70.2,95.5,65.0,45.0,0,1,89.7,1,0,0,0.0,680,0.157,0.178,0.5627,96.1,1,6886,0,15,15,0
138669,55363,72991,-9.64,18.47,215.68,87.4,0.0357,0.981,0.509,0.011,1,3,1,0,0,0,0,1,70.2,95.5,65.0,45.0,0,1,89.7,1,0,0,0.0,680,0.157,0.167,0.5632,96.0,1,6887,0,15,15,0
138689,55359,72993,24.88,68.64,215.68,87.3,0.0355,0.981,0.510,0.011,1,3,1,0,0,0,0,1,70.2,95.5,65.0,45.0,0,1,89.7,1,0,0,0.0,680,0.157,0.167,0.5628,96.0,1,6888,0,15,15,0
138709,55362,73046,56.54,113.66,215.68,87.1,0.0354,0.980,0.510,0.010,1,3,1,0,0,0,0,1,70.2,95.4,65.0,45.0,0,1,89.7,1,0,0,0.0,680,0.157,0.167,0.5621,96.0,1,6889,0,15,15,0
138729,55368,73015,81.69,180.05,215.68,86.9,0.0351,0.980,0.511,0.010,1,3,1,0,0,0,0,1,70.2,95.4,65.0,45.0,0,1,89.7,1,0,0,0.0,680,0.155,0.167,0.5612,96.0,1,6890,0,15,15,0
138749,55356,73021,99.57,252.19,215.68,86.7,0.0349,0.980,0.512,0.010,1,3,1,0,0,0,0,1,70.2,95.4,65.0,45.0,0,1,89.7,1,0,0,0.0,680,0.155,0.167,0.5603,96.0,1,6891,0,15,15,0
138769,55378,73020,121.88,312.29,215.68,86.5,0.0347,0.980,0.513,0.009,1,3,1,0,0,0,0,1,70.2,95.3,65.0,45.0,0,1,89.7,1,0,0,0.0,680,0.155,0.167,0.5593,96.0,1,6892,0,15,15,0
138789,55403,73026,159.90,357.07,215.68,86.4,0.0345,0.980,0.514,0.009,1,3,1,0,0,0,0,1,70.2,95.3,65.0,45.0,0,1,89.7,1,0,0,0.0,680,0.163,0.167,0.5585,96.0,1,6893,0,15,15,0
138809,55370,73051,196.90,392.62,215.68,86.2,0.0343,0.980,0.515,0.008,1,3,1,0,0,0,0,1,70.2,95.3,65.0,45.0,0,1,89.7,1,0,0,0.0,680,0.163,0.174,0.5577,96.0,1,6894,0,15,15,0
138829,55382,73017,233.28,415.35,215.68,86.1,0.0341,0.980,0.517,0.008,1,3,1,0,0,0,0,1,70.2,95.3,65.0,45.0,0,1,89.7,1,0,0,0.0,680,0.163,0.174,0.5570,96.0,1,6895,0,15,15,0
138849,55379,73046,255.91,453.54,215.68,86.0,0.0340,0.981,0.519,0.007,1,3,1,0,0,0,0,1,70.2,95.3,65.0,45.0,0,1,89.7,1,0,0,0.0,680,0.163,0.174,0.5557,96.0,1,6896,0,15,15,0
138869,55368,73054,266.79,487.80,215.68,85.9,0.0339,0.981,0.521,0.007,1,3,1,0,0,0,0,1,70.2,95.3,65.0,45.0,0,1,89.7,1,0,0,0.0,680,0.163,0.178,0.5536,96.1,1,6897,0,15,15,0
138889,55371,73064,253.50,521.66,215.68,85.8,0.0338,0.981,0.522,0.007,1,3,1,0,0,0,0,1,70.2,95.3,65.0,45.0,0,1,89.7,1,0,0,0.0,680,0.163,0.192,0.5505,96.1,1,6898,0,15,15,0
138909,55352,73080,223.98,559.02,215.68,85.8,0.0338,0.980,0.520,0.007,1,3,1,0,0,0,0,1,70.2,95.3,65.0,45.0,0,1,89.7,1,0,0,0.0,680,0.163,0.214,0.5465,96.1,1,6899,0,15,15,0
138929,55382,73057,195.24,586.41,215.68,85.8,0.0339,0.978,0.517,0.006,1,3,1,0,0,0,0,1,70.2,95.3,65.0,45.0,0,1,89.7,1,0,0,0.0,680,0.163,0.214,0.5426,96.2,1,6900,0,15,15,0
138949,55391,73044,189.18,589.62,215.68,85.8,0.0340,0.976,0.513,0.006,1,3,1,0,0,0,0,1,70.2,95.4,65.0,45.0,0,1,89.7,1,0,0,0.0,680,0.163,0.214,0.5403,96.3,1,6901,0,15,15,0
138969,55385,73050,196.51,566.38,215.68,85.9,0.0341,0.975,0.511,0.006,1,3,1,0,1,0,960,1,70.2,95.4,65.0,45.0,4,1,89.7,1,0,0,0.0,680,0.163,0.214,0.5401,96.3,1,6902,0,15,15,0
138989,55382,73040,205.77,521.25,215.68,85.9,0.0341,0.975,0.510,0.006,1,3,1,0,0,0,0,1,70.2,95.4,65.0,45.0,0,1,89.7,1,0,0,0.0,680,0.163,0.214,0.5406,96.3,1,6903,0,15,15,0
139009,55391,73029,211.90,462.52,215.68,86.0,0.0342,0.975,0.510,0.006,1,3,1,0,0,0,0,1,70.2,95.4,65.0,45.0,0,1,89.7,1,0,0,0.0,680,0.163,0.214,0.5408,96.4,1,6904,0,15,15,0
139029,55370,73046,207.65,401.73,215.68,86.0,0.0342,0.976,0.511,0.006,1,3,1,0,0,0,0,1,70.2,95.4,65.0,45.0,0,1,89.7,1,0,0,0.0,680,0.163,0.214,0.5394,96.4,1,6905,0,15,15,0
139049,55381,72991,195.34,328.93,215.68,86.0,0.0342,0.976,0.510,0.006,1,3,1,0,0,0,0,1,70.2,95.4,65.0,45.0,0,1,89.7,1,0,0,0.0,680,0.163,0.214,0.5361,96.4,1,6906,0,15,15,0
139069,55362,73005,158.66,224.25,215.68,86.0,0.0342,0.975,0.510,0.006,1,3,1,0,0,0,0,1,70.2,95.4,65.0,45.0,0,1,89.7,1,0,0,0.0,680,0.163,0.214,0.5307,96.5,1,6907,0,15,15,0
139089,55373,73009,120.92,119.14,215.68,85.9,0.0342,0.975,0.509,0.006,1,3,1,0,0,0,0,1,70.2,95.4,65.0,45.0,0,1,89.7,1,0,0,0.0,680,0.163,0.214,0.5250,96.6,1,6908,0,15,15,0
139109,55390,73011,86.54,33.08,215.68,85.9,0.0342,0.974,0.508,0.006,1,3,1,0,0,0,0,1,70.2,95.4,65.0,45.0,0,1,89.7,1,0,0,0.0,680,0.163,0.214,0.5202,96.7,1,6909,0,15,15,0
139129,55351,73000,57.14,-33.64,215.68,85.9,0.0342,0.973,0.507,0.006,1,3,1,0,0,0,0,1,70.2,95.4,65.0,45.0,0,1,89.7,1,0,0,0.0,680,0.163,0.214,0.5173,96.7,1,6910,0,15,15,0
139149,55365,72966,18.07,-95.77,215.68,85.9,0.0342,0.972,0.506,0.006,1,3,1,0,0,0,0,1,70.2,95.4,65.0,45.0,0,1,89.7,1,0,0,0.0,680,0.163,0.214,0.5152,96.8,1,6911,0,15,15,0
139169,55382,72997,-19.94,-150.95,215.68,85.9,0.0343,0.972,0.504,0.006,1,3,1,0,0,0,0,1,70.2,95.3,65.0,45.0,0,1,89.7,1,0,0,0.0,680,0.163,0.214,0.5135,96.9,1,6912,0,15,15,0
139189,55358,73002,-52.32,-194.44,215.68,85.9,0.0343,0.971,0.503,0.007,1,3,1,0,0,0,0,1,70.2,95.3,65.0,45.0,0,1,89.7,1,0,0,0.0,680,0.163,0.214,0.5121,96.9,1,6913,0,15,15,0
139209,55378,73020,-53.62,-218.58,215.68,85.9,0.0343,0.971,0.501,0.007,1,3,1,0,0,0,0,1,70.2,95.3,65.0,45.0,0,1,89.7,1,0,0,0.0,680,0.163,0.214,0.5112,97.0,1,6914,0,15,15,0
139229,55360,73020,-75.58,-204.58,215.68,85.8,0.0342,0.970,0.500,0.008,1,3,1,0,0,0,0,1,70.2,95.2,65.0,45.0,0,1,89.7,1,0,0,0.0,680,0.163,0.214,0.5110,97.0,1,6915,0,15,15,0
139249,55366,73028,-91.44,-175.91,215.68,85.6,0.0340,0.970,0.501,0.008,1,3,1,0,0,0,0,1,70.2,95.2,65.0,45.0,0,1,89.7,1,0,0,0.0,680,0.163,0.214,0.5112,97.1,1,6916,0,15,15,0
139269,55363,73033,-107.74,-133.33,215.68,85.3,0.0336,0.970,0.503,0.008,1,3,1,0,0,0,0,1,70.2,95.1,65.0,45.0,0,1,89.7,1,0,0,0.0,680,0.163,0.214,0.5117,97.1,1,6917,0,15,15,0
139289,55369,73040,-115.77,-83.82,215.68,84.9,0.0332,0.968,0.504,0.008,1,3,1,0,0,0,0,1,70.2,94.9,65.0,45.0,0,1,89.7,1,0,0,0.0,680,0.163,0.174,0.5124,97.1,1,6918,0,15,15,0
139309,55373,73035,-113.11,-35.95,211.24,84.4,0.0327,0.966,0.505,0.008,1,3,1,0,0,0,0,1,70.2,94.8,65.0,45.0,0,1,89.7,1,0,0,0.0,680,0.163,0.174,0.5134,97.1,1,6919,0,15,15,0
139329,55411,73032,-98.55,3.76,205.18,83.8,0.0322,0.963,0.505,0.008,1,3,1,0,0,0,0,1,70.2,94.6,65.0,45.0,0,1,89.7,1,0,0,0.0,680,0.177,0.174,0.5142,97.1,1,6920,0,15,15,0
139349,55374,73078,-79.05,33.48,205.18,83.4,0.0317,0.961,0.503,0.008,1,3,1,0,0,0,0,1,70.2,94.5,65.0,45.0,0,1,89.7,1,0,0,0.0,680,0.177,0.174,0.5148,97.1,1,6921,0,15,15,0
139369,55370,73026,-60.21,49.46,205.18,83.1,0.0315,0.960,0.501,0.008,1,3,1,0,0,0,0,1,70.2,94.4,65.0,45.0,0,1,89.7,1,0,0,0.0,680,0.177,0.174,0.5153,97.1,1,6922,0,15,15,0
139389,55374,73035,-44.39,60.48,205.18,83.0,0.0313,0.959,0.499,0.008,1,3,1,0,0,0,0,1,70.2,94.4,65.0,45.0,0,1,89.7,1,0,0,0.0,680,0.177,0.174,0.5157,97.1,1,6923,0,15,15,0
139409,55374,73036,-32.24,66.52,205.18,83.1,0.0313,0.961,0.497,0.008,1,3,1,0,0,0,0,1,70.2,94.4,65.0,45.0,0,1,89.7,1,0,0,0.0,680,0.177,0.174,0.5161,97.1,1,6924,0,15,15,0
139429,55395,73052,-23.60,69.65,205.18,83.1,0.0313,0.963,0.497,0.009,1,3,1,0,0,0,0,1,70.2,94.4,65.0,45.0,0,1,89.7,1,0,0,0.0,680,0.177,0.174,0.5163,97.1,1,6925,0,15,15,0
139449,55359,73054,-17.95,92.19,205.18,83.2,0.0313,0.964,0.499,0.009,1,3,1,0,0,0,0,1,70.2,94.4,65.0,45.0,0,1,89.7,1,0,0,0.0,680,0.177,0.174,0.5163,97.1,1,6926,0,15,15,0
139469,55371,73029,-20.26,117.58,205.18,83.1,0.0312,0.964,0.501,0.009,1,3,1,0,0,0,0,1,70.2,94.4,65.0,45.0,0,1,89.7,1,0,0,0.0,680,0.177,0.174,0.5161,97.1,1,6927,0,15,15,0
139489,55394,73054,-25.77,141.22,205.18,83.0,0.0311,0.963,0.502,0.009,1,3,1,0,0,0,0,1,70.2,94.3,65.0,45.0,0,1,89.7,1,0,0,0.0,680,0.177,0.174,0.5159,97.1,1,6928,0,15,15,0
139509,55400,73076,10.64,158.41,205.18,82.9,0.0310,0.963,0.503,0.008,1,3,1,0,0,0,0,1,70.2,94.3,65.0,45.0,0,1,89.7,1,0,0,0.0,680,0.177,0.174,0.5156,97.1,1,6929,0,15,15,0
139529,55395,73085,59.90,198.95,205.18,82.7,0.0309,0.962,0.503,0.008,1,3,1,0,0,0,0,1,70.2,94.3,65.0,45.0,0,1,89.7,1,0,0,0.0,680,0.177,0.173,0.5152,97.1,1,6930,0,15,15,0
139549,55387,73093,105.91,252.74,205.18,82.6,0.0308,0.962,0.502,0.008,1,3,1,0,0,0,0,1,70.2,94.3,65.0,45.0,0,1,89.7,1,0,0,0.0,680,0.177,0.183,0.5146,97.1,1,6931,0,15,15,0
139569,55395,73133,142.16,311.75,205.18,82.6,0.0307,0.962,0.502,0.008,1,3,1,0,0,0,0,1,70.2,94.3,65.0,45.0,0,1,89.7,1,0,0,0.0,680,0.177,0.238,0.5137,97.1,1,6932,0,15,15,0
139589,55407,73098,167.07,367.04,205.18,82.5,0.0307,0.962,0.501,0.007,1,3,1,0,0,0,0,1,70.2,94.3,65.0,45.0,0,1,89.7,1,0,0,0.0,680,0.110,0.238,0.5126,97.1,1,6933,0,15,15,0
139609,55404,73104,198.11,416.36,205.18,82.6,0.0307,0.962,0.500,0.007,1,3,1,0,0,0,0,1,70.2,94.3,65.0,45.0,0,1,89.7,1,0,0,0.0,680,0.108,0.229,0.5117,97.1,1,6934,0,15,15,0
139629,55415,73116,229.99,450.69,205.18,82.6,0.0307,0.962,0.499,0.007,1,3,1,0,0,0,0,1,70.2,94.3,65.0,45.0,0,1,89.7,1,0,0,0.0,680,0.116,0.229,0.5113,97.2,1,6935,0,15,15,0
139649,55426,73137,269.36,485.06,205.18,82.7,0.0308,0.963,0.500,0.007,1,3,1,0,0,0,0,1,70.2,94.3,65.0,45.0,0,1,89.7,1,0,0,0.0,680,0.135,0.234,0.5117,97.2,1,6936,0,15,15,0
139669,55413,73142,302.53,537.79,205.18,82.8,0.0309,0.963,0.500,0.007,1,3,1,0,0,0,0,1,70.2,94.4,65.0,45.0,0,1,89.7,1,0,0,0.0,680,0.135,0.241,0.5128,97.2,1,6937,0,15,15,0
139689,55414,73119,322.65,583.48,205.18,82.9,0.0311,0.963,0.501,0.007,1,3,1,0,0,0,0,1,70.2,94.4,65.0,45.0,0,1,89.7,1,0,0,0.0,680,0.135,0.241,0.5144,97.2,1,6938,0,15,15,0
139709,55424,73127,330.47,598.23,205.18,83.1,0.0312,0.964,0.503,0.007,1,3,1,0,0,0,0,1,70.2,94.5,65.0,45.0,0,1,89.7,1,0,0,0.0,680,0.135,0.241,0.5162,97.2,1,6939,0,15,15,0
139729,55417,73129,333.56,590.78,205.18,83.2,0.0314,0.964,0.506,0.006,1,3,1,0,1,0,1720,1,70.2,94.6,65.0,45.0,4,1,89.7,1,0,0,0.0,680,0.135,0.241,0.5177,97.1,1,6940,0,15,15,0
139749,55416,73115,330.07,567.95,205.18,83.3,0.0315,0.965,0.509,0.006,1,3,1,0,0,0,0,1,70.2,94.6,65.0,45.0,0,1,89.7,1,0,0,0.0,680,0.135,0.241,0.5191,97.1,1,6941,0,15,15,0
139769,55369,73118,318.35,522.30,205.18,83.4,0.0316,0.964,0.511,0.006,1,3,1,0,0,0,0,1,70.2,94.6,65.0,45.0,0,1,89.7,1,0,0,0.0,680,0.135,0.241,0.5208,97.1,1,6942,0,15,15,0
139789,55399,73098,269.34,463.01,205.18,83.5,0.0317,0.964,0.512,0.006,1,3,1,0,0,0,0,1,70.2,94.7,65.0,45.0,0,1,89.7,1,0,0,0.0,680,0.135,0.241,0.5223,97.1,1,6943,0,15,15,0
139809,55403,73089,208.79,376.69,205.18,83.5,0.0317,0.964,0.512,0.006,1,3,1,0,0,0,0,1,70.2,94.7,65.0,45.0,0,1,89.7,1,0,0,0.0,680,0.135,0.241,0.5235,97.0,1,6944,0,15,15,0
139829,55391,73095,149.42,282.39,205.18,83.5,0.0317,0.964,0.512,0.006,1,3,1,0,0,0,0,1,70.2,94.7,65.0,45.0,0,1,89.7,1,0,0,0.0,680,0.135,0.241,0.5244,97.0,1,6945,0,15,15,0
139849,55393,73071,85.67,185.71,205.18,83.5,0.0317,0.964,0.512,0.006,1,3,1,0,0,0,0,1,70.2,94.7,65.0,45.0,0,1,89.7,1,0,0,0.0,680,0.135,0.241,0.5245,97.0,1,6946,0,15,15,0
139869,55451,73072,27.69,74.76,205.18,83.5,0.0317,0.964,0.512,0.006,1,3,1,0,0,0,0,1,70.2,94.7,65.0,45.0,0,1,89.7,1,0,0,0.0,680,0.181,0.241,0.5243,97.0,1,6947,0,15,15,0
139889,55396,73101,-15.15,-28.20,205.18,83.5,0.0317,0.964,0.512,0.006,1,3,1,0,0,0,0,1,70.2,94.7,65.0,45.0,0,1,89.7,1,0,0,0.0,680,0.181,0.241,0.5235,97.0,1,6948,0,15,15,0
139909,55388,73078,-46.43,-105.84,205.18,83.5,0.0317,0.965,0.512,0.006,1,3,1,0,0,0,0,1,70.2,94.7,65.0,45.0,0,1,89.7,1,0,0,0.0,680,0.181,0.241,0.5218,97.0,1,6949,0,15,15,0
139929,55392,73064,-76.43,-162.57,205.18,83.5,0.0317,0.965,0.513,0.006,1,3,1,0,0,0,0,1,70.2,94.7,65.0,45.0,0,1,89.7,1,0,0,0.0,680,0.181,0.241,0.5195,97.0,1,6950,0,15,15,0
139949,55389,73076,-107.36,-205.52,205.18,83.5,0.0317,0.965,0.514,0.006,1,3,1,0,0,0,0,1,70.2,94.7,65.0,45.0,0,1,89.7,1,0,0,0.0,680,0.181,0.241,0.5169,97.0,1,6951,0,15,15,0
139969,55419,73084,-128.52,-236.36,205.18,83.4,0.0316,0.965,0.515,0.006,1,3,1,0,0,0,0,1,70.2,94.6,65.0,45.0,0,1,89.7,1,0,0,0.0,680,0.181,0.241,0.5141,97.0,1,6952,0,15,15,0
139989,55388,73092,-147.92,-246.01,205.18,83.4,0.0315,0.965,0.518,0.006,1,3,1,0,0,0,0,1,70.2,94.6,65.0,45.0,0,1,89.7,1,0,0,0.0,680,0.181,0.241,0.5128,97.1,1,6953,0,15,15,0
140009,55392,73050,-157.73,-245.04,205.18,83.3,0.0314,0.965,0.519,0.006,1,3,1,0,0,0,0,1,70.2,94.6,65.0,45.0,0,1,89.7,1,0,0,0.0,680,0.181,0.241,0.5127,97.1,1,6954,0,15,15,0
140029,55398,73065,-161.65,-266.00,205.18,83.2,0.0313,0.965,0.520,0.007,1,3,1,0,0,0,0,1,70.2,94.5,65.0,45.0,0,1,89.7,1,0,0,0.0,680,0.181,0.241,0.5132,97.1,1,6955,0,15,15,0
140049,55396,73078,-154.58,-291.89,207.89,83.1,0.0312,0.965,0.521,0.007,1,3,1,0,0,0,0,1,70.2,94.5,65.0,45.0,0,1,89.7,1,0,0,0.0,680,0.181,0.241,0.5134,97.1,1,6956,0,15,15,0
140069,55399,73076,-139.84,-299.31,209.38,82.9,0.0310,0.964,0.520,0.007,1,3,1,0,0,0,0,1,70.2,94.4,65.0,45.0,0,1,89.7,1,0,0,0.0,680,0.181,0.241,0.5133,97.1,1,6957,0,15,15,0
140089,55384,73089,-127.46,-294.04,208.99,82.6,0.0307,0.963,0.518,0.007,1,3,1,0,0,0,0,1,70.2,94.3,65.0,45.0,0,1,89.7,1,0,0,0.0,680,0.181,0.241,0.5128,97.1,1,6958,0,15,15,0
140109,55385,73071,-137.94,-285.92,205.31,82.3,0.0303,0.962,0.515,0.007,1,3,1,0,0,0,0,1,70.2,94.2,65.0,45.0,0,1,89.7,1,0,0,0.0,680,0.181,0.241,0.5125,97.1,1,6959,0,15,15,0
140129,55404,73084,-155.69,-265.39,198.07,81.9,0.0300,0.961,0.513,0.007,1,3,1,0,0,0,0,1,70.2,94.1,65.0,45.0,0,1,89.7,1,0,0,0.0,680,0.168,0.241,0.5125,97.2,1,6960,0,15,15,0
140149,55398,73075,-148.99,-254.44,189.12,81.6,0.0296,0.960,0.511,0.007,1,3,1,0,0,0,0,1,70.2,94.0,65.0,45.0,0,1,89.7,1,0,0,0.0,680,0.168,0.198,0.5126,97.2,1,6961,0,15,15,0
140169,55399,73085,-130.88,-235.36,179.51,81.3,0.0293,0.959,0.509,0.006,1,3,1,0,0,0,0,1,70.2,94.0,65.0,45.0,0,1,89.7,1,0,0,0.0,680,0.168,0.192,0.5124,97.2,1,6962,0,15,15,0
140189,55431,73098,-110.39,-213.56,179.51,81.1,0.0290,0.959,0.506,0.006,1,3,1,0,0,0,0,1,70.2,93.9,65.0,45.0,0,1,89.7,1,0,0,0.0,680,0.166,0.167,0.5120,97.2,1,6963,0,15,15,0
140209,55392,73136,-91.70,-174.95,179.51,81.0,0.0289,0.959,0.504,0.006,1,3,1,0,0,0,0,1,70.2,93.9,65.0,45.0,0,1,89.7,1,0,0,0.0,680,0.166,0.167,0.5117,97.2,1,6964,0,15,15,0
140229,55407,73096,-61.61,-134.95,179.51,81.0,0.0289,0.959,0.502,0.006,1,3,1,0,0,0,0,1,70.2,93.9,65.0,45.0,0,1,89.7,1,0,0,0.0,680,0.166,0.159,0.5114,97.2,1,6965,0,15,15,0
140249,55405,73104,-35.27,-91.97,179.51,81.0,0.0289,0.959,0.501,0.006,1,3,1,0,0,0,0,1,70.2,93.9,65.0,45.0,0,1,89.7,1,0,0,0.0,680,0.166,0.159,0.5112,97.2,1,6966,0,15,15,0
140269,55408,73113,-11.12,-54.64,179.51,81.1,0.0290,0.960,0.501,0.006,1,3,1,0,0,0,0,1,70.2,93.9,65.0,45.0,0,1,89.7,1,0,0,0.0,680,0.166,0.159,0.5112,97.2,1,6967,0,15,15,0
140289,55424,73117,9.72,-13.35,179.51,81.1,0.0289,0.960,0.501,0.007,1,3,1,0,0,0,0,1,70.2,93.9,65.0,45.0,0,1,89.7,1,0,0,0.0,680,0.166,0.159,0.5111,97.2,1,6968,0,15,15,0
140309,55391,73124,25.21,27.79,179.51,81.0,0.0289,0.961,0.502,0.007,1,3,1,0,0,0,0,1,70.2,93.9,65.0,45.0,0,1,89.7,1,0,0,0.0,680,0.166,0.159,0.5111,97.2,1,6969,0,15,15,0
140329,55405,73097,29.62,61.09,179.51,80.9,0.0287,0.961,0.504,0.007,1,3,1,0,0,0,0,1,70.2,93.8,65.0,45.0,0,1,89.7,1,0,0,0.0,680,0.166,0.159,0.5111,97.2,1,6970,0,15,15,0
140349,55419,73134,27.79,94.10,179.51,80.7,0.0285,0.961,0.505,0.006,1,3,1,0,0,0,0,1,70.2,93.8,65.0,45.0,0,1,89.7,1,0,0,0.0,680,0.166,0.159,0.5111,97.2,1,6971,0,15,15,0
140369,55410,73136,31.88,133.80,179.51,80.5,0.0283,0.960,0.506,0.006,1,3,1,0,0,0,0,1,70.2,93.7,65.0,45.0,0,1,89.7,1,0,0,0.0,680,0.166,0.155,0.5109,97.2,1,6972,0,15,15,0
140389,55428,73159,53.33,170.38,179.51,80.3,0.0281,0.959,0.506,0.006,1,3,1,0,0,0,0,1,70.2,93.7,65.0,45.0,0,1,89.7,1,0,0,0.0,680,0.166,0.178,0.5107,97.2,1,6973,0,15,15,0
140409,55423,73166,84.71,229.42,179.51,80.1,0.0279,0.959,0.505,0.006,1,3,1,0,0,0,0,1,70.2,93.7,65.0,45.0,0,1,89.7,1,0,0,0.0,680,0.166,0.187,0.5107,97.2,1,6974,0,15,15,0
140429,55427,73170,121.18,294.87,179.51,80.0,0.0277,0.958,0.504,0.005,1,3,1,0,0,0,0,1,70.2,93.6,65.0,45.0,0,1,89.7,1,0,0,0.0,680,0.166,0.193,0.5104,97.2,1,6975,0,15,15,0
140449,55431,73168,152.22,351.53,179.51,79.9,0.0276,0.958,0.502,0.005,1,3,1,0,0,0,0,1,70.2,93.6,65.0,45.0,0,1,89.7,1,0,0,0.0,680,0.148,0.193,0.5104,97.2,1,6976,0,15,15,0
140469,55431,73142,181.47,391.11,179.51,79.8,0.0276,0.958,0.500,0.005,1,3,1,0,0,0,0,1,70.2,93.6,65.0,45.0,0,1,89.7,1,0,0,0.0,680,0.148,0.164,0.5108,97.2,1,6977,0,15,15,0
140489,55424,73137,202.92,375.81,179.51,79.8,0.0275,0.958,0.499,0.006,1,2,1,0,1,0,2480,0,0.0,93.6,65.0,45.0,4,1,89.7,0,0,1,0.0,680,0.148,0.164,0.5108,97.2,1,6978,0,15,15,0
140509,55431,73124,215.06,328.05,179.51,79.7,0.0275,0.957,0.500,0.006,1,2,1,0,0,0,0,0,0.0,93.5,65.0,45.0,0,1,89.7,0,0,1,0.0,680,0.148,0.164,0.5108,97.2,1,6979,0,15,15,0
140529,55420,73105,205.54,250.97,179.51,79.5,0.0273,0.955,0.501,0.006,1,2,1,0,0,0,0,0,0.0,93.5,65.0,45.0,0,1,89.7,0,0,1,0.0,680,0.148,0.164,0.5108,97.2,1,6980,0,15,15,0
140549,55434,73095,198.57,142.51,179.51,79.2,0.0272,0.950,0.502,0.006,1,2,1,0,0,0,0,0,0.0,93.4,65.0,45.0,0,1,89.7,0,0,1,0.0,680,0.148,0.164,0.5108,97.2,1,6981,0,15,15,0
140569,55403,73093,170.30,20.22,179.51,78.9,0.0270,0.943,0.500,0.006,1,2,1,0,0,0,0,0,0.0,92.8,65.0,45.0,0,1,89.7,0,0,1,0.0,680,0.148,0.164,0.5108,97.2,1,6982,0,15,15,0
140589,55428,73085,149.66,-94.27,179.51,78.4,0.0270,0.932,0.494,0.006,1,2,1,0,0,0,0,0,0.0,92.0,65.0,45.0,0,1,89.7,0,0,1,0.0,680,0.148,0.164,0.5108,97.2,1,6983,0,15,15,0
140609,55386,73077,86.31,-200.63,179.51,78.2,0.0270,0.922,0.485,0.007,1,2,1,0,0,0,0,0,0.0,91.2,65.0,45.0,0,1,89.7,0,0,1,0.0,680,0.148,0.164,0.5108,97.2,1,6984,0,15,15,0
140629,55398,73074,3.82,-298.83,179.51,78.2,0.0273,0.916,0.475,0.008,1,2,1,0,0,0,0,0,0.0,90.7,65.0,45.0,0,1,89.7,0,0,1,0.0,680,0.148,0.164,0.5108,97.2,1,6985,0,15,15,0
140649,55386,73067,-97.50,-382.04,196.06,78.5,0.0277,0.916,0.469,0.010,1,2,1,0,0,0,0,0,0.0,90.6,65.0,45.0,0,1,89.7,0,0,1,0.0,680,0.148,0.164,0.5108,97.2,1,6986,0,15,15,0
140669,55379,73077,-191.49,-444.64,208.57,79.0,0.0283,0.918,0.468,0.012,1,2,1,0,0,0,0,0,0.0,90.8,65.0,45.0,0,1,89.7,0,0,1,0.0,680,0.148,0.164,0.5108,97.2,1,6987,0,15,15,0
140689,55393,73065,-267.63,-496.53,218.95,79.7,0.0289,0.922,0.471,0.014,1,2,1,0,0,0,0,0,0.0,91.2,65.0,45.0,0,1,89.7,0,0,1,0.0,680,0.148,0.164,0.5108,97.2,1,6988,0,15,15,0
140709,55388,73072,-319.82,-525.91,224.83,80.4,0.0296,0.926,0.476,0.015,1,2,1,0,0,0,0,0,0.0,91.5,65.0,45.0,0,1,89.7,0,0,1,0.0,680,0.148,0.164,0.5108,97.2,1,6989,0,15,15,0
140729,55390,73081,-348.58,-537.98,227.24,81.1,0.0303,0.929,0.483,0.015,1,2,1,0,0,0,0,0,0.0,91.9,65.0,45.0,0,1,89.7,0,0,1,0.0,680,0.148,0.164,0.5108,97.2,1,6990,0,15,15,0
140749,55380,73068,-364.69,-537.22,227.24,81.7,0.0309,0.931,0.491,0.015,1,2,1,0,1,0,0,0,0.0,92.3,65.0,45.0,6,1,89.7,0,0,1,0.0,680,0.148,0.164,0.5108,97.2,1,6991,0,15,15,0
140769,55397,73087,-366.80,-514.66,227.24,82.2,0.0314,0.933,0.498,0.014,1,2,1,0,0,0,0,0,0.0,92.6,65.0,45.0,0,1,89.7,0,0,1,0.0,680,0.130,0.164,0.5108,97.2,1,6992,0,15,15,0
140789,55387,73071,-365.62,-496.73,227.24,82.6,0.0318,0.935,0.505,0.013,1,2,1,0,0,0,0,0,0.0,92.9,65.0,45.0,0,1,89.7,0,0,1,0.0,680,0.130,0.164,0.5108,97.2,1,6993,0,15,15,0
140809,55399,73077,-341.87,-471.10,227.24,82.8,0.0321,0.935,0.511,0.013,1,2,1,0,0,0,0,0,0.0,93.0,65.0,45.0,0,1,89.7,0,0,1,0.0,680,0.130,0.164,0.5108,97.2,1,6994,0,15,15,0
140829,55396,73078,-311.63,-442.50,227.24,83.0,0.0323,0.936,0.514,0.013,1,2,1,0,0,0,0,0,0.0,93.1,65.0,45.0,0,1,89.7,0,0,1,0.0,680,0.130,0.164,0.5108,97.2,1,6995,0,15,15,0
140849,55383,73077,-280.81,-413.53,227.24,83.1,0.0324,0.936,0.515,0.013,1,2,1,0,0,0,0,0,0.0,93.1,65.0,45.0,0,1,89.7,0,0,1,0.0,680,0.130,0.164,0.5108,97.2,1,6996,0,15,15,0
140869,55392,73081,-259.56,-384.09,227.24,83.1,0.0324,0.936,0.517,0.013,1,2,1,0,0,0,0,0,0.0,93.1,65.0,45.0,0,1,89.7,0,0,1,0.0,680,0.099,0.164,0.5108,97.2,1,6997,0,15,15,0
140889,55377,73079,-260.02,-354.46,227.24,83.0,0.0323,0.936,0.520,0.014,1,2,1,0,0,0,0,0,0.0,93.0,65.0,45.0,0,1,89.7,0,0,1,0.0,680,0.103,0.164,0.5108,97.2,1,6998,0,15,15,0
140909,55390,73075,-254.18,-326.40,227.24,82.8,0.0320,0.936,0.525,0.014,1,2,1,0,0,0,0,0,0.0,92.9,65.0,45.0,0,1,89.7,0,0,1,0.0,680,0.103,0.164,0.5108,97.2,1,6999,0,15,15,0
140929,55382,73084,-259.41,-300.63,227.24,82.5,0.0317,0.937,0.534,0.015,1,2,1,0,0,0,0,0,0.0,92.9,65.0,45.0,0,1,89.7,0,0,1,0.0,680,0.103,0.164,0.5108,97.2,1,7000,0,15,15,0
140949,55388,73089,-255.07,-270.28,227.24,82.2,0.0313,0.938,0.544,0.017,1,2,1,0,0,0,0,0,0.0,92.7,65.0,45.0,0,1,89.7,0,0,1,0.0,680,0.103,0.164,0.5108,97.2,1,7001,0,15,15,0
140969,55380,73092,-256.46,-233.49,227.24,81.9,0.0309,0.938,0.553,0.019,1,2,1,0,0,0,0,0,0.0,92.5,65.0,45.0,0,1,89.7,0,0,1,0.0,680,0.103,0.164,0.5108,97.2,1,7002,0,15,15,0
140989,55395,73090,-246.63,-196.42,227.24,81.5,0.0305,0.936,0.560,0.021,1,2,1,0,0,0,0,0,0.0,92.1,65.0,45.0,0,1,89.7,0,0,1,0.0,680,0.103,0.164,0.5108,97.2,1,7003,0,15,15,0
141009,55402,73097,-218.57,-160.53,227.24,81.2,0.0302,0.934,0.564,0.024,1,2,1,0,0,0,0,0,0.0,91.7,65.0,45.0,0,1,89.7,0,0,1,0.0,680,0.103,0.144,0.5108,97.2,1,7004,0,15,15,0
141029,55392,73098,-185.37,-122.37,227.24,80.8,0.0299,0.932,0.566,0.026,1,2,1,0,0,0,0,0,0.0,91.3,65.0,45.0,0,1,89.7,0,0,1,0.0,680,0.103,0.144,0.5108,97.2,1,7005,0,15,15,0
141049,55401,73104,-142.29,-86.83,227.24,80.6,0.0297,0.930,0.565,0.028,1,2,1,0,0,0,0,0,0.0,91.0,65.0,45.0,0,1,89.7,0,0,1,0.0,680,0.103,0.144,0.5108,97.2,1,7006,0,15,15,0
141069,55393,73105,-115.24,-48.84,227.24,80.5,0.0296,0.929,0.564,0.030,1,2,1,0,0,0,0,0,0.0,90.7,65.0,45.0,0,1,89.7,0,0,1,0.0,680,0.103,0.144,0.5108,97.2,1,7007,0,15,15,0
141089,55392,73113,-97.77,-14.08,227.24,80.4,0.0295,0.928,0.563,0.031,1,2,1,0,0,0,0,0,0.0,90.6,65.0,45.0,0,1,89.7,0,0,1,0.0,680,0.103,0.144,0.5108,97.2,1,7008,0,15,15,0
141109,55401,73125,-85.98,25.10,227.24,80.4,0.0295,0.928,0.562,0.032,1,2,1,0,0,0,0,0,0.0,90.5,65.0,45.0,0,1,89.7,0,0,1,0.0,680,0.103,0.144,0.5108,97.2,1,7009,0,15,15,0
141129,55389,73127,-79.41,76.39,227.24,80.4,0.0296,0.927,0.561,0.033,1,2,1,0,0,0,0,0,0.0,90.4,65.0,45.0,0,1,89.7,0,0,1,0.0,680,0.103,0.144,0.5108,97.2,1,7010,0,15,15,0
141149,55399,73121,-62.30,123.73,227.24,80.4,0.0296,0.926,0.560,0.033,1,2,1,0,0,0,0,0,0.0,90.3,65.0,45.0,0,1,89.7,0,0,1,0.0,680,0.103,0.144,0.5108,97.2,1,7011,0,15,15,0
141169,55408,73099,-42.96,155.06,227.24,80.4,0.0296,0.926,0.559,0.034,1,2,1,0,0,0,0,0,0.0,90.3,65.0,45.0,0,1,89.7,0,0,1,0.0,680,0.103,0.144,0.5108,97.2,1,7012,0,15,15,0
141189,55408,73079,-8.61,142.27,227.24,80.4,0.0296,0.926,0.559,0.034,1,2,1,0,0,0,0,0,0.0,90.3,65.0,45.0,0,1,89.7,0,0,1,0.0,680,0.103,0.144,0.5108,97.2,1,7013,0,15,15,0
141209,55400,73069,26.69,83.41,227.24,80.4,0.0296,0.928,0.561,0.034,1,2,1,0,0,0,0,0,0.0,90.4,65.0,45.0,0,1,89.7,0,0,1,0.0,680,0.103,0.144,0.5108,97.2,1,7014,0,15,15,0
141229,55397,73050,41.90,-0.79,227.24,80.4,0.0295,0.928,0.563,0.034,1,2,1,0,0,0,0,0,0.0,90.4,65.0,45.0,0,1,89.7,0,0,1,0.0,680,0.103,0.164,0.5108,97.2,1,7015,0,15,15,0
141249,55392,73051,40.59,-108.55,227.24,80.3,0.0295,0.925,0.562,0.034,1,2,1,0,0,0,0,0,0.0,90.2,65.0,45.0,0,1,89.7,0,0,1,0.0,680,0.103,0.164,0.5108,97.2,1,7016,0,15,15,0
141269,55379,73043,22.96,-210.65,227.24,80.1,0.0295,0.921,0.558,0.033,1,2,1,0,0,0,0,0,0.0,89.9,65.0,45.0,0,1,89.7,0,0,1,0.0,680,0.103,0.174,0.5108,97.2,1,7017,0,15,15,0
141289,55376,73028,-23.11,-303.48,227.24,80.1,0.0296,0.916,0.552,0.033,1,2,1,0,0,0,0,0,0.0,89.6,65.0,45.0,0,1,89.7,0,0,1,0.0,680,0.105,0.194,0.5108,97.2,1,7018,0,15,15,0
141309,55361,73043,-79.32,-376.12,213.02,80.2,0.0299,0.913,0.546,0.031,1,2,1,0,0,0,0,0,0.0,89.5,65.0,45.0,0,1,89.7,0,0,1,0.0,680,0.132,0.194,0.5108,97.2,1,7019,0,15,15,0
141329,55379,73058,-130.59,-426.39,187.12,80.4,0.0301,0.912,0.541,0.030,1,2,1,0,0,0,0,0,0.0,89.6,65.0,45.0,0,1,89.7,0,0,1,0.0,680,0.132,0.194,0.5108,97.2,1,7020,0,15,15,0
141349,55374,73063,-174.70,-435.08,187.12,80.6,0.0304,0.913,0.538,0.028,1,2,1,0,0,0,0,0,0.0,89.9,65.0,45.0,0,1,89.7,0,0,1,0.0,680,0.132,0.194,0.5108,97.2,1,7021,0,15,15,0
141369,55363,73052,-207.65,-421.54,187.12,80.9,0.0306,0.915,0.538,0.026,1,2,1,0,1,0,620,0,0.0,90.2,65.0,45.0,6,1,89.7,0,0,1,0.0,680,0.132,0.194,0.5108,97.2,1,7022,0,15,15,0
141389,55348,73043,-249.51,-405.41,187.12,81.1,0.0308,0.916,0.539,0.024,1,2,1,0,0,0,0,0,0.0,90.5,65.0,45.0,0,1,89.7,0,0,1,0.0,680,0.155,0.194,0.5108,97.2,1,7023,0,15,15,0
141409,55369,73038,-286.27,-399.40,187.12,81.3,0.0310,0.918,0.542,0.023,1,2,1,0,0,0,0,0,0.0,90.7,65.0,45.0,0,1,89.7,0,0,1,0.0,680,0.155,0.194,0.5108,97.2,1,7024,0,15,15,0
141429,55363,73017,-312.58,-401.52,187.12,81.5,0.0312,0.919,0.545,0.022,1,2,1,0,0,0,0,0,0.0,91.0,65.0,45.0,0,1,89.7,0,0,1,0.0,680,0.155,0.207,0.5108,97.2,1,7025,0,15,15,0
141449,55347,73026,-327.52,-419.50,187.12,81.7,0.0314,0.921,0.549,0.021,1,2,1,0,0,0,0,0,0.0,91.2,65.0,45.0,0,1,89.7,0,0,1,0.0,680,0.157,0.171,0.5108,97.2,1,7026,0,15,15,0
141469,55349,73009,-358.15,-449.65,187.12,81.9,0.0316,0.922,0.554,0.021,1,2,1,0,0,0,0,0,0.0,91.4,65.0,45.0,0,1,89.7,0,0,1,0.0,680,0.157,0.175,0.5108,97.2,1,7027,0,15,15,0
141489,55328,73005,-390.53,-486.88,187.12,82.2,0.0318,0.924,0.561,0.021,1,2,1,0,0,0,0,0,0.0,91.6,65.0,45.0,0,1,89.7,0,0,1,0.0,680,0.191,0.167,0.5108,97.2,1,7028,0,15,15,0
141509,55320,73021,-449.87,-516.37,187.12,82.4,0.0321,0.925,0.569,0.021,1,2,1,0,0,0,0,0,0.0,91.7,65.0,45.0,0,1,89.7,0,0,1,0.0,680,0.206,0.167,0.5108,97.2,1,7029,0,15,15,0
141529,55339,73037,-506.49,-516.03,186.92,82.5,0.0322,0.924,0.578,0.022,1,2,1,0,0,0,0,0,0.0,91.5,65.0,45.0,0,1,89.7,0,0,1,0.0,680,0.206,0.167,0.5108,97.2,1,7030,0,15,15,0
141549,55333,73031,-538.84,-484.05,181.29,82.5,0.0323,0.920,0.588,0.024,1,2,1,0,0,0,0,0,0.0,91.1,65.0,45.0,0,1,89.7,0,0,1,0.0,680,0.195,0.167,0.5108,97.2,1,7031,0,15,15,0
141569,55327,73034,-550.64,-434.50,181.29,82.2,0.0323,0.914,0.599,0.026,1,2,1,0,0,0,0,0,0.0,90.5,65.0,45.0,0,1,89.7,0,0,1,0.0,680,0.195,0.167,0.5108,97.2,1,7032,0,15,15,0
141589,55347,73048,-546.27,-380.35,181.29,81.8,0.0321,0.907,0.609,0.029,1,2,1,0,0,0,0,0,0.0,89.7,65.0,45.0,0,1,89.7,0,0,1,0.0,680,0.159,0.167,0.5108,97.2,1,7033,0,15,15,0
141609,55357,73045,-503.91,-312.56,181.29,81.2,0.0317,0.899,0.617,0.032,1,2,1,0,0,0,0,0,0.0,88.9,65.0,45.0,0,1,89.7,0,0,1,0.0,680,0.159,0.167,0.5108,97.2,1,7034,0,15,15,0
141629,55355,73056,-431.83,-241.36,181.29,80.6,0.0312,0.892,0.622,0.035,1,2,1,0,0,0,0,0,0.0,87.9,65.0,45.0,0,1,89.7,0,0,1,0.0,680,0.159,0.167,0.5108,97.2,1,7035,0,15,15,0
141649,55371,73044,-349.58,-180.52,181.29,79.8,0.0306,0.884,0.624,0.038,1,2,1,0,0,0,0,0,0.0,87.1,65.0,45.0,0,1,89.7,0,0,1,0.0,680,0.159,0.167,0.5108,97.2,1,7036,0,15,15,0
141669,55371,73049,-245.15,-124.82,181.29,79.0,0.0299,0.878,0.624,0.040,1,2,1,0,0,0,0,0,0.0,86.2,65.0,45.0,0,1,89.7,0,0,1,0.0,680,0.159,0.167,0.5108,97.2,1,7037,0,15,15,0
141689,55386,73054,-143.90,-77.51,181.29,78.1,0.0291,0.872,0.625,0.042,1,2,1,0,0,0,0,0,0.0,85.4,65.0,45.0,0,1,89.7,0,0,1,0.0,680,0.159,0.167,0.5108,97.2,1,7038,0,15,15,0
141709,55388,73050,-28.83,-37.72,181.29,77.1,0.0281,0.866,0.627,0.044,1,2,1,0,0,0,0,0,0.0,84.5,65.0,45.0,0,1,89.7,0,0,1,0.0,680,0.159,0.167,0.5108,97.2,1,7039,0,15,15,0
141729,55373,73061,75.95,-0.15,181.29,76.0,0.0272,0.858,0.630,0.046,1,2,1,0,0,0,0,0,0.0,83.6,65.0,45.0,0,1,89.7,0,0,1,0.0,680,0.159,0.167,0.5108,97.2,1,7040,0,15,15,0
141749,55380,73074,150.02,41.54,181.29,75.0,0.0263,0.850,0.635,0.048,1,2,1,0,0,0,0,0,0.0,82.6,65.0,45.0,0,1,89.7,0,0,1,0.0,680,0.159,0.167,0.5108,97.2,1,7041,0,15,15,0
141769,55365,73054,187.04,79.06,181.29,74.1,0.0255,0.842,0.640,0.049,1,2,1,0,0,0,0,0,0.0,81.7,65.0,45.0,0,1,89.7,0,0,1,0.0,680,0.159,0.167,0.5108,97.2,1,7042,0,15,15,0
141789,55369,73057,195.15,103.64,181.29,73.3,0.0249,0.836,0.647,0.051,1,2,1,0,0,0,0,0,0.0,81.0,65.0,45.0,0,1,89.7,0,0,1,0.0,680,0.159,0.167,0.5108,97.2,1,7043,0,15,15,0
141809,55349,73066,181.85,119.03,181.29,72.9,0.0245,0.833,0.655,0.053,1,2,1,0,0,0,0,0,0.0,80.5,65.0,45.0,0,1,89.7,0,0,1,0.0,680,0.159,0.167,0.5108,97.2,1,7044,0,15,15,0
141829,55367,73053,164.61,127.93,181.29,72.6,0.0242,0.832,0.661,0.056,1,2,1,0,0,0,0,0,0.0,80.2,65.0,45.0,0,1,89.7,0,0,1,0.0,680,0.159,0.167,0.5108,97.2,1,7045,0,15,15,0
141849,55374,73078,147.55,144.97,181.29,72.6,0.0242,0.833,0.666,0.058,1,2,1,0,0,0,0,0,0.0,80.1,65.0,45.0,0,1,89.7,0,0,1,0.0,680,0.159,0.167,0.5108,97.2,1,7046,0,15,15,0
141869,55381,73067,145.44,163.44,183.55,72.8,0.0243,0.835,0.669,0.060,1,2,1,0,0,0,0,0,0.0,80.2,65.0,45.0,0,1,89.7,0,0,1,0.0,680,0.159,0.167,0.5108,97.2,1,7047,0,15,15,0
141889,55372,73041,149.08,178.78,185.82,73.1,0.0245,0.838,0.671,0.062,1,2,1,0,0,0,0,0,0.0,80.3,65.0,45.0,0,1,89.7,0,0,1,0.0,680,0.159,0.167,0.5108,97.2,1,7048,0,15,15,0
141909,55385,73051,166.78,166.94,185.82,73.3,0.0247,0.841,0.674,0.063,1,2,1,0,0,0,0,0,0.0,80.5,65.0,45.0,0,1,89.7,0,0,1,0.0,680,0.159,0.167,0.5108,97.2,1,7049,0,15,15,0
141929,55385,73028,194.07,130.73,185.82,73.6,0.0249,0.843,0.679,0.065,1,2,1,0,0,0,0,0,0.0,80.6,65.0,45.0,0,1,89.7,0,0,1,0.0,680,0.159,0.167,0.5108,97.2,1,7050,0,15,15,0
141949,55368,73004,219.96,71.05,185.82,73.6,0.0250,0.843,0.686,0.066,1,2,1,0,0,0,0,0,0.0,80.6,65.0,45.0,0,1,89.7,0,0,1,0.0,680,0.159,0.168,0.5108,97.2,1,7051,0,15,15,0
141969,55354,73003,208.41,-23.13,185.82,73.6,0.0250,0.840,0.691,0.068,1,2,1,0,0,0,0,0,0.0,80.2,65.0,45.0,0,1,89.7,0,0,1,0.0,680,0.159,0.170,0.5108,97.2,1,7052,0,15,15,0
141989,55354,72980,155.98,-117.87,185.82,73.4,0.0250,0.835,0.692,0.070,1,2,1,0,0,0,0,0,0.0,79.7,65.0,45.0,0,1,89.7,0,0,1,0.0,680,0.159,0.201,0.5108,97.2,1,7053,0,15,15,0
142009,55357,72967,93.83,-229.26,185.82,73.1,0.0250,0.828,0.689,0.071,1,2,1,0,0,0,0,0,0.0,79.1,65.0,45.0,0,1,89.7,0,0,1,0.0,680,0.159,0.219,0.5108,97.2,1,7054,0,15,15,0
142029,55340,72964,36.68,-346.16,185.82,72.8,0.0250,0.819,0.681,0.071,1,2,1,0,0,0,0,0,0.0,78.3,65.0,45.0,0,1,89.7,0,0,1,0.0,680,0.159,0.223,0.5108,97.2,1,7055,0,15,15,0
142049,55340,72946,-35.65,-447.96,185.82,72.6,0.0251,0.809,0.670,0.070,1,2,1,0,0,0,0,0,0.0,77.7,65.0,45.0,0,1,89.7,0,0,1,0.0,680,0.159,0.248,0.5108,97.2,1,7056,0,15,15,0
142069,55341,72960,-102.40,-528.87,185.82,72.5,0.0254,0.801,0.657,0.069,1,2,1,0,0,0,0,0,0.0,77.3,65.0,45.0,0,1,89.7,0,0,1,0.0,680,0.159,0.248,0.5108,97.2,1,7057,0,15,15,0
142089,55334,72951,-155.30,-595.78,197.38,72.6,0.0257,0.794,0.643,0.066,1,2,1,0,0,0,0,0,0.0,77.0,65.0,45.0,0,1,89.7,0,0,1,0.0,680,0.159,0.248,0.5108,97.2,1,7058,0,15,15,0
142109,55332,72974,-203.62,-627.55,203.73,72.7,0.0261,0.790,0.630,0.062,1,2,1,0,0,0,0,0,0.0,77.0,65.0,45.0,0,1,89.7,0,0,1,0.0,680,0.159,0.248,0.5108,97.2,1,7059,0,15,15,0
142129,55341,72955,-240.20,-640.07,206.24,73.0,0.0265,0.787,0.619,0.058,1,2,1,0,0,0,0,0,0.0,77.2,65.0,45.0,0,1,89.7,0,0,1,0.0,680,0.159,0.240,0.5108,97.2,1,7060,0,15,15,0
142149,55340,72959,-252.33,-629.80,206.24,73.3,0.0269,0.786,0.611,0.053,1,2,1,0,1,0,780,0,0.0,77.5,65.0,45.0,4,1,89.7,0,0,1,0.0,680,0.159,0.210,0.5108,97.2,1,7061,0,15,15,0
142169,55327,72962,-249.48,-604.34,206.24,73.5,0.0273,0.785,0.604,0.050,1,2,1,0,0,0,0,0,0.0,77.7,65.0,45.0,0,1,89.7,0,0,1,0.0,680,0.159,0.182,0.5108,97.2,1,7062,0,15,15,0
142189,55329,72965,-258.11,-564.95,206.24,73.8,0.0275,0.786,0.600,0.047,1,2,1,0,0,0,0,0,0.0,78.0,65.0,45.0,0,1,89.7,0,0,1,0.0,680,0.145,0.181,0.5108,97.2,1,7063,0,15,15,0
142209,55333,72955,-266.73,-518.77,206.24,74.0,0.0277,0.787,0.599,0.045,1,2,1,0,0,0,0,0,0.0,78.3,65.0,45.0,0,1,89.7,0,0,1,0.0,680,0.139,0.181,0.5108,97.2,1,7064,0,15,15,0
142229,55342,72955,-263.12,-479.90,206.24,74.2,0.0279,0.788,0.598,0.043,1,2,1,0,0,0,0,0,0.0,78.6,65.0,45.0,0,1,89.7,0,0,1,0.0,680,0.130,0.181,0.5108,97.2,1,7065,0,15,15,0
142249,55320,72953,-251.57,-443.46,206.24,74.3,0.0280,0.789,0.597,0.041,1,2,1,0,0,0,0,0,0.0,78.8,65.0,45.0,0,1,89.7,0,0,1,0.0,680,0.123,0.181,0.5108,97.2,1,7066,0,15,15,0
142269,55331,72951,-238.78,-410.18,206.24,74.4,0.0281,0.790,0.597,0.039,1,2,1,0,0,0,0,0,0.0,79.0,65.0,45.0,0,1,89.7,0,0,1,0.0,680,0.123,0.181,0.5108,97.2,1,7067,0,15,15,0
142289,55330,72956,-225.88,-377.36,206.24,74.4,0.0281,0.790,0.597,0.038,1,2,1,0,0,0,0,0,0.0,79.1,65.0,45.0,0,1,89.7,0,0,1,0.0,680,0.123,0.181,0.5108,97.2,1,7068,0,15,15,0
142309,55319,72955,-211.60,-341.26,206.24,74.3,0.0280,0.789,0.597,0.036,1,2,1,0,0,0,0,0,0.0,79.2,65.0,45.0,0,1,89.7,0,0,1,0.0,680,0.125,0.181,0.5108,97.2,1,7069,0,15,15,0
142329,55331,72957,-195.73,-302.57,206.24,74.2,0.0279,0.788,0.597,0.035,1,2,1,0,0,0,0,0,0.0,79.2,65.0,45.0,0,1,89.7,0,0,1,0.0,680,0.125,0.181,0.5108,97.2,1,7070,0,15,15,0
142349,55325,72935,-187.81,-265.09,206.24,74.0,0.0278,0.787,0.599,0.033,1,2,1,0,0,0,0,0,0.0,79.2,65.0,45.0,0,1,89.7,0,0,1,0.0,680,0.125,0.196,0.5108,97.2,1,7071,0,15,15,0
142369,55336,72963,-170.19,-226.32,206.24,73.8,0.0276,0.787,0.601,0.031,1,2,1,0,0,0,0,0,0.0,79.2,65.0,45.0,0,1,89.7,0,0,1,0.0,680,0.125,0.196,0.5108,97.2,1,7072,0,15,15,0
142389,55334,72958,-142.84,-187.16,206.24,73.6,0.0273,0.785,0.604,0.030,1,2,1,0,0,0,0,0,0.0,79.1,65.0,45.0,0,1,89.7,0,0,1,0.0,680,0.125,0.196,0.5108,97.2,1,7073,0,15,15,0
142409,55330,72967,-113.02,-142.78,206.24,73.2,0.0269,0.783,0.607,0.028,1,2,1,0,0,0,0,0,0.0,79.0,65.0,45.0,0,1,89.7,0,0,1,0.0,680,0.125,0.196,0.5108,97.2,1,7074,0,15,15,0
142429,55325,72979,-91.74,-93.81,206.24,72.7,0.0265,0.780,0.611,0.026,1,2,1,0,0,0,0,0,0.0,78.8,65.0,45.0,0,1,89.7,0,0,1,0.0,680,0.125,0.196,0.5108,97.2,1,7075,0,15,15,0
142449,55337,72975,-74.98,-36.03,206.24,72.1,0.0259,0.776,0.616,0.024,1,2,1,0,0,0,0,0,0.0,78.4,65.0,45.0,0,1,89.7,0,0,1,0.0,680,0.125,0.196,0.5108,97.2,1,7076,0,15,15,0
142469,55333,72978,-55.02,23.35,203.18,71.4,0.0253,0.770,0.619,0.022,1,2,1,0,0,0,0,0,0.0,77.9,65.0,45.0,0,1,89.7,0,0,1,0.0,680,0.125,0.196,0.5108,97.2,1,7077,0,15,15,0
142489,55339,72992,-27.54,76.38,193.62,70.7,0.0248,0.762,0.619,0.021,1,2,1,0,0,0,0,0,0.0,77.3,65.0,45.0,0,1,89.7,0,0,1,0.0,680,0.125,0.196,0.5108,97.2,1,7078,0,15,15,0
142509,55341,72990,4.13,137.09,178.21,70.1,0.0244,0.754,0.613,0.020,1,2,1,0,0,0,0,0,0.0,76.6,65.0,45.0,0,1,89.7,0,0,1,0.0,680,0.125,0.196,0.5108,97.2,1,7079,0,15,15,0
142529,55345,72998,37.68,195.35,167.08,69.7,0.0243,0.747,0.603,0.019,1,2,1,0,0,0,0,0,0.0,76.1,65.0,45.0,0,1,89.7,0,0,1,0.0,680,0.125,0.196,0.5108,97.2,1,7080,0,15,15,0
142549,55347,73000,75.28,252.44,178.50,69.7,0.0245,0.743,0.590,0.019,1,2,1,0,0,0,0,0,0.0,75.9,65.0,45.0,0,1,89.7,0,0,1,0.0,680,0.125,0.196,0.5108,97.2,1,7081,0,15,15,0
142569,55344,72997,109.40,300.00,188.01,70.1,0.0249,0.744,0.578,0.019,1,2,1,0,0,0,0,0,0.0,76.0,65.0,45.0,0,1,89.7,0,0,1,0.0,680,0.125,0.196,0.5108,97.2,1,7082,0,15,15,0
142589,55352,72980,140.86,334.13,194.84,70.9,0.0255,0.751,0.570,0.021,1,2,1,0,0,0,0,0,0.0,76.7,65.0,45.0,0,1,89.7,0,0,1,0.0,680,0.125,0.196,0.5108,97.2,1,7083,0,15,15,0
142609,55344,72970,160.76,332.36,194.84,71.8,0.0261,0.762,0.568,0.022,1,2,1,0,1,0,0,0,0.0,77.5,65.0,45.0,6,1,89.7,0,0,1,0.0,680,0.125,0.196,0.5108,97.2,1,7084,0,15,15,0
142629,55333,72954,172.57,300.73,194.84,72.6,0.0266,0.774,0.571,0.023,1,2,1,0,0,0,0,0,0.0,78.5,65.0,45.0,0,1,89.7,0,0,1,0.0,680,0.125,0.196,0.5108,97.2,1,7085,0,15,15,0
142649,55343,72937,176.91,237.97,194.84,73.1,0.0269,0.782,0.578,0.024,1,2,1,0,0,0,0,0,0.0,79.2,65.0,45.0,0,1,89.7,0,0,1,0.0,680,0.125,0.196,0.5108,97.2,1,7086,0,15,15,0
142669,55318,72916,158.36,147.39,194.84,73.4,0.0270,0.787,0.585,0.024,1,2,1,0,0,0,0,0,0.0,79.6,65.0,45.0,0,1,89.7,0,0,1,0.0,680,0.126,0.222,0.5108,97.2,1,7087,0,15,15,0
142689,55322,72881,112.40,29.73,194.84,73.4,0.0270,0.788,0.590,0.023,1,2,1,0,0,0,0,0,0.0,79.7,65.0,45.0,0,1,89.7,0,0,1,0.0,680,0.126,0.270,0.5108,97.2,1,7088,0,15,15,0
142709,55315,72878,54.69,-129.20,194.84,73.1,0.0268,0.784,0.591,0.022,1,2,1,0,0,0,0,0,0.0,79.4,65.0,45.0,0,1,89.7,0,0,1,0.0,680,0.126,0.274,0.5108,97.2,1,7089,0,15,15,0
142729,55316,72877,-2.39,-282.41,194.84,72.7,0.0266,0.777,0.588,0.022,1,2,1,0,0,0,0,0,0.0,78.8,65.0,45.0,0,1,89.7,0,0,1,0.0,680,0.126,0.275,0.5108,97.2,1,7090,0,15,15,0
142749,55308,72887,-51.47,-405.88,194.84,72.2,0.0264,0.768,0.579,0.021,1,2,1,0,0,0,0,0,0.0,78.1,65.0,45.0,0,1,89.7,0,0,1,0.0,680,0.139,0.275,0.5108,97.2,1,7091,0,15,15,0
142769,55317,72911,-86.55,-480.35,194.84,71.8,0.0264,0.758,0.568,0.022,1,2,1,0,0,0,0,0,0.0,77.3,65.0,45.0,0,1,89.7,0,0,1,0.0,680,0.139,0.275,0.5108,97.2,1,7092,0,15,15,0
142789,55315,72917,-110.63,-483.39,194.84,71.5,0.0264,0.749,0.557,0.023,1,2,1,0,0,0,0,0,0.0,76.5,65.0,45.0,0,1,89.7,0,0,1,0.0,680,0.139,0.275,0.5108,97.2,1,7093,0,15,15,0
142809,55318,72937,-120.75,-441.76,194.84,71.3,0.0263,0.743,0.550,0.025,1,2,1,0,1,0,660,0,0.0,75.9,65.0,45.0,6,1,89.7,0,0,1,0.0,680,0.139,0.275,0.5108,97.2,1,7094,0,15,15,0
142829,55309,72952,-125.10,-353.63,194.84,71.1,0.0263,0.739,0.545,0.027,1,2,1,0,0,0,0,0,0.0,75.5,65.0,45.0,0,1,89.7,0,0,1,0.0,680,0.139,0.275,0.5108,97.2,1,7095,0,15,15,0
142849,55311,72925,-131.50,-254.16,194.84,70.9,0.0262,0.737,0.544,0.028,1,2,1,0,0,0,0,0,0.0,75.2,65.0,45.0,0,1,89.7,0,0,1,0.0,680,0.139,0.260,0.5108,97.2,1,7096,0,15,15,0
142869,55313,72946,-135.34,-147.61,194.84,70.8,0.0261,0.735,0.542,0.030,1,2,1,0,0,0,0,0,0.0,74.9,65.0,45.0,0,1,89.7,0,0,1,0.0,680,0.139,0.238,0.5108,97.2,1,7097,0,15,15,0
142889,55324,72920,-131.34,-79.99,194.84,70.7,0.0261,0.733,0.539,0.032,1,2,1,0,0,0,0,0,0.0,74.6,65.0,45.0,0,1,89.7,0,0,1,0.0,680,0.139,0.238,0.5108,97.2,1,7098,0,15,15,0
142909,55322,72920,-105.56,-42.33,194.84,70.6,0.0260,0.731,0.536,0.033,1,2,1,0,0,0,0,0,0.0,74.4,65.0,45.0,0,1,89.7,0,0,1,0.0,680,0.139,0.207,0.5108,97.2,1,7099,0,15,15,0
142929,55312,72923,-72.52,-19.86,194.84,70.6,0.0261,0.730,0.533,0.035,1,2,1,0,0,0,0,0,0.0,74.2,65.0,45.0,0,1,89.7,0,0,1,0.0,680,0.108,0.174,0.5108,97.2,1,7100,0,15,15,0
142949,55290,72901,-58.08,-4.51,194.84,70.6,0.0261,0.729,0.530,0.036,1,2,1,0,0,0,0,0,0.0,74.1,65.0,45.0,0,1,89.7,0,0,1,0.0,680,0.121,0.173,0.5108,97.2,1,7101,0,15,15,0
142969,55301,72914,-71.94,-0.55,194.84,70.6,0.0261,0.729,0.528,0.037,1,2,1,0,0,0,0,0,0.0,74.0,65.0,45.0,0,1,89.7,0,0,1,0.0,680,0.121,0.169,0.5108,97.2,1,7102,0,15,15,0
142989,55275,72935,-113.70,0.40,194.84,70.7,0.0262,0.728,0.524,0.039,1,2,1,0,0,0,0,0,0.0,73.8,65.0,45.0,0,1,89.7,0,0,1,0.0,680,0.148,0.169,0.5108,97.2,1,7103,0,15,15,0
143009,55278,72938,-180.42,31.72,194.84,70.6,0.0263,0.724,0.519,0.040,1,2,1,0,0,0,0,0,0.0,73.4,65.0,45.0,0,1,89.7,0,0,1,0.0,680,0.139,0.169,0.5108,97.2,1,7104,0,15,15,0
143029,55282,72946,-244.26,76.81,194.84,70.3,0.0264,0.713,0.510,0.042,1,2,1,0,0,0,0,0,0.0,72.5,65.0,45.0,0,1,0.0,0,0,0,0.0,680,0.139,0.169,0.5108,97.2,1,7105,0,15,15,0
143049,55288,72919,-286.22,122.20,194.84,69.8,0.0265,0.696,0.498,0.044,1,2,1,0,0,0,0,0,0.0,71.1,65.0,45.0,0,1,0.0,0,0,0,0.0,680,0.139,0.169,0.5108,97.2,1,7106,0,15,15,0
143069,55305,72957,-297.68,173.14,194.84,69.2,0.0267,0.674,0.482,0.047,1,2,1,0,0,0,0,0,0.0,69.3,65.0,45.0,0,1,0.0,0,0,0,0.0,680,0.139,0.169,0.5108,97.2,1,7107,0,15,15,0
143089,55325,72977,-259.13,234.63,194.84,68.7,0.0269,0.654,0.464,0.050,1,2,1,0,0,0,0,0,0.0,67.5,65.0,45.0,0,1,0.0,0,0,0,0.0,680,0.139,0.169,0.5108,97.2,1,7108,0,15,15,0
143109,55338,72961,-164.87,296.63,194.84,68.4,0.0273,0.640,0.449,0.055,1,2,1,0,0,0,0,0,0.0,66.2,65.0,45.0,0,1,0.0,0,0,0,0.0,680,0.139,0.169,0.5108,97.2,1,7109,0,15,15,0
143129,55362,72978,-34.78,371.21,202.26,68.6,0.0277,0.636,0.440,0.059,1,2,1,0,0,0,0,0,0.0,65.7,65.0,45.0,0,1,0.0,0,0,0,0.0,680,0.157,0.169,0.5108,97.2,1,7110,0,15,15,0
143149,55356,72998,125.69,439.51,215.91,69.3,0.0281,0.643,0.440,0.064,1,2,1,0,0,0,0,0,0.0,66.1,65.0,45.0,0,1,0.0,0,0,0,0.0,680,0.157,0.169,0.5108,97.2,1,7111,0,15,15,0
143169,55353,72989,274.80,508.10,229.63,70.3,0.0287,0.659,0.450,0.067,1,2,1,0,0,0,0,0,0.0,67.2,65.0,45.0,0,1,0.0,0,0,0,0.0,680,0.157,0.169,0.5108,97.2,1,7112,0,15,15,0
143189,55350,73002,390.20,576.06,243.23,71.6,0.0295,0.678,0.464,0.069,1,2,1,0,0,0,0,0,0.0,68.8,65.0,45.0,0,1,0.0,0,0,0,0.0,680,0.157,0.171,0.5108,97.2,1,7113,0,15,15,0
143209,55352,73002,470.34,635.29,255.07,73.1,0.0304,0.699,0.481,0.069,1,2,1,0,0,0,0,0,0.0,70.6,65.0,45.0,0,1,0.0,0,0,0,0.0,680,0.157,0.171,0.5108,97.2,1,7114,0,15,15,0
143229,55340,73001,517.13,677.48,263.51,74.7,0.0314,0.719,0.497,0.067,1,2,1,0,0,0,0,0,0.0,72.5,65.0,45.0,0,1,0.0,0,0,0,0.0,680,0.157,0.171,0.5108,97.2,1,7115,0,15,15,0
143249,55324,72982,520.94,699.88,267.99,76.3,0.0325,0.739,0.512,0.064,1,2,1,0,0,0,0,0,0.0,74.5,65.0,45.0,0,1,0.0,0,0,0,0.0,680,0.157,0.171,0.5108,97.2,1,7116,0,15,15,0
143269,55322,72973,473.02,678.66,267.99,77.6,0.0334,0.756,0.523,0.061,1,2,1,0,1,0,660,0,0.0,76.3,65.0,45.0,6,1,0.0,0,0,0,0.0,680,0.157,0.171,0.5108,97.2,1,7117,0,15,15,0
143289,55330,72965,407.60,624.80,267.99,78.7,0.0341,0.769,0.532,0.057,1,2,1,0,0,0,0,0,0.0,77.7,65.0,45.0,0,1,0.0,0,0,0,0.0,680,0.157,0.171,0.5108,97.2,1,7118,0,15,15,0
143309,55339,72955,352.93,549.49,267.99,79.4,0.0346,0.778,0.539,0.053,1,2,1,0,0,0,0,0,0.0,78.9,65.0,45.0,0,1,0.0,0,0,0,0.0,680,0.157,0.171,0.5108,97.2,1,7119,0,15,15,0
143329,55340,72934,324.93,458.31,267.99,79.9,0.0349,0.785,0.547,0.049,1,2,1,0,0,0,0,0,0.0,79.7,65.0,45.0,0,1,0.0,0,0,0,0.0,680,0.157,0.171,0.5108,97.2,1,7120,0,15,15,0
143349,55332,72914,309.61,341.25,267.99,80.1,0.0350,0.789,0.553,0.046,1,2,1,0,0,0,0,0,0.0,80.2,65.0,45.0,0,1,0.0,0,0,0,0.0,680,0.157,0.171,0.5108,97.2,1,7121,0,15,15,0
143369,55329,72924,286.50,214.67,267.99,80.0,0.0349,0.789,0.559,0.044,1,2,1,0,0,0,0,0,0.0,80.3,65.0,45.0,0,1,0.0,0,0,0,0.0,680,0.157,0.171,0.5108,97.2,1,7122,0,15,15,0
143389,55343,72899,261.62,87.86,267.99,79.8,0.0348,0.786,0.561,0.042,1,2,1,0,0,0,0,0,0.0,80.2,65.0,45.0,0,1,0.0,0,0,0,0.0,680,0.157,0.171,0.5108,97.2,1,7123,0,15,15,0
143409,55328,72905,232.31,-32.74,267.99,79.5,0.0346,0.780,0.560,0.041,1,2,1,0,0,0,0,0,0.0,79.8,65.0,45.0,0,1,0.0,0,0,0,0.0,680,0.157,0.171,0.5108,97.2,1,7124,0,15,15,0
143429,55324,72911,202.13,-131.56,267.99,79.1,0.0344,0.772,0.556,0.039,1,2,1,0,0,0,0,0,0.0,79.2,65.0,45.0,0,1,0.0,0,0,0,0.0,680,0.157,0.171,0.5108,97.2,1,7125,0,15,15,0
143449,55329,72909,174.75,-198.91,267.99,78.6,0.0343,0.762,0.550,0.037,1,2,1,0,0,0,0,0,0.0,78.6,65.0,45.0,0,1,0.0,0,0,0,0.0,680,0.157,0.171,0.5108,97.2,1,7126,0,15,15,0
143469,55323,72907,144.09,-240.47,267.99,78.1,0.0341,0.752,0.541,0.035,1,2,1,0,0,0,0,0,0.0,77.9,65.0,45.0,0,1,0.0,0,0,0,0.0,680,0.157,0.171,0.5108,97.2,1,7127,0,15,15,0
143489,55329,72903,125.13,-264.77,267.99,77.5,0.0339,0.740,0.531,0.032,1,2,1,0,0,0,0,0,0.0,77.1,65.0,45.0,0,1,0.0,0,0,0,0.0,680,0.157,0.171,0.5108,97.2,1,7128,0,15,15,0
143509,55339,72905,113.11,-277.55,267.99,76.9,0.0336,0.728,0.519,0.031,1,2,1,0,0,0,0,0,0.0,76.2,65.0,45.0,0,1,0.0,0,0,0,0.0,680,0.157,0.171,0.5108,97.2,1,7129,0,15,15,0
143529,55333,72916,112.58,-279.89,267.99,76.2,0.0334,0.715,0.503,0.031,1,2,1,0,0,0,0,0,0.0,75.2,65.0,45.0,0,1,0.0,0,0,0,0.0,680,0.157,0.171,0.5108,97.2,1,7130,0,15,15,0
143549,55319,72911,116.24,-265.28,267.99,75.6,0.0332,0.704,0.486,0.032,1,3,1,0,1,1,740,-1,72.5,74.2,65.0,45.0,0,1,81.1,1,0,0,0.0,740,0.157,0.171,0.6997,96.3,1,7131,0,15,15,0
143569,55309,72911,94.46,-242.15,267.99,75.2,0.0330,0.697,0.469,0.034,1,3,1,0,0,0,0,-1,72.5,73.4,65.0,45.0,0,1,81.1,1,0,0,0.0,740,0.157,0.171,0.6969,95.5,1,7132,0,15,15,0
143589,55274,72916,46.62,-215.37,267.99,75.0,0.0329,0.695,0.455,0.037,1,3,1,0,0,0,0,-1,72.5,73.0,65.0,45.0,0,1,81.1,1,0,0,0.0,740,0.159,0.171,0.6945,95.0,1,7133,0,15,15,0
143609,55307,72902,-8.33,-187.70,267.99,75.1,0.0328,0.697,0.444,0.040,1,3,1,0,0,0,0,-1,72.5,73.0,65.0,45.0,0,1,81.1,1,0,0,0.0,740,0.159,0.171,0.6928,94.5,1,7134,0,15,15,0
143629,55316,72908,-57.38,-164.86,267.99,75.2,0.0328,0.702,0.438,0.044,1,3,1,0,0,0,0,-1,72.5,73.1,65.0,45.0,0,1,81.1,1,0,0,0.0,740,0.159,0.171,0.6917,94.1,1,7135,0,15,15,0
143649,55321,72916,-78.91,-144.44,267.99,75.4,0.0327,0.707,0.434,0.048,1,3,1,0,0,0,0,-1,72.5,73.2,65.0,45.0,0,1,81.1,1,0,0,0.0,740,0.159,0.171,0.6910,93.9,1,7136,0,15,15,0
143669,55310,72914,-84.75,-116.81,267.99,75.5,0.0327,0.710,0.433,0.051,1,3,1,0,0,0,0,-1,72.5,73.3,65.0,45.0,0,1,81.1,1,0,0,0.0,740,0.159,0.171,0.6907,93.6,1,7137,0,15,15,0
143689,55346,72927,-72.66,-85.05,267.99,75.5,0.0327,0.711,0.432,0.053,1,3,1,0,0,0,0,-1,72.5,73.2,65.0,45.0,0,1,81.1,1,0,0,0.0,740,0.159,0.171,0.6906,93.5,1,7138,0,15,15,0
143709,55314,72960,-66.81,-38.62,267.99,75.5,0.0327,0.711,0.432,0.056,1,3,1,0,0,0,0,-1,72.5,73.0,65.0,45.0,0,1,81.1,1,0,0,0.0,740,0.159,0.171,0.6910,93.3,1,7139,0,15,15,0
143729,55318,72921,-55.72,8.60,267.99,75.5,0.0327,0.710,0.432,0.057,1,3,1,0,0,0,0,-1,72.5,72.8,65.0,45.0,0,1,81.1,1,0,0,0.0,740,0.159,0.158,0.6916,93.2,1,7140,0,15,15,0
143749,55320,72931,-43.01,56.05,267.99,75.4,0.0328,0.708,0.430,0.059,1,3,1,0,0,0,0,-1,72.5,72.6,65.0,45.0,0,1,81.1,1,0,0,0.0,740,0.159,0.141,0.6921,93.1,1,7141,0,15,15,0
143769,55332,72937,-26.82,97.33,267.99,75.4,0.0328,0.706,0.428,0.060,1,3,1,0,0,0,0,-1,72.5,72.4,65.0,45.0,0,1,81.1,1,0,0,0.0,740,0.159,0.141,0.6921,93.0,1,7142,0,15,15,0
143789,55344,72939,11.49,138.80,267.99,75.3,0.0328,0.705,0.425,0.061,1,3,1,0,0,0,0,-1,72.5,72.2,65.0,45.0,0,1,81.1,1,0,0,0.0,740,0.159,0.141,0.6915,93.0,1,7143,0,15,15,0
143809,55288,72931,53.53,174.12,267.99,75.3,0.0328,0.704,0.422,0.062,1,3,1,0,0,0,0,-1,72.5,72.0,65.0,45.0,0,1,81.1,1,0,0,0.0,740,0.159,0.141,0.6911,92.9,1,7144,0,15,15,0
143829,55309,72916,48.20,192.83,267.99,75.3,0.0328,0.702,0.420,0.063,1,3,1,0,0,0,0,-1,72.5,71.8,65.0,45.0,0,1,81.1,1,0,0,0.0,740,0.159,0.141,0.6914,92.9,1,7145,0,15,15,0
143849,55334,72947,24.51,201.38,267.99,75.2,0.0329,0.700,0.417,0.064,1,3,1,0,0,0,0,-1,72.5,71.6,65.0,45.0,0,1,81.1,1,0,0,0.0,740,0.159,0.141,0.6926,92.8,1,7146,0,15,15,0
143869,55332,72973,39.89,226.30,267.99,75.2,0.0329,0.697,0.414,0.065,1,3,1,0,0,0,0,-1,72.5,71.4,65.0,45.0,0,1,81.1,1,0,0,0.0,740,0.159,0.141,0.6946,92.8,1,7147,0,15,15,0
143889,55342,72980,72.74,289.73,267.99,75.2,0.0330,0.695,0.411,0.066,1,3,1,0,0,0,0,-1,72.5,71.2,65.0,45.0,0,1,81.1,1,0,0,0.0,740,0.159,0.141,0.6965,92.8,1,7148,0,15,15,0
143909,55326,72990,103.90,367.50,267.99,75.3,0.0332,0.694,0.407,0.066,1,3,1,0,0,0,0,-1,72.5,71.1,65.0,45.0,0,1,81.1,1,0,0,0.0,740,0.159,0.141,0.6968,92.7,1,7149,0,15,15,0
143929,55334,72949,132.94,436.96,267.99,75.5,0.0335,0.694,0.402,0.067,1,3,1,0,0,0,0,-1,72.5,71.1,65.0,45.0,0,1,81.1,1,0,0,0.0,740,0.159,0.141,0.6952,92.7,1,7150,0,15,15,0
143949,55340,72945,155.98,445.77,267.99,75.9,0.0338,0.696,0.399,0.068,1,3,1,0,0,0,0,-1,72.5,71.3,65.0,45.0,0,1,81.1,1,0,0,0.0,740,0.159,0.141,0.6923,92.7,1,7151,0,15,15,0
143969,55325,72924,172.09,419.54,267.99,76.3,0.0341,0.703,0.399,0.068,1,3,1,0,0,0,0,-1,72.5,71.8,65.0,45.0,0,1,81.1,1,0,0,0.0,740,0.159,0.141,0.6892,92.7,1,7152,0,15,15,0
143989,55333,72915,179.88,350.18,267.99,76.7,0.0343,0.710,0.401,0.069,1,3,1,0,0,0,0,-1,72.5,72.4,65.0,45.0,0,1,81.1,1,0,0,0.0,740,0.159,0.141,0.6867,92.7,1,7153,0,15,15,0
144009,55353,72913,181.77,258.36,267.99,77.0,0.0343,0.716,0.405,0.068,1,3,1,0,0,0,0,-1,72.5,73.0,65.0,45.0,0,1,81.1,1,0,0,0.0,740,0.159,0.141,0.6855,92.8,1,7154,0,15,15,0
144029,55310,72917,179.59,169.36,267.99,77.1,0.0342,0.722,0.411,0.068,1,3,1,0,0,0,0,-1,72.5,73.4,65.0,45.0,0,1,81.1,1,0,0,0.0,740,0.159,0.141,0.6848,92.8,1,7155,0,15,15,0
144049,55296,72867,131.99,91.06,267.99,77.0,0.0339,0.725,0.417,0.066,1,3,1,0,0,0,0,-1,72.5,73.7,65.0,45.0,0,1,81.1,1,0,0,0.0,740,0.159,0.185,0.6832,92.8,1,7156,0,15,15,0
144069,55309,72855,70.23,-36.09,267.99,76.6,0.0335,0.725,0.422,0.064,1,3,1,0,0,0,0,-1,72.5,73.7,65.0,45.0,0,1,81.1,1,0,0,0.0,740,0.159,0.202,0.6791,92.9,1,7157,0,15,15,0
144089,55303,72842,0.44,-179.90,267.99,76.1,0.0330,0.723,0.425,0.062,1,3,1,0,0,0,0,-1,72.5,73.6,65.0,45.0,0,1,81.1,1,0,0,0.0,740,0.159,0.219,0.6706,92.9,1,7158,0,15,15,0
144109,55323,72850,-50.73,-313.49,267.99,75.6,0.0325,0.719,0.426,0.060,1,3,1,0,0,0,0,-1,72.5,73.3,65.0,45.0,0,1,81.1,1,0,0,0.0,740,0.159,0.219,0.6572,93.1,1,7159,0,15,15,0
144129,55279,72865,-96.98,-419.05,265.94,75.1,0.0322,0.713,0.425,0.058,1,3,1,0,0,0,0,-1,72.5,72.9,65.0,45.0,0,1,81.1,1,0,0,0.0,740,0.148,0.219,0.6397,93.2,1,7160,0,15,15,0
144149,55293,72829,-151.57,-492.42,260.84,74.7,0.0319,0.709,0.422,0.056,1,3,1,0,0,0,0,-1,72.5,72.6,65.0,45.0,0,1,81.1,1,0,0,0.0,740,0.143,0.237,0.6202,93.5,1,7161,0,15,15,0
144169,55303,72849,-199.52,-537.30,252.97,74.5,0.0318,0.706,0.421,0.054,1,3,1,0,0,0,0,-1,72.5,72.5,65.0,45.0,0,1,81.1,1,0,0,0.0,740,0.143,0.237,0.6021,93.8,1,7162,0,15,15,0
144189,55297,72867,-227.81,-557.53,251.48,74.5,0.0318,0.705,0.420,0.052,1,3,1,0,0,0,0,-1,72.5,72.5,65.0,45.0,0,1,81.1,1,0,0,0.0,740,0.143,0.237,0.5878,94.1,1,7163,0,15,15,0
144209,55297,72850,-241.18,-556.64,251.48,74.5,0.0318,0.704,0.418,0.051,1,3,1,0,1,1,660,-1,70.7,72.6,65.0,45.0,0,1,81.1,1,0,0,0.0,740,0.143,0.236,0.5777,94.4,1,7164,0,15,15,0
144229,55288,72851,-243.62,-539.14,251.48,74.6,0.0319,0.704,0.416,0.050,1,3,1,0,0,0,0,-1,70.7,72.7,65.0,45.0,0,1,81.1,1,0,0,0.0,740,0.143,0.221,0.5718,94.6,1,7165,0,15,15,0
144249,55297,72871,-238.30,-510.84,251.48,74.7,0.0320,0.704,0.414,0.048,1,3,1,0,0,0,0,-1,70.7,72.8,65.0,45.0,0,1,81.1,1,0,0,0.0,740,0.143,0.221,0.5689,94.9,1,7166,0,15,15,0
144269,55296,72848,-229.56,-475.89,251.48,74.8,0.0321,0.705,0.413,0.047,1,3,1,0,0,0,0,-1,70.7,72.9,65.0,45.0,0,1,81.1,1,0,0,0.0,740,0.143,0.221,0.5676,95.1,1,7167,0,15,15,0
144289,55301,72871,-216.01,-409.09,251.48,74.8,0.0322,0.705,0.412,0.046,1,3,1,0,0,0,0,-1,70.7,73.0,65.0,45.0,0,1,81.1,1,0,0,0.0,740,0.143,0.221,0.5668,95.2,1,7168,0,15,15,0
144309,55305,72873,-192.31,-333.70,251.48,74.8,0.0322,0.705,0.412,0.045,1,3,1,0,0,0,0,-1,70.7,73.1,65.0,45.0,0,1,81.1,1,0,0,0.0,740,0.143,0.221,0.5655,95.3,1,7169,0,15,15,0
144329,55333,72874,-158.02,-258.32,251.48,74.7,0.0321,0.704,0.411,0.044,1,3,1,0,0,0,0,-1,70.7,73.1,65.0,45.0,0,1,81.1,1,0,0,0.0,740,0.143,0.221,0.5638,95.5,1,7170,0,15,15,0
144349,55317,72911,-100.01,-188.58,251.48,74.6,0.0321,0.702,0.409,0.043,1,3,1,0,0,0,0,-1,70.7,73.0,65.0,45.0,0,1,81.1,1,0,0,0.0,740,0.143,0.221,0.5616,95.6,1,7171,0,15,15,0
144369,55309,72866,-39.32,-127.96,251.48,74.5,0.0320,0.701,0.407,0.043,1,3,1,0,0,0,0,-1,70.7,72.9,65.0,45.0,0,1,81.1,1,0,0,0.0,740,0.143,0.221,0.5596,95.6,1,7172,0,15,15,0
144389,55299,72860,-0.32,-88.36,251.48,74.4,0.0320,0.699,0.405,0.042,1,3,1,0,0,0,0,-1,70.7,72.8,65.0,45.0,0,1,81.1,1,0,0,0.0,740,0.143,0.221,0.5581,95.7,1,7173,0,15,15,0
144409,55331,72890,24.77,-60.61,251.48,74.4,0.0319,0.698,0.403,0.041,1,3,1,0,0,0,0,-1,70.7,72.8,65.0,45.0,0,1,81.1,1,0,0,0.0,740,0.143,0.221,0.5572,95.8,1,7174,0,15,15,0
144429,55302,72881,27.95,-18.35,251.48,74.4,0.0319,0.698,0.402,0.041,1,3,1,0,0,0,0,-1,70.7,72.8,65.0,45.0,0,1,81.1,1,0,0,0.0,740,0.143,0.221,0.5564,95.9,1,7175,0,15,15,0
144449,55284,72897,22.19,38.12,251.48,74.4,0.0319,0.698,0.402,0.040,1,3,1,0,0,0,0,-1,70.7,72.8,65.0,45.0,0,1,81.1,1,0,0,0.0,740,0.143,0.221,0.5557,95.9,1,7176,0,15,15,0
144469,55312,72865,14.15,80.63,251.48,74.4,0.0319,0.698,0.402,0.040,1,3,1,0,0,0,0,-1,70.7,72.9,65.0,45.0,0,1,81.1,1,0,0,0.0,740,0.143,0.221,0.5544,96.0,1,7177,0,15,15,0
144489,55316,72881,25.52,112.06,251.48,74.4,0.0319,0.699,0.402,0.039,1,3,1,0,0,0,0,-1,70.7,73.0,65.0,45.0,0,1,81.1,1,0,0,0.0,740,0.143,0.221,0.5522,96.0,1,7178,0,15,15,0
144509,55311,72906,43.53,134.91,251.48,74.4,0.0319,0.700,0.402,0.038,1,3,1,0,0,0,0,-1,70.7,73.1,65.0,45.0,0,1,81.1,1,0,0,0.0,740,0.143,0.221,0.5490,96.1,1,7179,0,15,15,0
144529,55316,72887,69.25,159.67,251.48,74.5,0.0319,0.701,0.403,0.038,1,3,1,0,0,0,0,-1,70.7,73.2,65.0,45.0,0,1,81.1,1,0,0,0.0,740,0.143,0.221,0.5461,96.1,1,7180,0,15,15,0
144549,55302,72900,84.99,199.91,251.48,74.4,0.0319,0.702,0.404,0.037,1,3,1,0,0,0,0,-1,70.7,73.3,65.0,45.0,0,1,81.1,1,0,0,0.0,740,0.143,0.221,0.5446,96.2,1,7181,0,15,15,0
144569,55316,72952,103.43,240.08,251.48,74.4,0.0318,0.702,0.405,0.036,1,3,1,0,0,0,0,-1,70.7,73.4,65.0,45.0,0,1,81.1,1,0,0,0.0,740,0.143,0.221,0.5446,96.2,1,7182,0,15,15,0
144589,55326,72928,119.86,312.89,251.48,74.4,0.0318,0.701,0.404,0.035,1,3,1,0,0,0,0,-1,70.7,73.4,65.0,45.0,0,1,81.1,1,0,0,0.0,740,0.134,0.221,0.5458,96.2,1,7183,0,15,15,0
144609,55334,72930,151.03,389.36,251.48,74.4,0.0319,0.701,0.403,0.034,1,3,1,0,0,0,0,-1,70.7,73.4,65.0,45.0,0,1,81.1,1,0,0,0.0,740,0.134,0.221,0.5481,96.3,1,7184,0,15,15,0
144629,55342,72913,197.51,450.73,251.48,74.6,0.0320,0.702,0.402,0.033,1,3,1,0,0,0,0,-1,70.7,73.6,65.0,45.0,0,1,81.1,1,0,0,0.0,740,0.134,0.221,0.5513,96.2,1,7185,0,15,15,0
144649,55356,72881,256.75,472.63,251.48,74.9,0.0323,0.705,0.403,0.032,1,3,1,0,0,0,0,-1,70.7,74.0,65.0,45.0,0,1,81.1,1,0,0,0.0,740,0.139,0.221,0.5565,96.2,1,7186,0,15,15,0
144669,55318,72882,310.33,428.23,251.48,75.3,0.0325,0.710,0.406,0.031,1,3,1,0,0,0,0,-1,70.7,74.5,65.0,45.0,0,1,81.1,1,0,0,0.0,740,0.139,0.221,0.5640,96.2,1,7187,0,15,15,0
144689,55313,72830,306.50,359.14,251.48,75.5,0.0327,0.714,0.410,0.030,1,3,1,0,0,0,0,-1,70.7,74.9,65.0,45.0,0,1,81.1,1,0,0,0.0,740,0.139,0.221,0.5720,96.1,1,7188,0,15,15,0
144709,55298,72832,268.04,218.97,251.48,75.6,0.0327,0.716,0.414,0.028,1,3,1,0,0,0,0,-1,70.7,75.2,65.0,45.0,0,1,81.1,1,0,0,0.0,740,0.139,0.221,0.5799,95.9,1,7189,0,15,15,0
144729,55298,72845,191.15,69.84,251.48,75.5,0.0325,0.716,0.417,0.027,1,3,1,0,0,0,0,-1,70.7,75.2,65.0,45.0,0,1,81.1,1,0,0,0.0,740,0.139,0.221,0.5861,95.8,1,7190,0,15,15,0
144749,55309,72821,108.60,-60.22,251.48,75.2,0.0322,0.715,0.420,0.025,1,3,1,0,0,0,0,-1,70.7,75.2,65.0,45.0,0,1,81.1,1,0,0,0.0,740,0.139,0.232,0.5897,95.7,1,7191,0,15,15,0
144769,55270,72813,35.34,-176.86,251.48,74.9,0.0319,0.713,0.423,0.023,1,3,1,0,0,0,0,-1,70.7,75.1,65.0,45.0,0,1,81.1,1,0,0,0.0,740,0.155,0.243,0.5905,95.6,1,7192,0,15,15,0
144789,55279,72811,-58.48,-278.96,251.48,74.6,0.0316,0.713,0.425,0.021,1,3,1,0,0,0,0,-1,70.7,75.1,65.0,45.0,0,1,81.1,1,0,0,0.0,740,0.155,0.246,0.5897,95.5,1,7193,0,15,15,0
144809,55293,72803,-145.73,-358.75,251.48,74.6,0.0315,0.714,0.428,0.020,1,3,1,0,0,0,0,-1,70.7,75.3,65.0,45.0,0,1,81.1,1,0,0,0.0,740,0.155,0.257,0.5884,95.5,1,7194,0,15,15,0
144829,55292,72807,-191.35,-418.36,251.48,74.7,0.0316,0.716,0.430,0.019,1,3,1,0,0,0,0,-1,70.7,75.5,65.0,45.0,0,1,81.1,1,0,0,0.0,740,0.155,0.257,0.5868,95.5,1,7195,0,15,15,0
144849,55293,72806,-209.08,-456.79,251.48,75.0,0.0318,0.719,0.430,0.018,1,3,1,0,0,0,0,-1,70.7,75.9,65.0,45.0,0,1,81.1,1,0,0,0.0,740,0.155,0.257,0.5848,95.4,1,7196,0,15,15,0
144869,55321,72810,-210.34,-473.51,251.48,75.5,0.0322,0.724,0.430,0.017,1,3,1,0,0,0,0,-1,70.7,76.4,65.0,45.0,0,1,81.1,1,0,0,0.0,740,0.155,0.257,0.5822,95.4,1,7197,0,15,15,0
144889,55303,72832,-183.60,-468.50,251.48,76.0,0.0326,0.728,0.429,0.016,1,3,1,0,1,1,680,-1,72.7,76.9,65.0,45.0,0,1,82.4,1,0,0,0.0,680,0.155,0.257,0.5790,95.5,1,7198,0,15,15,0
144909,55297,72801,-147.16,-449.20,251.48,76.4,0.0329,0.732,0.428,0.016,1,3,1,0,0,0,0,-1,72.7,77.3,65.0,45.0,0,1,82.4,1,0,0,0.0,680,0.155,0.207,0.5751,95.5,1,7199,0,15,15,0
144929,55277,72805,-121.37,-427.89,251.48,76.7,0.0332,0.735,0.426,0.015,1,3,1,0,0,0,0,-1,72.7,77.7,65.0,45.0,0,1,82.4,1,0,0,0.0,680,0.155,0.207,0.5712,95.5,1,7200,0,15,15,0
144949,55289,72816,-116.87,-403.00,251.48,77.1,0.0335,0.737,0.425,0.014,1,3,1,0,0,0,0,-1,72.7,78.0,65.0,45.0,0,1,82.4,1,0,0,0.0,680,0.155,0.207,0.5679,95.6,1,7201,0,15,15,0
144969,55309,72815,-119.97,-360.49,251.48,77.3,0.0337,0.740,0.424,0.013,1,3,1,0,0,0,0,-1,72.7,78.4,65.0,45.0,0,1,82.4,1,0,0,0.0,680,0.155,0.207,0.5657,95.6,1,7202,0,15,15,0
144989,55273,72815,-123.92,-311.75,251.48,77.6,0.0339,0.744,0.425,0.012,1,3,1,0,0,0,0,-1,72.7,78.8,65.0,45.0,0,1,82.4,1,0,0,0.0,680,0.155,0.207,0.5642,95.7,1,7203,0,15,15,0
145009,55266,72780,-155.50,-262.75,251.48,78.0,0.0340,0.751,0.427,0.011,1,3,1,0,0,0,0,-1,72.7,79.4,65.0,45.0,0,1,82.4,1,0,0,0.0,680,0.163,0.236,0.5640,95.7,1,7204,0,15,15,0
145029,55300,72801,-191.42,-236.14,251.48,78.5,0.0341,0.764,0.431,0.010,1,3,1,0,0,0,0,-1,72.7,80.4,65.0,45.0,0,1,82.4,1,0,0,0.0,680,0.163,0.236,0.5651,95.8,1,7205,0,15,15,0
145049,55289,72829,-191.48,-218.27,251.48,79.2,0.0342,0.782,0.438,0.010,1,3,1,0,0,0,0,-1,72.7,81.8,65.0,45.0,0,1,82.4,1,0,0,0.0,680,0.163,0.236,0.5666,95.8,1,7206,0,15,15,0
145069,55301,72828,-153.96,-164.38,251.48,79.9,0.0342,0.804,0.445,0.011,1,3,1,0,0,0,0,-1,72.7,83.5,65.0,45.0,0,1,82.4,1,0,0,0.0,680,0.163,0.236,0.5680,95.8,1,7207,0,15,15,0
145089,55291,72844,-121.24,-98.82,251.48,80.7,0.0341,0.827,0.454,0.012,1,3,1,0,0,0,0,-1,72.7,85.2,65.0,45.0,0,1,82.4,1,0,0,0.0,680,0.163,0.236,0.5694,95.8,1,7208,0,15,15,0
145109,55289,72816,-93.40,-36.65,251.48,81.2,0.0340,0.843,0.464,0.014,1,3,1,0,0,0,0,-1,72.7,86.3,65.0,45.0,0,1,82.4,1,0,0,0.0,680,0.163,0.236,0.5710,95.8,1,7209,0,15,15,0
145129,55307,72832,-70.03,22.94,251.48,81.3,0.0338,0.852,0.472,0.016,1,3,1,0,0,0,0,-1,72.7,86.8,65.0,45.0,0,1,82.4,1,0,0,0.0,680,0.163,0.236,0.5724,95.8,1,7210,0,15,15,0
145149,55295,72850,-43.08,74.44,251.48,81.1,0.0335,0.852,0.476,0.018,1,3,1,0,0,0,0,-1,72.7,86.6,65.0,45.0,0,1,82.4,1,0,0,0.0,680,0.163,0.236,0.5735,95.7,1,7211,0,15,15,0
145169,55303,72847,-2.65,137.42,251.48,80.6,0.0331,0.848,0.475,0.020,1,3,1,0,0,0,0,-1,72.7,86.0,65.0,45.0,0,1,82.4,1,0,0,0.0,680,0.163,0.236,0.5738,95.7,1,7212,0,15,15,0
145189,55369,72865,38.03,200.59,251.48,79.9,0.0326,0.840,0.469,0.021,1,3,1,0,0,0,0,-1,72.7,85.3,65.0,45.0,0,1,82.4,1,0,0,0.0,680,0.186,0.236,0.5730,95.7,1,7213,0,15,15,0
145209,55320,72907,104.68,275.57,251.48,79.2,0.0321,0.833,0.459,0.022,1,3,1,0,0,0,0,-1,72.7,84.5,65.0,45.0,0,1,82.4,1,0,0,0.0,680,0.186,0.236,0.5712,95.7,1,7214,0,15,15,0
145229,55301,72870,171.65,350.43,251.48,78.5,0.0316,0.825,0.446,0.022,1,3,1,0,0,0,0,-1,72.7,83.7,65.0,45.0,0,1,82.4,1,0,0,0.0,680,0.186,0.236,0.5693,95.7,1,7215,0,15,15,0
145249,55303,72883,196.23,430.83,247.24,77.8,0.0311,0.816,0.432,0.021,1,3,1,0,0,0,0,-1,72.7,83.0,65.0,45.0,0,1,82.4,1,0,0,0.0,680,0.186,0.236,0.5671,95.7,1,7216,0,15,15,0
145269,55322,72874,198.67,486.39,236.47,77.1,0.0307,0.807,0.419,0.020,1,3,1,0,0,0,0,-1,72.7,82.3,65.0,45.0,0,1,82.4,1,0,0,0.0,680,0.186,0.236,0.5648,95.8,1,7217,0,15,15,0
145289,55331,72891,225.71,533.18,221.40,76.8,0.0305,0.800,0.409,0.020,1,3,1,0,0,0,0,-1,72.7,81.7,65.0,45.0,0,1,82.4,1,0,0,0.0,680,0.186,0.236,0.5639,95.8,1,7218,0,15,15,0
145309,55314,72902,257.10,577.11,226.93,76.7,0.0305,0.798,0.402,0.021,1,3,1,0,0,0,0,-1,72.7,81.5,65.0,45.0,0,1,82.4,1,0,0,0.0,680,0.186,0.236,0.5646,95.8,1,7219,0,15,15,0
145329,55323,72877,285.47,609.18,233.34,77.0,0.0308,0.799,0.397,0.022,1,3,1,0,0,0,0,-1,72.7,81.5,65.0,45.0,0,1,82.4,1,0,0,0.0,680,0.186,0.236,0.5664,95.8,1,7220,0,15,15,0
145349,55319,72903,298.67,642.59,240.02,77.6,0.0313,0.803,0.393,0.023,1,3,1,0,0,0,0,-1,72.7,82.0,65.0,45.0,0,1,82.4,1,0,0,0.0,680,0.186,0.236,0.5676,95.8,1,7221,0,15,15,0
145369,55334,72892,308.69,652.50,242.01,78.4,0.0320,0.812,0.390,0.024,1,3,1,0,0,0,0,-1,72.7,82.7,65.0,45.0,0,1,82.4,1,0,0,0.0,680,0.186,0.236,0.5680,95.8,1,7222,0,15,15,0
145389,55333,72882,331.86,646.19,242.01,79.4,0.0326,0.825,0.391,0.025,1,3,1,0,0,0,0,-1,72.7,83.8,65.0,45.0,0,1,82.4,1,0,0,0.0,680,0.186,0.236,0.5680,95.8,1,7223,0,15,15,0
145409,55318,72859,354.02,614.91,242.01,80.4,0.0332,0.840,0.397,0.026,1,3,1,0,0,0,0,-1,72.7,85.1,65.0,45.0,0,1,82.4,1,0,0,0.0,680,0.186,0.236,0.5684,95.8,1,7224,0,15,15,0
145429,55317,72870,341.43,556.23,242.01,81.3,0.0337,0.855,0.404,0.026,1,3,1,0,0,0,0,-1,72.7,86.3,65.0,45.0,0,1,82.4,1,0,0,0.0,680,0.186,0.236,0.5687,95.8,1,7225,0,15,15,0
145449,55293,72823,311.63,475.14,242.01,82.0,0.0339,0.869,0.412,0.025,1,3,1,0,0,0,0,-1,72.7,87.5,65.0,45.0,0,1,82.4,1,0,0,0.0,680,0.186,0.236,0.5692,95.8,1,7226,0,15,15,0
145469,55297,72824,239.30,343.92,242.01,82.5,0.0340,0.880,0.419,0.024,1,3,1,0,0,0,0,-1,72.7,88.5,65.0,45.0,0,1,82.4,1,0,0,0.0,680,0.186,0.236,0.5697,95.8,1,7227,0,15,15,0
145489,55303,72798,158.29,207.94,242.01,82.8,0.0339,0.890,0.425,0.022,1,3,1,0,0,0,0,-1,72.7,89.3,65.0,45.0,0,1,82.4,1,0,0,0.0,680,0.186,0.236,0.5700,95.8,1,7228,0,15,15,0
145509,55335,72797,95.57,53.83,242.01,83.0,0.0338,0.899,0.431,0.021,1,3,1,0,0,0,0,-1,72.7,90.1,65.0,45.0,0,1,82.4,1,0,0,0.0,680,0.186,0.236,0.5703,95.8,1,7229,0,15,15,0
145529,55281,72825,48.82,-84.40,242.01,83.2,0.0337,0.907,0.436,0.020,1,3,1,0,0,0,0,-1,72.7,90.8,65.0,45.0,0,1,82.4,1,0,0,0.0,680,0.186,0.236,0.5700,95.8,1,7230,0,15,15,0
145549,55287,72776,-14.52,-195.31,242.01,83.4,0.0336,0.916,0.440,0.019,1,3,1,0,0,0,0,-1,72.7,91.5,65.0,45.0,0,1,82.4,1,0,0,0.0,680,0.186,0.242,0.5686,95.8,1,7231,0,15,15,0
145569,55292,72790,-74.89,-285.68,242.01,83.7,0.0337,0.924,0.444,0.019,1,3,1,0,0,0,0,-1,72.7,92.1,65.0,45.0,0,1,82.4,1,0,0,0.0,680,0.186,0.211,0.5656,95.8,1,7232,0,15,15,0
145589,55294,72796,-114.87,-350.52,242.01,84.0,0.0338,0.927,0.445,0.019,1,3,1,0,0,0,0,-1,72.7,92.4,65.0,45.0,0,1,82.4,1,0,0,0.0,680,0.186,0.211,0.5610,95.8,1,7233,0,15,15,0
145609,55306,72784,-135.60,-390.90,242.01,84.2,0.0340,0.929,0.446,0.019,1,3,1,0,0,0,0,-1,72.7,92.6,65.0,45.0,0,1,82.4,1,0,0,0.0,680,0.186,0.188,0.5550,95.9,1,7234,0,15,15,0
145629,55250,72786,-143.89,-416.10,242.01,84.4,0.0342,0.929,0.444,0.019,1,3,1,0,0,0,0,-1,72.7,92.7,65.0,45.0,0,1,82.4,1,0,0,0.0,680,0.215,0.180,0.5488,96.0,1,7235,0,15,15,0
145649,55272,72777,-185.11,-429.00,242.01,84.6,0.0345,0.930,0.444,0.019,1,3,1,0,0,0,0,-1,72.7,92.8,65.0,45.0,0,1,82.4,1,0,0,0.0,680,0.215,0.180,0.5448,96.0,1,7236,0,15,15,0
145669,55281,72770,-231.49,-439.47,242.01,84.9,0.0347,0.931,0.446,0.018,1,3,1,0,0,0,0,-1,72.7,93.0,65.0,45.0,0,1,82.4,1,0,0,0.0,680,0.215,0.188,0.5445,96.1,1,7237,0,15,15,0
145689,55296,72779,-253.78,-441.83,242.01,85.2,0.0350,0.933,0.448,0.018,1,3,1,0,0,0,0,-1,72.7,93.2,65.0,45.0,0,1,82.4,1,0,0,0.0,680,0.215,0.188,0.5471,96.2,1,7238,0,15,15,0
145709,55282,72793,-258.28,-432.09,242.01,85.4,0.0353,0.934,0.450,0.018,1,3,1,0,1,1,820,-1,65.5,93.3,65.0,45.0,0,1,83.4,1,0,0,0.0,680,0.215,0.188,0.5500,96.2,1,7239,0,15,15,0
145729,55298,72779,-225.97,-413.27,242.01,85.7,0.0355,0.935,0.452,0.019,1,3,1,0,0,0,0,-1,65.5,93.5,65.0,45.0,0,1,83.4,1,0,0,0.0,680,0.215,0.188,0.5501,96.2,1,7240,0,15,15,0
145749,55311,72823,-177.20,-368.33,242.01,85.9,0.0357,0.937,0.453,0.019,1,3,1,0,0,0,0,-1,65.5,93.7,65.0,45.0,0,1,83.4,1,0,0,0.0,680,0.215,0.188,0.5467,96.2,1,7241,0,15,15,0
145769,55290,72776,-126.85,-334.10,242.01,86.1,0.0358,0.939,0.454,0.019,1,3,1,0,0,0,0,-1,65.5,93.8,65.0,45.0,0,1,83.4,1,0,0,0.0,680,0.215,0.188,0.5399,96.3,1,7242,0,15,15,0
145789,55291,72790,-94.67,-289.00,242.01,86.2,0.0359,0.940,0.454,0.019,1,3,1,0,0,0,0,-1,65.5,93.9,65.0,45.0,0,1,83.4,1,0,0,0.0,680,0.215,0.188,0.5309,96.4,1,7243,0,15,15,0
145809,55293,72787,-73.27,-246.00,242.01,86.2,0.0359,0.940,0.454,0.019,1,3,1,0,0,0,0,-1,65.5,93.9,65.0,45.0,0,1,83.4,1,0,0,0.0,680,0.215,0.188,0.5219,96.5,1,7244,0,15,15,0
145829,55315,72786,-54.55,-206.23,242.01,86.2,0.0359,0.941,0.455,0.019,1,3,1,0,0,0,0,-1,65.5,94.0,65.0,45.0,0,1,83.4,1,0,0,0.0,680,0.215,0.188,0.5149,96.6,1,7245,0,15,15,0
145849,55280,72792,-38.69,-169.99,242.01,86.2,0.0359,0.942,0.456,0.019,1,3,1,0,0,0,0,-1,65.5,94.0,65.0,45.0,0,1,83.4,1,0,0,0.0,680,0.215,0.188,0.5102,96.7,1,7246,0,15,15,0
145869,55296,72766,-19.92,-138.65,242.01,86.2,0.0358,0.943,0.457,0.019,1,3,1,0,0,0,0,-1,65.5,94.1,65.0,45.0,0,1,83.4,1,0,0,0.0,680,0.215,0.194,0.5067,96.9,1,7247,0,15,15,0
145889,55298,72782,-2.09,-116.53,242.01,86.1,0.0357,0.944,0.459,0.019,1,3,1,0,0,0,0,-1,65.5,94.1,65.0,45.0,0,1,83.4,1,0,0,0.0,680,0.215,0.194,0.5028,97.0,1,7248,0,15,15,0
145909,55300,72806,16.92,-98.58,242.01,85.9,0.0354,0.944,0.462,0.019,1,3,1,0,0,0,0,-1,65.5,94.1,65.0,45.0,0,1,83.4,1,0,0,0.0,680,0.215,0.194,0.4978,97.1,1,7249,0,15,15,0
145929,55292,72802,33.89,-54.08,242.01,85.7,0.0351,0.945,0.465,0.020,1,3,1,0,0,0,0,-1,65.5,94.1,65.0,45.0,0,1,83.4,1,0,0,0.0,680,0.215,0.194,0.4926,97.2,1,7250,0,15,15,0
145949,55265,72812,36.50,2.47,242.01,85.4,0.0348,0.946,0.468,0.020,1,3,1,0,0,0,0,-1,65.5,94.0,65.0,45.0,0,1,83.4,1,0,0,0.0,680,0.215,0.194,0.4878,97.3,1,7251,0,15,15,0
145969,55269,72814,-9.70,65.68,242.01,85.1,0.0345,0.945,0.469,0.021,1,3,1,0,0,0,0,-1,65.5,93.8,65.0,45.0,0,1,83.4,1,0,0,0.0,680,0.215,0.194,0.4837,97.4,1,7252,0,15,15,0
145989,55305,72829,-68.26,126.06,242.01,84.8,0.0343,0.940,0.467,0.021,1,3,1,0,0,0,0,-1,65.5,93.4,65.0,45.0,0,1,83.4,1,0,0,0.0,680,0.215,0.194,0.4810,97.5,1,7253,0,15,15,0
146009,55295,72832,-73.68,197.91,242.01,84.5,0.0342,0.934,0.462,0.021,1,3,1,0,0,0,0,-1,65.5,92.8,65.0,45.0,0,1,83.4,1,0,0,0.0,680,0.215,0.194,0.4791,97.6,1,7254,0,15,15,0
146029,55309,72853,-36.90,267.65,242.01,84.4,0.0343,0.928,0.456,0.021,1,3,1,0,0,0,0,-1,65.5,92.5,65.0,45.0,0,1,83.4,1,0,0,0.0,680,0.215,0.194,0.4774,97.7,1,7255,0,15,15,0
146049,55338,72854,19.83,354.73,242.01,84.5,0.0345,0.924,0.449,0.020,1,3,1,0,0,0,0,-1,65.5,92.3,65.0,45.0,0,1,83.4,1,0,0,0.0,680,0.215,0.194,0.4753,97.8,1,7256,0,15,15,0
146069,55309,72892,76.50,435.35,242.01,84.7,0.0349,0.922,0.444,0.018,1,3,1,0,0,0,0,-1,65.5,92.3,65.0,45.0,0,1,83.4,1,0,0,0.0,680,0.215,0.194,0.4728,97.9,1,7257,0,15,15,0
146089,55320,72841,144.85,498.52,242.01,85.0,0.0353,0.922,0.441,0.017,1,3,1,0,0,0,0,-1,65.5,92.5,65.0,45.0,0,1,83.4,1,0,0,0.0,680,0.215,0.194,0.4706,98.0,1,7258,0,15,15,0
146109,55326,72868,206.77,561.41,242.01,85.4,0.0357,0.924,0.440,0.016,1,3,1,0,0,0,0,-1,65.5,92.8,65.0,45.0,0,1,83.4,1,0,0,0.0,680,0.215,0.194,0.4687,98.0,1,7259,0,15,15,0
146129,55325,72881,264.51,610.61,242.01,85.8,0.0360,0.927,0.442,0.015,1,3,1,0,0,0,0,-1,65.5,93.2,65.0,45.0,0,1,83.4,1,0,0,0.0,680,0.215,0.194,0.4682,98.1,1,7260,0,15,15,0
146149,55336,72883,311.55,660.42,243.59,86.1,0.0363,0.929,0.445,0.014,1,3,1,0,0,0,0,-1,65.5,93.5,65.0,45.0,0,1,83.4,1,0,0,0.0,680,0.215,0.194,0.4688,98.1,1,7261,0,15,15,0
146169,55304,72888,342.64,700.49,251.60,86.4,0.0366,0.931,0.448,0.013,1,3,1,0,0,0,0,-1,65.5,93.8,65.0,45.0,0,1,83.4,1,0,0,0.0,680,0.215,0.194,0.4700,98.1,1,7262,0,15,15,0
146189,55317,72827,344.64,724.70,256.27,86.7,0.0369,0.932,0.449,0.012,1,3,1,0,0,0,0,-1,65.5,94.0,65.0,45.0,0,1,83.4,1,0,0,0.0,680,0.159,0.194,0.4704,98.2,1,7263,0,15,15,0
146209,55334,72854,331.34,691.72,252.77,86.8,0.0370,0.933,0.450,0.012,1,3,1,0,0,0,0,-1,65.5,94.1,65.0,45.0,0,1,83.4,1,0,0,0.0,680,0.159,0.188,0.4705,98.2,1,7264,0,15,15,0
146229,55322,72861,319.99,634.37,247.11,86.9,0.0370,0.933,0.451,0.011,1,3,1,0,0,0,0,-1,65.5,94.2,65.0,45.0,0,1,83.4,1,0,0,0.0,680,0.159,0.188,0.4711,98.2,1,7265,0,15,15,0
146249,55324,72839,311.80,570.09,240.12,86.8,0.0370,0.933,0.452,0.011,1,3,1,0,0,0,0,-1,65.5,94.2,65.0,45.0,0,1,83.4,1,0,0,0.0,680,0.159,0.188,0.4724,98.2,1,7266,0,15,15,0
146269,55308,72835,299.38,486.40,239.64,86.7,0.0369,0.932,0.453,0.011,1,3,1,0,0,0,0,-1,65.5,94.1,65.0,45.0,0,1,83.4,1,0,0,0.0,680,0.159,0.188,0.4744,98.2,1,7267,0,15,15,0
146289,55312,72850,265.60,403.01,239.64,86.5,0.0367,0.931,0.454,0.010,1,3,1,0,0,0,0,-1,65.5,94.0,65.0,45.0,0,1,83.4,1,0,0,0.0,680,0.159,0.188,0.4763,98.2,1,7268,0,15,15,0
146309,55319,72841,225.52,331.48,239.64,86.4,0.0366,0.931,0.453,0.010,1,3,1,0,0,0,0,-1,65.5,94.0,65.0,45.0,0,1,83.4,1,0,0,0.0,680,0.159,0.188,0.4777,98.1,1,7269,0,15,15,0
146329,55322,72835,199.58,272.56,239.64,86.3,0.0365,0.930,0.453,0.010,1,3,1,0,0,0,0,-1,65.5,93.9,65.0,45.0,0,1,83.4,1,0,0,0.0,680,0.159,0.188,0.4792,98.1,1,7270,0,15,15,0
146349,55306,72819,181.17,216.76,239.64,86.2,0.0364,0.929,0.453,0.010,1,3,1,0,0,0,0,-1,65.5,93.8,65.0,45.0,0,1,83.4,1,0,0,0.0,680,0.159,0.173,0.4807,98.1,1,7271,0,15,15,0
146369,55352,72842,172.24,168.72,239.64,86.1,0.0364,0.928,0.454,0.009,1,3,1,0,0,0,0,-1,65.5,93.8,65.0,45.0,0,1,83.4,1,0,0,0.0,680,0.184,0.173,0.4823,98.1,1,7272,0,15,15,0
146389,55318,72902,159.19,139.48,239.64,86.0,0.0363,0.927,0.454,0.009,1,3,1,0,0,0,0,-1,65.5,93.7,65.0,45.0,0,1,83.4,1,0,0,0.0,680,0.184,0.187,0.4839,98.0,1,7273,0,15,15,0
146409,55336,72867,178.08,156.36,239.64,86.0,0.0363,0.926,0.455,0.009,1,3,1,0,0,0,0,-1,65.5,93.6,65.0,45.0,0,1,83.4,1,0,0,0.0,680,0.184,0.187,0.4859,98.0,1,7274,0,15,15,0
146429,55340,72901,205.16,236.06,239.64,86.0,0.0363,0.926,0.456,0.009,1,3,1,0,0,0,0,-1,65.5,93.6,65.0,45.0,0,1,83.4,1,0,0,0.0,680,0.184,0.187,0.4882,98.0,1,7275,0,15,15,0
146449,55369,72968,236.68,327.25,239.64,86.0,0.0364,0.926,0.458,0.009,1,3,1,0,0,0,0,-1,65.5,93.6,65.0,45.0,0,1,83.4,1,0,0,0.0,680,0.215,0.277,0.4908,97.9,1,7276,0,15,15,0
146469,55428,73067,316.51,500.83,239.64,86.3,0.0366,0.927,0.460,0.009,1,3,1,0,0,0,0,-1,65.5,93.7,65.0,45.0,0,1,83.4,1,0,0,0.0,680,0.322,0.413,0.4943,97.9,1,7277,0,15,15,0
146489,55446,73198,510.09,816.59,258.02,86.9,0.0373,0.929,0.466,0.009,1,3,1,0,0,0,0,-1,65.5,94.1,65.0,45.0,0,1,83.4,1,0,0,0.0,680,0.354,0.593,0.5012,97.8,1,7278,0,15,15,0
146509,55525,73339,748.93,1319.40,358.58,88.7,0.0392,0.936,0.475,0.010,1,3,1,0,0,0,0,-1,65.5,95.0,65.0,45.0,0,1,83.4,1,0,0,0.0,680,0.497,0.787,0.5086,97.7,1,7279,0,15,15,0
146529,55646,73577,1109.17,2008.43,496.39,92.7,0.0434,0.949,0.488,0.012,1,3,1,0,0,0,0,-1,65.5,96.9,65.0,45.0,0,1,83.4,1,0,0,0.0,680,0.716,1.113,0.5169,97.6,1,7280,0,15,15,0
146549,55763,73890,1677.74,2984.87,691.68,98.7,0.0518,0.964,0.510,0.015,1,3,1,0,0,0,0,-1,65.5,98.6,65.0,45.0,0,1,83.4,1,0,0,0.0,680,0.927,1.542,0.5169,97.6,1,7281,0,15,15,0
146569,55843,74078,2445.47,4342.15,963.13,99.2,0.0664,0.978,0.530,0.019,1,0,0,1,0,0,0,0,0.0,98.5,65.0,45.0,0,1,83.4,0,0,1,0.0,680,1.071,1.799,0.5169,97.6,1,7282,0,15,15,0
146589,55912,74245,3302.18,5870.92,1268.89,99.6,0.0871,0.988,0.543,0.024,1,0,0,1,0,0,0,0,0.0,98.3,65.0,45.0,0,1,83.4,0,0,1,0.0,680,1.196,2.028,0.5169,97.6,1,7283,0,15,15,0
146609,55960,74389,4160.32,7414.63,1577.63,99.7,0.1125,0.993,0.550,0.029,1,0,0,1,0,0,0,0,0.0,98.0,65.0,45.0,5,1,83.4,0,0,1,0.0,680,1.282,2.224,0.5169,97.6,1,7284,0,15,15,0
146629,56026,74552,4935.93,8858.34,1866.37,99.8,0.1409,0.995,0.552,0.033,1,0,0,1,0,0,0,0,0.0,97.7,65.0,45.0,5,1,83.4,0,0,1,0.0,680,1.374,2.446,0.5169,97.6,1,7285,0,15,15,0
146649,56092,74696,5632.04,10181.00,2130.90,99.9,0.1711,0.997,0.552,0.037,1,0,0,1,0,0,0,0,0.0,97.5,65.0,45.0,5,1,83.4,0,0,1,0.0,680,1.493,2.642,0.5169,97.6,1,7286,0,15,15,0
146669,56124,74815,6253.83,11350.40,2364.78,99.9,0.2022,0.998,0.551,0.041,1,0,0,1,0,0,0,0,0.0,97.3,65.0,45.0,5,1,83.4,0,0,1,0.0,680,1.550,2.803,0.5169,97.6,1,7287,0,15,15,0
146689,56181,74911,6744.30,12327.56,2560.21,99.9,0.2333,0.998,0.550,0.044,1,0,0,1,0,0,0,0,0.0,97.1,65.0,45.0,5,1,83.4,0,0,1,0.0,680,1.652,2.933,0.5169,97.6,1,7288,0,15,15,0
146709,56206,75011,7140.17,13081.18,2710.94,100.0,0.2636,0.999,0.549,0.046,1,0,0,1,0,0,0,0,0.0,96.9,65.0,45.0,5,1,83.4,0,0,1,0.0,680,1.697,3.068,0.5169,97.6,1,7289,0,15,15,0
146729,56244,75097,7406.10,13627.74,2820.25,100.0,0.2924,0.999,0.548,0.048,1,0,0,1,0,0,0,0,0.0,96.8,65.0,45.0,5,1,83.4,0,0,1,0.0,680,1.765,3.184,0.5169,97.6,1,7290,0,15,15,0
146749,56262,75162,7567.31,13977.44,2890.19,100.0,0.3194,0.999,0.547,0.049,1,0,0,1,0,0,0,0,0.0,96.7,65.0,45.0,5,1,83.4,0,0,1,0.0,680,1.797,3.270,0.5169,97.6,1,7291,0,15,15,0
146769,56300,75214,7609.81,14128.50,2920.40,100.0,0.3442,0.999,0.546,0.050,1,0,0,1,0,0,0,0,0.0,96.7,65.0,45.0,5,1,83.4,0,0,1,0.0,680,1.864,3.339,0.5169,97.6,1,7292,0,15,15,0
146789,56310,75272,7580.93,14087.78,2920.40,100.0,0.3666,0.999,0.545,0.051,1,0,0,1,0,0,0,0,0.0,96.6,65.0,45.0,5,1,83.4,0,0,1,0.0,680,1.882,3.416,0.5169,97.6,1,7293,0,15,15,0
146809,56337,75311,7457.81,13893.11,2920.40,100.0,0.3865,0.999,0.544,0.051,1,0,0,1,0,0,0,0,0.0,96.6,65.0,45.0,5,1,83.4,0,0,1,0.0,680,1.930,3.467,0.5169,97.6,1,7294,0,15,15,0
146829,56349,75336,7276.63,13555.87,2920.40,100.0,0.4039,0.999,0.543,0.051,1,0,0,1,0,0,0,0,0.0,96.6,65.0,45.0,5,1,83.4,0,0,1,0.0,680,1.951,3.498,0.5169,97.6,1,7295,0,15,15,0
146849,56367,75369,7033.62,13083.52,2920.40,100.0,0.4188,0.999,0.543,0.051,1,0,0,1,0,0,0,0,0.0,96.6,65.0,45.0,5,1,83.4,0,0,1,0.0,680,1.982,3.541,0.5169,97.6,1,7296,0,15,15,0
146869,56379,75390,6748.81,12512.96,2919.40,100.0,0.4313,0.999,0.542,0.051,1,0,0,1,0,0,0,0,0.0,96.6,65.0,45.0,5,1,83.4,0,0,1,0.0,680,2.003,3.545,0.5169,97.6,1,7297,0,15,15,0
146889,56373,75412,6416.13,11860.68,2915.54,100.0,0.4416,1.000,0.542,0.050,1,0,0,1,0,0,0,0,0.0,96.7,65.0,45.0,5,1,83.4,0,0,1,0.0,680,2.002,3.545,0.5169,97.6,1,7298,0,15,15,0
146909,56385,75387,6042.51,11120.86,2914.07,100.0,0.4499,1.000,0.542,0.050,1,0,0,1,0,0,0,0,0.0,96.7,65.0,45.0,5,1,83.4,0,0,1,0.0,680,2.012,3.543,0.5169,97.6,1,7299,0,15,15,0
146929,56379,75344,5628.52,10305.57,2914.07,100.0,0.4562,1.000,0.543,0.049,1,0,0,1,0,0,0,0,0.0,96.7,65.0,45.0,5,1,83.4,0,0,1,0.0,680,2.011,3.527,0.5169,97.6,1,7300,0,15,15,0
146949,56354,75271,5183.62,9381.76,2914.07,100.0,0.4607,1.000,0.543,0.048,1,0,0,1,0,0,0,0,0.0,96.8,65.0,45.0,5,1,83.4,0,0,1,0.0,680,2.003,3.521,0.5169,97.6,1,7301,0,15,15,0
146969,56328,75176,4673.75,8318.21,2914.07,100.0,0.4635,1.000,0.544,0.048,1,0,0,1,0,0,0,0,0.0,96.8,65.0,45.0,5,1,83.4,0,0,1,0.0,680,1.956,3.512,0.5169,97.6,1,7302,0,15,15,0
146989,56307,75091,4097.25,7101.86,2914.07,100.0,0.4649,1.000,0.544,0.047,1,0,0,1,0,0,0,0,0.0,96.9,65.0,45.0,5,1,83.4,0,0,1,0.0,680,1.955,3.510,0.5169,97.6,1,7303,0,15,15,0
147009,56276,75014,3477.70,5775.19,2914.07,100.0,0.4651,0.999,0.545,0.046,1,0,0,1,0,0,0,0,0.0,96.9,65.0,45.0,5,1,83.4,0,0,1,0.0,680,1.938,3.508,0.5169,97.6,1,7304,0,15,15,0
147029,56250,74911,2818.26,4395.39,2914.07,100.0,0.4645,0.999,0.545,0.045,1,0,0,1,0,0,0,0,0.0,97.0,65.0,45.0,5,1,83.4,0,0,1,0.0,680,1.938,3.506,0.5169,97.6,1,7305,0,15,15,0
147049,56205,74781,2141.51,2970.58,2914.07,100.0,0.4635,0.999,0.545,0.044,1,0,0,1,0,0,0,0,0.0,97.0,65.0,45.0,5,1,83.4,0,0,1,0.0,680,1.937,3.504,0.5169,97.6,1,7306,0,15,15,0
147069,56160,74624,1430.59,1487.05,2914.07,100.0,0.4628,0.999,0.544,0.044,1,0,0,1,0,0,0,0,0.0,97.1,65.0,45.0,5,1,83.4,0,0,1,0.0,680,1.937,3.503,0.5169,97.6,1,7307,0,15,15,0
147089,56124,74517,690.61,-74.91,2914.07,99.9,0.4628,0.998,0.543,0.043,1,0,0,1,0,0,0,0,0.0,97.1,65.0,45.0,5,1,83.4,0,0,1,0.0,680,1.936,3.501,0.5169,97.6,1,7308,0,15,15,0
147109,56092,74427,-48.22,-1626.59,3151.02,99.9,0.4640,0.998,0.542,0.041,1,0,0,1,0,0,0,0,0.0,97.2,65.0,45.0,5,1,83.4,0,0,1,0.0,680,1.936,3.500,0.5169,97.6,1,7309,0,15,15,0
147129,56029,74298,-759.09,-3094.19,3444.54,99.9,0.4669,0.997,0.539,0.040,1,0,0,1,0,0,0,0,0.0,97.3,65.0,45.0,5,1,83.4,0,0,1,0.0,680,1.935,3.498,0.5169,97.6,1,7310,0,15,15,0
147149,55981,74153,-1485.13,-4499.33,3725.57,99.9,0.4716,0.997,0.536,0.039,1,0,0,1,0,0,0,0,0.0,97.4,65.0,45.0,5,1,83.4,0,0,1,0.0,680,1.935,3.497,0.5169,97.6,1,7311,0,15,15,0
147169,55908,74015,-2206.56,-5867.65,3999.23,99.9,0.4786,0.996,0.533,0.037,1,0,0,1,0,0,0,0,0.0,97.5,65.0,45.0,5,1,83.4,0,0,1,0.0,680,1.931,3.496,0.5169,97.6,1,7312,0,15,15,0
147189,55867,73926,-2954.51,-7190.82,4263.86,99.9,0.4878,0.996,0.529,0.035,1,0,0,1,0,0,0,0,0.0,97.6,65.0,45.0,5,1,83.4,0,0,1,0.0,680,1.930,3.495,0.5169,97.6,1,7313,0,15,15,0
147209,55836,73852,-3670.91,-8389.94,4503.69,99.9,0.4993,0.996,0.526,0.033,1,0,0,1,0,0,0,0,0.0,97.7,65.0,45.0,5,1,83.4,0,0,1,0.0,680,1.930,3.494,0.5169,97.6,1,7314,0,15,15,0
147229,55779,73719,-4310.78,-9417.41,4709.18,99.9,0.5126,0.996,0.524,0.031,1,0,0,1,0,0,0,0,0.0,97.9,65.0,45.0,5,1,83.4,0,0,1,0.0,680,1.930,3.493,0.5169,97.6,1,7315,0,15,15,0
147249,55725,73578,-4908.07,-10349.75,4895.65,99.9,0.5276,0.996,0.522,0.029,1,0,0,1,0,0,0,0,0.0,98.0,65.0,45.0,5,1,83.4,0,0,1,0.0,680,1.929,3.493,0.5169,97.6,1,7316,0,15,15,0
147269,55709,73544,-5470.72,-11232.49,5072.20,99.9,0.5441,0.996,0.521,0.027,1,0,0,1,0,0,0,0,0.0,98.2,65.0,45.0,5,1,83.4,0,0,1,0.0,680,1.929,3.492,0.5169,97.6,1,7317,0,15,15,0
147289,55758,73625,-5901.31,-11885.24,5202.75,99.9,0.5615,0.997,0.520,0.025,1,0,0,1,0,0,0,0,0.0,98.3,65.0,45.0,5,1,83.4,0,0,1,0.0,680,1.929,3.491,0.5169,97.6,1,7318,0,15,15,0
147309,55778,73640,-6114.02,-12195.32,5264.76,99.9,0.5788,0.997,0.520,0.023,1,0,0,1,0,0,0,0,0.0,98.4,65.0,45.0,5,1,83.4,0,0,1,0.0,680,1.928,3.491,0.5169,97.6,1,7319,0,15,15,0
147329,55781,73663,-6127.32,-12207.47,5267.19,99.9,0.5953,0.997,0.520,0.021,1,0,0,1,0,0,0,0,0.0,98.5,65.0,45.0,5,1,83.4,0,0,1,0.0,680,1.928,3.490,0.5169,97.6,1,7320,0,15,15,0
147349,55806,73731,-6008.61,-11971.10,5267.19,99.9,0.6107,0.997,0.520,0.020,1,0,0,1,0,0,0,0,0.0,98.7,65.0,45.0,5,1,83.4,0,0,1,0.0,680,1.906,3.458,0.5169,97.6,1,7321,0,15,15,0
147369,55871,73876,-5764.71,-11481.21,5267.19,99.9,0.6243,0.997,0.519,0.018,1,0,0,1,0,0,0,0,0.0,98.8,65.0,45.0,5,1,83.4,0,0,1,0.0,680,1.906,3.423,0.5169,97.6,1,7322,0,15,15,0
147389,55919,74023,-5344.92,-10669.60,5267.19,99.9,0.6359,0.997,0.519,0.017,1,0,0,1,0,0,0,0,0.0,98.8,65.0,45.0,5,1,83.4,0,0,1,0.0,680,1.873,3.422,0.5169,97.6,1,7323,0,15,15,0
147409,55967,74135,-4789.47,-9560.08,5267.19,99.9,0.6451,0.997,0.519,0.016,1,0,0,1,0,0,0,0,0.0,98.9,65.0,45.0,5,1,83.4,0,0,1,0.0,680,1.866,3.375,0.5169,97.6,1,7324,0,15,15,0
147429,56043,74262,-4139.67,-8264.81,5267.19,99.9,0.6520,0.998,0.519,0.014,1,0,0,1,0,0,0,0,0.0,99.0,65.0,45.0,5,1,83.4,0,0,1,0.0,680,1.814,3.284,0.5169,97.6,1,7325,0,15,15,0
147449,56105,74407,-3380.65,-6847.76,5267.19,99.9,0.6568,0.998,0.519,0.013,1,0,0,1,0,0,0,0,0.0,99.1,65.0,45.0,5,1,83.4,0,0,1,0.0,680,1.708,3.150,0.5169,97.6,1,7326,0,15,15,0
147469,56192,74619,-2555.41,-5341.05,5267.19,99.9,0.6599,0.998,0.519,0.012,1,0,0,1,0,0,0,0,0.0,99.2,65.0,45.0,5,1,83.4,0,0,1,0.0,680,1.675,2.973,0.5169,97.6,1,7327,0,15,15,0
147489,56287,74856,-1653.12,-3692.22,5267.19,99.9,0.6616,0.998,0.519,0.011,1,0,0,1,0,0,0,0,0.0,99.2,65.0,45.0,5,1,83.4,0,0,1,0.0,680,1.534,2.782,0.5169,97.6,1,7328,0,15,15,0
147509,56403,75081,-674.89,-1882.40,5267.19,99.9,0.6621,0.998,0.519,0.010,1,0,0,1,0,0,0,0,0.0,99.3,65.0,45.0,5,1,83.4,0,0,1,0.0,680,1.350,2.506,0.5169,97.6,1,7329,0,15,15,0
147529,56458,75216,396.42,37.56,5267.19,99.9,0.6621,0.998,0.519,0.010,1,0,0,1,0,0,0,0,0.0,99.3,65.0,45.0,5,1,83.4,0,0,1,0.0,680,1.335,2.505,0.5169,97.6,1,7330,0,15,15,0
147549,56476,75295,1431.02,1886.46,5267.19,99.9,0.6621,0.998,0.519,0.009,1,0,0,1,0,0,0,0,0.0,99.4,65.0,45.0,5,1,83.4,0,0,1,0.0,680,1.367,2.504,0.5169,97.6,1,7331,0,15,15,0
147569,56464,75360,2281.12,3504.93,5267.19,99.9,0.6624,0.998,0.519,0.008,1,0,0,1,0,0,0,0,0.0,99.4,65.0,45.0,5,1,83.4,0,0,1,0.0,680,1.367,2.503,0.5169,97.6,1,7332,0,15,15,0
147589,56483,75418,2916.45,4826.54,5267.19,99.9,0.6633,0.998,0.519,0.008,1,0,0,1,0,0,0,0,0.0,99.5,65.0,45.0,5,1,83.4,0,0,1,0.0,680,1.379,2.510,0.5169,97.6,1,7333,0,15,15,0
147609,56496,75504,3340.84,5844.99,5267.19,99.9,0.6648,0.998,0.519,0.007,1,0,0,1,0,0,0,0,0.0,99.5,65.0,45.0,5,1,83.4,0,0,1,0.0,680,1.402,2.625,0.5169,97.6,1,7334,0,15,15,0
147629,56504,75607,3593.60,6630.63,5267.19,99.9,0.6668,0.998,0.519,0.006,1,0,0,1,0,0,0,0,0.0,99.5,65.0,45.0,5,1,83.4,0,0,1,0.0,680,1.416,2.762,0.5169,97.6,1,7335,0,15,15,0
147649,56497,75642,3691.22,7261.31,5267.19,99.9,0.6693,0.998,0.519,0.006,1,0,0,1,0,0,0,0,0.0,99.6,65.0,45.0,5,1,83.4,0,0,1,0.0,680,1.415,2.808,0.5169,97.6,1,7336,0,15,15,0
147669,56472,75644,3660.15,7690.25,5267.19,99.9,0.6720,0.998,0.518,0.006,1,0,0,1,0,0,0,0,0.0,99.6,65.0,45.0,5,1,83.4,0,0,1,0.0,680,1.415,2.810,0.5169,97.6,1,7337,0,15,15,0
147689,56459,75660,3484.23,7877.41,5267.19,99.9,0.6749,0.997,0.517,0.005,1,0,0,1,0,0,0,0,0.0,99.6,65.0,45.0,5,1,83.4,0,0,1,0.0,680,1.415,2.831,0.5169,97.6,1,7338,0,15,15,0
147709,56457,75667,3201.72,7858.85,5267.19,99.9,0.6776,0.997,0.515,0.005,1,0,0,1,0,0,0,0,0.0,99.6,65.0,45.0,5,1,83.4,0,0,1,0.0,680,1.415,2.840,0.5169,97.6,1,7339,0,15,15,0
147729,56443,75656,2866.54,7656.76,5267.19,99.9,0.6800,0.996,0.513,0.005,1,0,0,1,0,0,0,0,0.0,99.6,65.0,45.0,5,1,83.4,0,0,1,0.0,680,1.415,2.839,0.5169,97.6,1,7340,0,15,15,0
147749,56445,75666,2492.97,7316.61,5267.19,99.8,0.6820,0.995,0.512,0.005,1,0,0,1,0,0,0,0,0.0,99.6,65.0,45.0,5,1,83.4,0,0,1,0.0,680,1.415,2.839,0.5169,97.6,1,7341,0,15,15,0
147769,56438,75663,2114.19,6867.25,5267.19,99.8,0.6836,0.994,0.510,0.005,1,0,0,1,0,0,0,0,0.0,99.6,65.0,45.0,5,1,83.4,0,0,1,0.0,680,1.415,2.839,0.5169,97.6,1,7342,0,15,15,0
147789,56434,75667,1742.35,6348.34,5267.19,99.8,0.6848,0.993,0.508,0.006,1,0,0,1,0,0,0,0,0.0,99.6,65.0,45.0,5,1,83.4,0,0,1,0.0,680,1.415,2.838,0.5169,97.6,1,7343,0,15,15,0
147809,56425,75677,1386.60,5787.74,5267.19,99.7,0.6855,0.992,0.507,0.006,1,0,0,1,0,0,0,0,0.0,99.5,65.0,45.0,5,1,83.4,0,0,1,0.0,680,1.415,2.851,0.5169,97.6,1,7344,0,15,15,0
147829,56417,75698,1042.39,5220.00,5267.19,99.7,0.6860,0.991,0.506,0.006,1,0,0,1,0,0,0,0,0.0,99.5,65.0,45.0,5,1,83.4,0,0,1,0.0,680,1.415,2.879,0.5169,97.6,1,7345,0,15,15,0
147849,56435,75695,725.88,4676.03,5267.19,99.6,0.6862,0.990,0.504,0.007,1,0,0,1,0,0,0,0,0.0,99.4,65.0,45.0,5,1,83.4,0,0,1,0.0,680,1.415,2.879,0.5169,97.6,1,7346,0,15,15,0
147869,56430,75704,451.66,4148.79,5267.19,99.6,0.6862,0.988,0.504,0.007,1,0,0,1,0,0,0,0,0.0,99.4,65.0,45.0,5,1,83.4,0,0,1,0.0,680,1.414,2.887,0.5169,97.6,1,7347,0,15,15,0
147889,56452,75749,222.00,3641.60,5267.19,99.5,0.6860,0.987,0.503,0.008,1,0,0,1,0,0,0,0,0.0,99.4,65.0,45.0,5,1,83.4,0,0,1,0.0,680,1.414,2.946,0.5169,97.6,1,7348,0,15,15,0
147909,56485,75780,55.36,3210.92,5267.19,99.5,0.6857,0.986,0.503,0.008,1,0,0,1,0,0,0,0,0.0,99.3,65.0,45.0,5,1,83.4,0,0,1,0.0,680,1.414,2.988,0.5169,97.6,1,7349,0,15,15,0
147929,56472,75811,-43.05,2852.70,5267.19,99.5,0.6854,0.985,0.502,0.008,1,0,0,1,0,0,0,0,0.0,99.3,65.0,45.0,5,1,83.4,0,0,1,0.0,680,1.414,3.029,0.5169,97.6,1,7350,0,15,15,0
147949,56488,75832,-93.14,2557.52,5267.19,99.4,0.6851,0.984,0.502,0.009,1,0,0,1,0,0,0,0,0.0,99.3,65.0,45.0,5,1,83.4,0,0,1,0.0,680,1.414,3.056,0.5169,97.6,1,7351,0,15,15,0
147969,56509,75861,-128.00,2300.90,5267.19,99.4,0.6847,0.983,0.502,0.009,1,0,0,1,0,0,0,0,0.0,99.2,65.0,45.0,5,1,83.4,0,0,1,0.0,680,1.423,3.094,0.5169,97.6,1,7352,0,15,15,0
147989,56536,75901,-130.05,2080.27,5267.19,99.4,0.6844,0.983,0.502,0.009,1,0,0,1,0,0,0,0,0.0,99.2,65.0,45.0,5,1,83.4,0,0,1,0.0,680,1.471,3.147,0.5169,97.6,1,7353,0,15,15,0
148009,56565,75925,-86.06,1906.15,5267.19,99.4,0.6841,0.982,0.502,0.009,1,0,0,1,0,0,0,0,0.0,99.2,65.0,45.0,5,1,83.4,0,0,1,0.0,680,1.522,3.178,0.5169,97.6,1,7354,0,15,15,0
148029,56574,75956,5.70,1755.27,5267.19,99.4,0.6839,0.982,0.502,0.009,1,0,0,1,0,0,0,0,0.0,99.2,65.0,45.0,5,1,83.4,0,0,1,0.0,680,1.538,3.219,0.5169,97.6,1,7355,0,15,15,0
148049,56610,75993,101.30,1625.52,5267.19,99.4,0.6836,0.982,0.502,0.009,1,0,0,1,0,0,0,0,0.0,99.2,65.0,45.0,5,1,83.4,0,0,1,0.0,680,1.602,3.267,0.5169,97.6,1,7356,0,15,15,0
148069,56642,76049,230.73,1522.10,5267.19,99.4,0.6834,0.982,0.502,0.009,1,0,0,1,0,0,0,0,0.0,99.2,65.0,45.0,5,1,83.4,0,0,1,0.0,680,1.659,3.341,0.5169,97.6,1,7357,0,15,15,0
148089,56674,76088,392.43,1470.00,5267.19,99.4,0.6832,0.982,0.502,0.009,1,0,0,1,0,0,0,0,0.0,99.2,65.0,45.0,5,1,83.4,0,0,1,0.0,680,1.715,3.391,0.5169,97.6,1,7358,0,15,15,0
148109,56709,76121,579.29,1448.62,5267.19,99.4,0.6831,0.982,0.502,0.009,1,0,0,1,0,0,0,0,0.0,99.2,65.0,45.0,5,1,83.4,0,0,1,0.0,680,1.777,3.434,0.5169,97.6,1,7359,0,15,15,0
148129,56738,76182,788.15,1436.73,5267.19,99.4,0.6829,0.982,0.502,0.009,1,0,0,1,0,0,0,0,0.0,99.2,65.0,45.0,5,1,83.4,0,0,1,0.0,680,1.828,3.513,0.5169,97.6,1,7360,0,15,15,0
148149,56791,76241,1001.28,1462.50,5267.19,99.4,0.6828,0.982,0.502,0.009,1,0,0,1,0,0,0,0,0.0,99.2,65.0,45.0,5,1,83.4,0,0,1,0.0,680,1.922,3.590,0.5169,97.6,1,7361,0,15,15,0
148169,56810,76306,1252.35,1528.42,5267.19,99.4,0.6826,0.982,0.502,0.009,1,0,0,1,0,0,0,0,0.0,99.2,65.0,45.0,5,1,83.4,0,0,1,0.0,680,1.955,3.674,0.5169,97.6,1,7362,0,15,15,0
148189,56834,76352,1484.57,1636.77,5267.19,99.3,0.6825,0.981,0.502,0.009,1,0,0,1,0,0,0,0,0.0,99.2,65.0,45.0,5,1,83.4,0,0,1,0.0,680,1.997,3.733,0.5169,97.6,1,7363,0,15,15,0
148209,56869,76406,1684.26,1754.74,5267.19,99.3,0.6823,0.981,0.502,0.009,1,0,0,1,0,0,0,0,0.0,99.2,65.0,45.0,5,1,83.4,0,0,1,0.0,680,2.058,3.802,0.5169,97.6,1,7364,0,15,15,0
148229,56916,76446,1868.51,1877.01,5267.19,99.3,0.6821,0.981,0.502,0.009,1,0,0,1,0,0,0,0,0.0,99.2,65.0,45.0,5,1,83.4,0,0,1,0.0,680,2.141,3.852,0.5169,97.6,1,7365,0,15,15,0
148249,56912,76412,2058.99,1933.64,5267.19,99.3,0.6819,0.980,0.502,0.009,1,0,0,1,0,0,0,0,0.0,99.2,65.0,45.0,5,1,83.4,0,0,1,0.0,680,2.140,3.850,0.5169,97.6,1,7366,0,15,15,0
148269,56877,76341,2182.91,1896.95,5267.19,99.3,0.6816,0.980,0.502,0.008,1,0,0,1,0,0,0,0,0.0,99.2,65.0,45.0,5,1,83.4,0,0,1,0.0,680,2.052,3.739,0.5169,97.6,1,7367,0,15,15,0
148289,56864,76270,2155.29,1672.82,5267.19,99.3,0.6814,0.979,0.501,0.008,1,0,0,1,0,0,0,0,0.0,99.2,65.0,45.0,5,1,83.4,0,0,1,0.0,680,2.016,3.717,0.5169,97.6,1,7368,0,15,15,0
148309,56836,76170,2004.27,1253.05,5267.19,99.2,0.6811,0.978,0.501,0.008,1,0,0,1,0,0,0,0,0.0,99.2,65.0,45.0,5,1,83.4,0,0,1,0.0,680,2.010,3.684,0.5169,97.6,1,7369,0,15,15,0
148329,56779,76020,1733.57,628.02,5267.19,99.2,0.6810,0.978,0.501,0.008,1,0,0,1,0,0,0,0,0.0,99.2,65.0,45.0,5,1,83.4,0,0,1,0.0,680,1.965,3.592,0.5169,97.6,1,7370,0,15,15,0
148349,56729,75865,1312.19,-237.51,5267.19,99.2,0.6812,0.977,0.500,0.008,1,0,0,1,0,0,0,0,0.0,99.2,65.0,45.0,5,1,83.4,0,0,1,0.0,680,1.849,3.398,0.5169,97.6,1,7371,0,15,15,0
148369,56707,75776,766.77,-1320.03,5267.19,99.2,0.6819,0.976,0.499,0.008,1,0,0,1,0,0,0,0,0.0,99.2,65.0,45.0,5,1,83.4,0,0,1,0.0,680,1.764,3.202,0.5169,97.6,1,7372,0,15,15,0
148389,56633,75586,182.95,-2476.57,5267.19,99.1,0.6832,0.975,0.497,0.008,1,0,0,1,0,0,0,0,0.0,99.2,65.0,45.0,5,1,83.4,0,0,1,0.0,680,1.678,3.053,0.5169,97.6,1,7373,0,15,15,0
148409,56532,75335,-487.65,-3763.81,5267.19,99.1,0.6856,0.975,0.496,0.008,1,0,0,1,0,0,0,0,0.0,99.2,65.0,45.0,5,1,83.4,0,0,1,0.0,680,1.544,2.884,0.5169,97.6,1,7374,0,15,15,0
148429,56447,75140,-1294.16,-5255.02,5267.19,99.1,0.6894,0.974,0.494,0.008,1,0,0,1,0,0,0,0,0.0,99.2,65.0,45.0,5,1,83.4,0,0,1,0.0,680,1.434,2.692,0.5169,97.6,1,7375,0,15,15,0
148449,56403,75023,-2198.89,-6857.60,5267.19,99.1,0.6951,0.974,0.492,0.009,1,0,0,1,0,0,0,0,0.0,99.1,65.0,45.0,5,1,83.4,0,0,1,0.0,680,1.280,2.412,0.5169,97.6,1,7376,0,15,15,0
148469,56328,74843,-3087.92,-8394.00,5267.19,99.1,0.7029,0.974,0.490,0.009,1,0,0,1,0,0,0,0,0.0,99.1,65.0,45.0,5,1,83.4,0,0,1,0.0,680,1.112,2.116,0.5169,97.6,1,7377,0,15,15,0
148489,56270,74682,-3964.45,-9871.36,5267.19,99.1,0.7128,0.975,0.489,0.010,1,0,0,1,0,0,0,0,0.0,99.1,65.0,45.0,5,1,83.4,0,0,1,0.0,680,1.142,2.328,0.5169,97.6,1,7378,0,15,15,0
148509,56210,74552,-4791.39,-11259.40,5267.19,99.1,0.7249,0.975,0.487,0.010,1,0,0,1,0,0,0,0,0.0,99.1,65.0,45.0,5,1,83.4,0,0,1,0.0,680,1.248,2.500,0.5169,97.6,1,7379,0,15,15,0
148529,56150,74387,-5555.77,-12501.37,5325.97,99.2,0.7389,0.976,0.486,0.011,1,0,0,1,0,0,0,0,0.0,99.0,65.0,45.0,5,1,83.4,0,0,1,0.0,680,1.354,2.719,0.5169,97.6,1,7380,0,15,15,0
148549,56085,74234,-6253.24,-13629.61,5551.62,99.2,0.7544,0.977,0.486,0.011,1,0,0,1,0,0,0,0,0.0,99.0,65.0,45.0,5,1,83.4,0,0,1,0.0,680,1.469,2.922,0.5169,97.6,1,7381,0,15,15,0
148569,56035,74102,-6893.22,-14644.64,5754.63,99.2,0.7709,0.978,0.486,0.012,1,0,0,1,0,0,0,0,0.0,99.0,65.0,45.0,5,1,83.4,0,0,1,0.0,680,1.558,3.097,0.5169,97.6,1,7382,0,15,15,0
148589,55961,73942,-7453.38,-15522.63,5930.23,99.3,0.7876,0.979,0.486,0.012,1,0,0,1,0,0,0,0,0.0,99.0,65.0,45.0,5,1,83.4,0,0,1,0.0,680,1.689,3.310,0.5169,97.6,1,7383,0,15,15,0
148609,55896,73817,-7973.58,-16301.58,6086.02,99.3,0.8040,0.980,0.486,0.012,1,0,0,1,0,0,0,0,0.0,99.0,65.0,45.0,5,1,83.4,0,0,1,0.0,680,1.805,3.476,0.5169,97.6,1,7384,0,15,15,0
148629,55877,73783,-8453.19,-16953.71,6216.44,99.3,0.8194,0.980,0.487,0.012,1,0,0,1,0,0,0,0,0.0,99.0,65.0,45.0,5,1,83.4,0,0,1,0.0,680,1.839,3.523,0.5169,97.6,1,7385,0,15,15,0
148649,55921,73864,-8773.45,-17306.62,6287.02,99.3,0.8330,0.981,0.488,0.012,1,0,0,1,0,0,0,0,0.0,99.0,65.0,45.0,5,1,83.4,0,0,1,0.0,680,1.839,3.525,0.5169,97.6,1,7386,0,15,15,0
148669,55975,73993,-8859.67,-17264.19,6287.02,99.4,0.8440,0.982,0.489,0.012,1,0,0,1,0,0,0,0,0.0,99.0,65.0,45.0,5,1,83.4,0,0,1,0.0,680,1.839,3.526,0.5169,97.6,1,7387,0,15,15,0
148689,56064,74186,-8661.23,-16731.61,6287.02,99.4,0.8514,0.982,0.489,0.012,1,0,0,1,0,0,0,0,0.0,99.0,65.0,45.0,5,1,83.4,0,0,1,0.0,680,1.840,3.528,0.5169,97.6,1,7388,0,15,15,0
148709,56146,74339,-8136.69,-15658.18,6287.02,99.4,0.8546,0.982,0.489,0.012,1,0,0,1,0,0,0,0,0.0,99.0,65.0,45.0,5,1,83.4,0,0,1,0.0,680,1.840,3.529,0.5169,97.6,1,7389,0,15,15,0
148729,56215,74496,-7334.46,-14166.63,6287.02,99.4,0.8535,0.982,0.489,0.011,1,0,0,1,0,0,0,0,0.0,99.0,65.0,45.0,5,1,83.4,0,0,1,0.0,680,1.840,3.530,0.5169,97.6,1,7390,0,15,15,0
148749,56291,74646,-6346.08,-12376.06,6287.02,99.4,0.8483,0.982,0.489,0.011,1,0,0,1,0,0,0,0,0.0,99.1,65.0,45.0,5,1,83.4,0,0,1,0.0,680,1.840,3.531,0.5169,97.6,1,7391,0,15,15,0
148769,56353,74829,-5232.47,-10404.63,6278.88,99.3,0.8396,0.981,0.488,0.011,1,0,0,1,0,0,0,0,0.0,99.1,65.0,45.0,5,1,83.4,0,0,1,0.0,680,1.840,3.532,0.5169,97.6,1,7392,0,15,15,0
148789,56441,75040,-4072.76,-8299.89,6239.94,99.3,0.8281,0.981,0.487,0.011,1,0,0,1,0,0,0,0,0.0,99.1,65.0,45.0,5,1,83.4,0,0,1,0.0,680,1.840,3.532,0.5169,97.6,1,7393,0,15,15,0
148809,56500,75237,-2869.37,-6082.10,6172.50,99.3,0.8148,0.980,0.485,0.011,1,0,0,1,0,0,0,0,0.0,99.1,65.0,45.0,5,1,83.4,0,0,1,0.0,680,1.840,3.533,0.5169,97.6,1,7394,0,15,15,0
148829,56542,75400,-1694.15,-3816.51,6078.03,99.3,0.8005,0.980,0.484,0.011,1,0,0,1,0,0,0,0,0.0,99.1,65.0,45.0,5,1,83.4,0,0,1,0.0,680,1.840,3.533,0.5169,97.6,1,7395,0,15,15,0
148849,56604,75564,-614.44,-1605.18,5963.92,99.3,0.7863,0.979,0.482,0.011,1,0,0,1,0,0,0,0,0.0,99.0,65.0,45.0,5,1,83.4,0,0,1,0.0,680,1.840,3.533,0.5169,97.6,1,7396,0,15,15,0
148869,56626,75706,382.52,498.22,5833.46,99.2,0.7731,0.978,0.481,0.011,1,0,0,1,0,0,0,0,0.0,99.0,65.0,45.0,5,1,83.4,0,0,1,0.0,680,1.840,3.533,0.5169,97.6,1,7397,0,15,15,0
148889,56660,75803,1231.41,2436.86,5685.50,99.2,0.7616,0.977,0.479,0.011,1,0,0,1,0,0,0,0,0.0,99.0,65.0,45.0,5,1,83.4,0,0,1,0.0,680,1.840,3.533,0.5169,97.6,1,7398,0,15,15,0
148909,56684,75906,1941.05,4131.01,5522.44,99.2,0.7525,0.977,0.478,0.012,1,0,0,1,0,0,0,0,0.0,99.0,65.0,45.0,5,1,83.4,0,0,1,0.0,680,1.839,3.533,0.5169,97.6,1,7399,0,15,15,0
148929,56722,75995,2510.23,5575.44,5337.68,99.2,0.7460,0.977,0.476,0.012,1,0,0,1,0,0,0,0,0.0,98.9,65.0,45.0,5,1,83.4,0,0,1,0.0,680,1.839,3.533,0.5169,97.6,1,7400,0,15,15,0
148949,56759,76039,2978.88,6770.87,5124.97,99.2,0.7424,0.976,0.474,0.013,1,0,0,1,0,0,0,0,0.0,98.9,65.0,45.0,5,1,83.4,0,0,1,0.0,680,1.839,3.533,0.5169,97.6,1,7401,0,15,15,0
148969,56773,76083,3371.26,7680.25,5036.80,99.2,0.7415,0.976,0.472,0.013,1,0,0,1,0,0,0,0,0.0,98.9,65.0,45.0,5,1,83.4,0,0,1,0.0,680,1.839,3.532,0.5169,97.6,1,7402,0,15,15,0
148989,56775,76103,3662.27,8320.92,5125.51,99.2,0.7432,0.976,0.470,0.014,1,0,0,1,0,0,0,0,0.0,98.8,65.0,45.0,5,1,83.4,0,0,1,0.0,680,1.839,3.532,0.5169,97.6,1,7403,0,15,15,0
149009,56743,76077,3827.86,8672.23,5195.77,99.2,0.7469,0.977,0.469,0.014,1,0,0,1,0,0,0,0,0.0,98.8,65.0,45.0,5,1,83.4,0,0,1,0.0,680,1.839,3.532,0.5169,97.6,1,7404,0,15,15,0
149029,56726,76036,3820.12,8755.88,5212.50,99.2,0.7520,0.977,0.467,0.015,1,0,0,1,0,0,0,0,0.0,98.8,65.0,45.0,5,1,83.4,0,0,1,0.0,680,1.839,3.532,0.5169,97.6,1,7405,0,15,15,0
149049,56690,76018,3668.59,8570.67,5212.50,99.2,0.7580,0.977,0.466,0.015,1,0,0,1,0,0,0,0,0.0,98.7,65.0,45.0,5,1,83.4,0,0,1,0.0,680,1.838,3.532,0.5169,97.6,1,7406,0,15,15,0
149069,56653,75991,3373.08,8188.08,5212.50,99.2,0.7642,0.978,0.465,0.016,1,0,0,1,0,0,0,0,0.0,98.7,65.0,45.0,5,1,83.4,0,0,1,0.0,680,1.838,3.532,0.5169,97.6,1,7407,0,15,15,0
149089,56641,75996,2955.56,7663.65,5212.50,99.2,0.7701,0.978,0.464,0.016,1,0,0,1,0,0,0,0,0.0,98.7,65.0,45.0,5,1,83.4,0,0,1,0.0,680,1.838,3.532,0.5169,97.6,1,7408,0,15,15,0
149109,56622,76018,2492.34,7075.09,5212.50,99.2,0.7755,0.978,0.463,0.017,1,0,0,1,0,0,0,0,0.0,98.6,65.0,45.0,5,1,83.4,0,0,1,0.0,680,1.839,3.532,0.5169,97.6,1,7409,0,15,15,0
149129,56605,76030,2012.69,6498.20,5212.50,99.2,0.7800,0.978,0.461,0.017,1,0,0,1,0,0,0,0,0.0,98.6,65.0,45.0,5,1,83.4,0,0,1,0.0,680,1.839,3.532,0.5169,97.6,1,7410,0,15,15,0
149149,56600,76024,1539.00,5944.88,5212.50,99.2,0.7834,0.978,0.460,0.018,1,0,0,1,0,0,0,0,0.0,98.6,65.0,45.0,5,1,83.4,0,0,1,0.0,680,1.839,3.533,0.5169,97.6,1,7411,0,15,15,0
149169,56576,76022,1105.76,5412.74,5212.50,99.2,0.7856,0.978,0.459,0.018,1,0,0,1,0,0,0,0,0.0,98.5,65.0,45.0,5,1,83.4,0,0,1,0.0,680,1.839,3.533,0.5169,97.6,1,7412,0,15,15,0
149189,56573,76030,690.48,4902.04,5212.50,99.2,0.7863,0.977,0.458,0.019,1,0,0,1,0,0,0,0,0.0,98.5,65.0,45.0,5,1,83.4,0,0,1,0.0,680,1.839,3.533,0.5169,97.6,1,7413,0,15,15,0
149209,56575,76037,327.18,4422.11,5212.50,99.2,0.7856,0.976,0.457,0.019,1,0,0,1,0,0,0,0,0.0,98.5,65.0,45.0,5,1,83.4,0,0,1,0.0,680,1.839,3.533,0.5169,97.6,1,7414,0,15,15,0
149229,56576,76052,27.28,3977.54,5212.50,99.1,0.7832,0.975,0.456,0.019,1,0,0,1,0,0,0,0,0.0,98.4,65.0,45.0,5,1,83.4,0,0,1,0.0,680,1.832,3.489,0.5169,97.6,1,7415,0,15,15,0
149249,56598,76070,-209.27,3579.54,5212.50,99.1,0.7794,0.974,0.455,0.020,1,0,0,1,0,0,0,0,0.0,98.4,65.0,45.0,5,1,83.4,0,0,1,0.0,680,1.771,3.395,0.5169,97.6,1,7416,0,15,15,0
149269,56580,76083,-384.11,3233.16,5212.50,99.0,0.7740,0.972,0.453,0.020,1,0,0,1,0,0,0,0,0.0,98.4,65.0,45.0,5,1,83.4,0,0,1,0.0,680,1.748,3.301,0.5169,97.6,1,7417,0,15,15,0
149289,56591,76081,-492.60,2926.09,5212.50,99.0,0.7672,0.971,0.452,0.021,1,0,0,1,0,0,0,0,0.0,98.3,65.0,45.0,5,1,83.4,0,0,1,0.0,680,1.698,3.168,0.5169,97.6,1,7418,0,15,15,0
149309,56598,76100,-561.61,2637.79,5212.50,98.9,0.7594,0.969,0.450,0.021,1,0,0,1,0,0,0,0,0.0,98.3,65.0,45.0,5,1,83.4,0,0,1,0.0,680,1.598,3.079,0.5169,97.6,1,7419,0,15,15,0
149329,56622,76135,-594.44,2379.93,5212.50,98.9,0.7512,0.967,0.449,0.021,1,0,0,1,0,0,0,0,0.0,98.2,65.0,45.0,5,1,83.4,0,0,1,0.0,680,1.591,3.122,0.5169,97.6,1,7420,0,15,15,0
149349,56627,76164,-566.52,2179.33,5212.50,98.8,0.7429,0.966,0.447,0.022,1,0,0,1,0,0,0,0,0.0,98.2,65.0,45.0,5,1,83.4,0,0,1,0.0,680,1.591,3.160,0.5169,97.6,1,7421,0,15,15,0
149369,56660,76181,-511.64,2031.81,5212.50,98.8,0.7349,0.965,0.446,0.022,1,0,0,1,0,0,0,0,0.0,98.2,65.0,45.0,5,1,83.4,0,0,1,0.0,680,1.591,3.182,0.5169,97.6,1,7422,0,15,15,0
149389,56669,76237,-397.15,1912.52,5212.50,98.7,0.7278,0.963,0.445,0.022,1,0,0,1,0,0,0,0,0.0,98.1,65.0,45.0,5,1,83.4,0,0,1,0.0,680,1.591,3.256,0.5169,97.6,1,7423,0,15,15,0
149409,56698,76255,-263.35,1861.04,5212.50,98.7,0.7219,0.963,0.445,0.023,1,0,0,1,0,0,0,0,0.0,98.1,65.0,45.0,5,1,83.4,0,0,1,0.0,680,1.591,3.279,0.5169,97.6,1,7424,0,15,15,0
149429,56730,76309,-94.44,1831.83,5212.50,98.7,0.7174,0.962,0.444,0.023,1,0,0,1,0,0,0,0,0.0,98.1,65.0,45.0,5,1,83.4,0,0,1,0.0,680,1.590,3.350,0.5169,97.6,1,7425,0,15,15,0
149449,56764,76350,114.52,1851.98,5212.50,98.7,0.7142,0.961,0.444,0.023,1,0,0,1,0,0,0,0,0.0,98.1,65.0,45.0,5,1,83.4,0,0,1,0.0,680,1.590,3.403,0.5169,97.6,1,7426,0,15,15,0
149469,56797,76402,361.13,1906.90,5212.50,98.6,0.7123,0.961,0.444,0.023,1,0,0,1,0,0,0,0,0.0,98.0,65.0,45.0,5,1,83.4,0,0,1,0.0,680,1.629,3.470,0.5169,97.6,1,7427,0,15,15,0
149489,56825,76429,634.43,1999.54,5212.50,98.6,0.7114,0.961,0.444,0.023,1,0,0,1,0,0,0,0,0.0,98.0,65.0,45.0,5,1,83.4,0,0,1,0.0,680,1.678,3.504,0.5169,97.6,1,7428,0,15,15,0
149509,56868,76443,914.10,2090.23,5212.50,98.6,0.7113,0.961,0.445,0.023,1,0,0,1,0,0,0,0,0.0,98.1,65.0,45.0,5,1,83.4,0,0,1,0.0,680,1.754,3.521,0.5169,97.6,1,7429,0,15,15,0
149529,56887,76490,1215.22,2144.25,5212.50,98.7,0.7116,0.962,0.445,0.023,1,0,0,1,0,0,0,0,0.0,98.1,65.0,45.0,5,1,83.4,0,0,1,0.0,680,1.787,3.581,0.5169,97.6,1,7430,0,15,15,0
149549,56916,76542,1493.94,2196.87,5212.50,98.7,0.7116,0.962,0.445,0.023,1,0,0,1,0,0,0,0,0.0,98.1,65.0,45.0,5,1,83.4,0,0,1,0.0,680,1.838,3.648,0.5169,97.6,1,7431,0,15,15,0
149569,56925,76566,1750.93,2268.47,5212.50,98.7,0.7112,0.961,0.445,0.022,1,0,0,1,0,0,0,0,0.0,98.1,65.0,45.0,5,1,83.4,0,0,1,0.0,680,1.853,3.677,0.5169,97.6,1,7432,0,15,15,0
149589,56940,76551,1950.55,2305.08,5212.50,98.6,0.7100,0.961,0.444,0.022,1,0,0,1,0,0,0,0,0.0,98.1,65.0,45.0,5,1,83.4,0,0,1,0.0,680,1.879,3.675,0.5169,97.6,1,7433,0,15,15,0
149609,56951,76554,2095.47,2281.12,5212.50,98.6,0.7081,0.960,0.444,0.022,1,0,0,1,0,0,0,0,0.0,98.1,65.0,45.0,5,1,83.4,0,0,1,0.0,680,1.898,3.672,0.5169,97.6,1,7434,0,15,15,0
149629,56939,76491,2165.95,2186.99,5212.50,98.6,0.7055,0.959,0.443,0.022,1,0,0,1,0,0,0,0,0.0,98.1,65.0,45.0,5,1,83.4,0,0,1,0.0,680,1.819,3.563,0.5169,97.6,1,7435,0,15,15,0
149649,56934,76416,2162.21,1952.62,5212.50,98.5,0.7022,0.958,0.442,0.021,1,0,0,1,0,0,0,0,0.0,98.1,65.0,45.0,5,1,83.4,0,0,1,0.0,680,1.723,3.390,0.5169,97.6,1,7436,0,15,15,0
149669,56890,76299,2087.84,1552.22,5212.50,98.5,0.6982,0.956,0.442,0.021,1,0,0,1,0,0,0,0,0.0,98.1,65.0,45.0,5,1,83.4,0,0,1,0.0,680,1.566,3.134,0.5169,97.6,1,7437,0,15,15,0
149689,56812,76082,1884.52,946.97,5212.50,98.4,0.6939,0.954,0.442,0.021,1,0,0,1,0,0,0,0,0.0,98.1,65.0,45.0,5,1,83.4,0,0,1,0.0,680,1.421,2.931,0.5169,97.6,1,7438,0,15,15,0
149709,56705,75818,1487.86,22.14,5212.50,98.3,0.6894,0.952,0.442,0.020,1,0,0,1,0,0,0,0,0.0,98.1,65.0,45.0,5,1,83.4,0,0,1,0.0,680,1.298,2.724,0.5169,97.6,1,7439,0,15,15,0
149729,56605,75565,851.65,-1275.64,5212.50,98.3,0.6851,0.951,0.442,0.020,1,0,0,1,0,0,0,0,0.0,98.1,65.0,45.0,5,1,83.4,0,0,1,0.0,680,1.164,2.525,0.5169,97.6,1,7440,0,15,15,0
149749,56521,75344,11.75,-2884.49,5212.50,98.2,0.6815,0.949,0.442,0.020,1,0,0,1,0,0,0,0,0.0,98.1,65.0,45.0,5,1,83.4,0,0,1,0.0,680,1.055,2.284,0.5169,97.6,1,7441,0,15,15,0
149769,56422,75139,-949.56,-4673.19,5212.50,98.2,0.6792,0.948,0.442,0.019,1,0,0,1,0,0,0,0,0.0,98.0,65.0,45.0,5,1,83.4,0,0,1,0.0,680,0.933,2.007,0.5169,97.6,1,7442,0,15,15,0
149789,56317,74871,-1998.30,-6521.60,5212.50,98.2,0.6785,0.948,0.441,0.019,1,0,0,1,0,0,0,0,0.0,98.0,65.0,45.0,5,1,83.4,0,0,1,0.0,680,1.118,2.229,0.5169,97.6,1,7443,0,15,15,0
149809,56207,74596,-3107.85,-8438.24,5212.50,98.2,0.6801,0.948,0.442,0.019,1,0,0,1,0,0,0,0,0.0,98.1,65.0,45.0,5,1,83.4,0,0,1,0.0,680,1.312,2.591,0.5169,97.6,1,7444,0,15,15,0
149829,56145,74434,-4256.01,-10405.90,5212.50,98.2,0.6844,0.949,0.442,0.018,1,0,0,1,0,0,0,0,0.0,98.2,65.0,45.0,5,1,83.4,0,0,1,0.0,680,1.422,2.805,0.5169,97.6,1,7445,0,15,15,0
149849,56115,74355,-5328.89,-12235.87,5212.50,98.3,0.6916,0.951,0.443,0.018,1,0,0,1,0,0,0,0,0.0,98.3,65.0,45.0,5,1,83.4,0,0,1,0.0,680,1.475,2.910,0.5169,97.6,1,7446,0,15,15,0
149869,56047,74207,-6221.95,-13739.50,5212.50,98.4,0.7012,0.953,0.444,0.017,1,0,0,1,0,0,0,0,0.0,98.4,65.0,45.0,5,1,83.4,0,0,1,0.0,680,1.596,3.106,0.5169,97.6,1,7447,0,15,15,0
149889,56006,74061,-6978.72,-14965.52,5212.50,98.5,0.7129,0.956,0.446,0.017,1,0,0,1,0,0,0,0,0.0,98.4,65.0,45.0,5,1,83.4,0,0,1,0.0,680,1.668,3.299,0.5169,97.6,1,7448,0,15,15,0
149909,56006,74083,-7579.65,-15928.27,5212.50,98.5,0.7260,0.958,0.448,0.016,1,0,0,1,0,0,0,0,0.0,98.5,65.0,45.0,5,1,83.4,0,0,1,0.0,680,1.669,3.301,0.5169,97.6,1,7449,0,15,15,0
149929,56040,74132,-7958.42,-16492.28,5212.50,98.6,0.7398,0.961,0.450,0.015,1,0,0,1,0,0,0,0,0.0,98.6,65.0,45.0,5,1,83.4,0,0,1,0.0,680,1.669,3.303,0.5169,97.6,1,7450,0,15,15,0
149949,56096,74209,-8054.38,-16587.06,5212.50,98.7,0.7531,0.963,0.453,0.014,1,0,0,1,0,0,0,0,0.0,98.7,65.0,45.0,5,1,83.4,0,0,1,0.0,680,1.670,3.304,0.5169,97.6,1,7451,0,15,15,0
149969,56147,74286,-7842.80,-16212.09,5212.50,98.8,0.7652,0.965,0.455,0.013,1,0,0,1,0,0,0,0,0.0,98.8,65.0,45.0,5,1,83.4,0,0,1,0.0,680,1.670,3.306,0.5169,97.6,1,7452,0,15,15,0
149989,56216,74428,-7369.37,-15438.17,5212.50,98.8,0.7755,0.966,0.456,0.012,1,0,0,1,0,0,0,0,0.0,98.8,65.0,45.0,5,1,83.4,0,0,1,0.0,680,1.670,3.307,0.5169,97.6,1,7453,0,15,15,0
150009,56319,74644,-6662.43,-14270.04,5212.50,98.8,0.7835,0.967,0.457,0.011,1,0,0,1,0,0,0,0,0.0,98.9,65.0,45.0,5,1,83.4,0,0,1,0.0,680,1.670,3.309,0.5169,97.6,1,7454,0,15,15,0
150029,56398,74844,-5712.41,-12676.68,5212.50,98.9,0.7889,0.968,0.457,0.011,1,0,0,1,0,0,0,0,0.0,99.0,65.0,45.0,5,1,83.4,0,0,1,0.0,680,1.671,3.310,0.5169,97.6,1,7455,0,15,15,0
150049,56486,74991,-4603.72,-10744.21,5212.50,98.9,0.7919,0.968,0.457,0.010,1,0,0,1,0,0,0,0,0.0,99.0,65.0,45.0,5,1,83.4,0,0,1,0.0,680,1.671,3.310,0.5169,97.6,1,7456,0,15,15,0
150069,56515,75124,-3388.20,-8647.63,5212.50,98.9,0.7930,0.968,0.457,0.010,1,0,0,1,0,0,0,0,0.0,99.0,65.0,45.0,5,1,83.4,0,0,1,0.0,680,1.671,3.311,0.5169,97.6,1,7457,0,15,15,0
150089,56577,75263,-2221.56,-6520.85,5212.50,98.9,0.7927,0.968,0.457,0.009,1,0,0,1,0,0,0,0,0.0,99.1,65.0,45.0,5,1,83.4,0,0,1,0.0,680,1.671,3.312,0.5169,97.6,1,7458,0,15,15,0
150109,56614,75402,-1110.98,-4434.54,5212.50,98.9,0.7916,0.968,0.456,0.009,1,0,0,1,0,0,0,0,0.0,99.1,65.0,45.0,5,1,83.4,0,0,1,0.0,680,1.671,3.312,0.5169,97.6,1,7459,0,15,15,0
150129,56686,75544,-107.24,-2431.24,5212.50,98.8,0.7904,0.967,0.456,0.008,1,0,0,1,0,0,0,0,0.0,99.1,65.0,45.0,5,1,83.4,0,0,1,0.0,680,1.671,3.313,0.5169,97.6,1,7460,0,15,15,0
150149,56713,75669,838.67,-531.18,5212.50,98.8,0.7896,0.967,0.457,0.008,1,0,0,1,0,0,0,0,0.0,99.1,65.0,45.0,5,1,83.4,0,0,1,0.0,680,1.671,3.313,0.5169,97.6,1,7461,0,15,15,0
150169,56740,75753,1663.99,1230.97,5212.50,98.8,0.7894,0.966,0.457,0.007,1,0,0,1,0,0,0,0,0.0,99.2,65.0,45.0,5,1,83.4,0,0,1,0.0,680,1.671,3.313,0.5169,97.6,1,7462,0,15,15,0
150189,56768,75863,2352.79,2788.17,5212.50,98.8,0.7902,0.966,0.457,0.007,1,0,0,1,0,0,0,0,0.0,99.2,65.0,45.0,5,1,83.4,0,0,1,0.0,680,1.671,3.314,0.5169,97.6,1,7463,0,15,15,0
150209,56792,75916,2913.57,4163.32,5212.50,98.8,0.7920,0.966,0.458,0.007,1,0,0,1,0,0,0,0,0.0,99.2,65.0,45.0,5,1,83.4,0,0,1,0.0,680,1.670,3.314,0.5169,97.6,1,7464,0,15,15,0
150229,56804,75972,3355.60,5300.95,5212.50,98.8,0.7948,0.967,0.458,0.006,1,0,0,1,0,0,0,0,0.0,99.2,65.0,45.0,5,1,83.4,0,0,1,0.0,680,1.670,3.314,0.5169,97.6,1,7465,0,15,15,0
150249,56822,76015,3673.65,6205.91,5212.50,98.9,0.7985,0.967,0.459,0.006,1,0,0,1,0,0,0,0,0.0,99.2,65.0,45.0,5,1,83.4,0,0,1,0.0,680,1.670,3.314,0.5169,97.6,1,7466,0,15,15,0
150269,56830,76062,3891.23,6887.23,5212.50,98.9,0.8030,0.968,0.459,0.006,1,0,0,1,0,0,0,0,0.0,99.3,65.0,45.0,5,1,83.4,0,0,1,0.0,680,1.670,3.314,0.5169,97.6,1,7467,0,15,15,0
150289,56818,76124,3997.42,7379.50,5212.50,98.9,0.8082,0.969,0.459,0.006,1,0,0,1,0,0,0,0,0.0,99.3,65.0,45.0,5,1,83.4,0,0,1,0.0,680,1.670,3.314,0.5169,97.6,1,7468,0,15,15,0
150309,56822,76190,4002.71,7739.29,5212.50,98.9,0.8140,0.970,0.458,0.006,1,0,0,1,0,0,0,0,0.0,99.3,65.0,45.0,5,1,83.4,0,0,1,0.0,680,1.670,3.314,0.5169,97.6,1,7469,0,15,15,0
150329,56823,76228,3925.71,8009.93,5212.50,99.0,0.8203,0.971,0.458,0.005,1,0,0,1,0,0,0,0,0.0,99.3,65.0,45.0,5,1,83.4,0,0,1,0.0,680,1.670,3.314,0.5169,97.6,1,7470,0,15,15,0
150349,56804,76242,3786.38,8180.24,5212.50,99.0,0.8270,0.972,0.458,0.005,1,0,0,1,0,0,0,0,0.0,99.4,65.0,45.0,5,1,83.4,0,0,1,0.0,680,1.670,3.314,0.5169,97.6,1,7471,0,15,15,0
150369,56812,76230,3584.77,8208.66,5212.50,99.1,0.8338,0.973,0.457,0.005,1,0,0,1,0,0,0,0,0.0,99.4,65.0,45.0,5,1,83.4,0,0,1,0.0,680,1.669,3.313,0.5169,97.6,1,7472,0,15,15,0
150389,56805,76202,3337.02,8095.15,5212.50,99.1,0.8404,0.974,0.457,0.005,1,0,0,1,0,0,0,0,0.0,99.4,65.0,45.0,5,1,83.4,0,0,1,0.0,680,1.669,3.314,0.5169,97.6,1,7473,0,15,15,0
150409,56797,76170,3071.20,7822.65,5212.50,99.1,0.8464,0.975,0.456,0.004,1,0,0,1,0,0,0,0,0.0,99.4,65.0,45.0,5,1,83.4,0,0,1,0.0,680,1.669,3.314,0.5169,97.6,1,7474,0,15,15,0
150429,56812,76180,2803.53,7417.55,5212.50,99.1,0.8512,0.975,0.456,0.004,1,0,0,1,0,0,0,0,0.0,99.5,65.0,45.0,5,1,83.4,0,0,1,0.0,680,1.669,3.314,0.5169,97.6,1,7475,0,15,15,0
150449,56791,76187,2528.57,6943.04,5212.50,99.2,0.8546,0.976,0.456,0.004,1,0,0,1,0,0,0,0,0.0,99.5,65.0,45.0,5,1,83.4,0,0,1,0.0,680,1.669,3.314,0.5169,97.6,1,7476,0,15,15,0
150469,56781,76219,2251.10,6448.23,5212.50,99.2,0.8562,0.976,0.456,0.004,1,0,0,1,0,0,0,0,0.0,99.5,65.0,45.0,5,1,83.4,0,0,1,0.0,680,1.669,3.314,0.5169,97.6,1,7477,0,15,15,0
150489,56802,76243,1986.72,5993.88,5212.50,99.2,0.8558,0.976,0.456,0.003,1,0,0,1,0,0,0,0,0.0,99.5,65.0,45.0,5,1,83.4,0,0,1,0.0,680,1.669,3.314,0.5169,97.6,1,7478,0,15,15,0
150509,56790,76255,1740.29,5591.26,5212.50,99.2,0.8533,0.976,0.456,0.003,1,0,0,1,0,0,0,0,0.0,99.5,65.0,45.0,5,1,83.4,0,0,1,0.0,680,1.669,3.314,0.5169,97.6,1,7479,0,15,15,0
150529,56764,76236,1515.07,5207.71,5212.50,99.1,0.8486,0.975,0.456,0.003,1,0,0,1,0,0,0,0,0.0,99.5,65.0,45.0,5,1,83.4,0,0,1,0.0,680,1.669,3.315,0.5169,97.6,1,7480,0,15,15,0
150549,56751,76241,1264.04,4827.36,5212.50,99.1,0.8417,0.975,0.456,0.003,1,0,0,1,0,0,0,0,0.0,99.6,65.0,45.0,5,1,83.4,0,0,1,0.0,680,1.669,3.315,0.5169,97.6,1,7481,0,15,15,0
150569,56752,76260,999.61,4448.95,5212.50,99.1,0.8324,0.974,0.455,0.003,1,0,0,1,0,0,0,0,0.0,99.6,65.0,45.0,5,1,83.4,0,0,1,0.0,680,1.670,3.299,0.5169,97.6,1,7482,0,15,15,0
150589,56736,76275,751.23,4100.49,5212.50,99.0,0.8209,0.973,0.454,0.002,1,0,0,1,0,0,0,0,0.0,99.5,65.0,45.0,5,1,83.4,0,0,1,0.0,680,1.670,3.299,0.5169,97.6,1,7483,0,15,15,0
150609,56775,76307,534.44,3786.19,5212.50,99.0,0.8070,0.971,0.452,0.003,1,0,0,1,0,0,0,0,0.0,99.5,65.0,45.0,5,1,83.4,0,0,1,0.0,680,1.649,3.216,0.5169,97.6,1,7484,0,15,15,0
150629,56775,76347,392.76,3528.23,5212.50,98.9,0.7909,0.970,0.450,0.003,1,0,0,1,0,0,0,0,0.0,99.5,65.0,45.0,5,1,83.4,0,0,1,0.0,680,1.640,3.117,0.5169,97.6,1,7485,0,15,15,0
150649,56802,76390,292.31,3339.97,5204.02,98.9,0.7731,0.968,0.447,0.003,1,0,0,1,0,0,0,0,0.0,99.5,65.0,45.0,5,1,83.4,0,0,1,0.0,680,1.562,3.083,0.5169,97.6,1,7486,0,15,15,0
150669,56808,76414,263.06,3221.82,5097.50,98.8,0.7544,0.966,0.444,0.004,1,0,0,1,0,0,0,0,0.0,99.4,65.0,45.0,5,1,83.4,0,0,1,0.0,680,1.456,3.114,0.5169,97.6,1,7487,0,15,15,0
150689,56837,76424,268.73,3138.33,5068.59,98.7,0.7358,0.964,0.440,0.004,1,0,0,1,0,0,0,0,0.0,99.3,65.0,45.0,5,1,83.4,0,0,1,0.0,680,1.469,3.127,0.5169,97.6,1,7488,0,15,15,0
150709,56816,76423,292.88,3049.91,5068.59,98.7,0.7186,0.962,0.436,0.005,1,0,0,1,0,0,0,0,0.0,99.2,65.0,45.0,5,1,83.4,0,0,1,0.0,680,1.468,3.127,0.5169,97.6,1,7489,0,15,15,0
150729,56829,76424,334.85,2930.75,5068.59,98.6,0.7038,0.960,0.433,0.006,1,0,0,1,0,0,0,0,0.0,99.2,65.0,45.0,5,1,0.0,0,0,0,0.0,680,1.468,3.126,0.5169,97.6,1,7490,0,15,15,0
150749,56853,76447,367.68,2774.29,5068.59,98.5,0.6918,0.958,0.430,0.007,1,0,0,1,0,0,0,0,0.0,99.1,65.0,45.0,5,1,0.0,0,0,0,0.0,680,1.496,3.156,0.5169,97.6,1,7491,0,15,15,0
150769,56878,76491,424.89,2615.67,5068.59,98.5,0.6828,0.957,0.429,0.009,1,0,0,1,0,0,0,0,0.0,99.0,65.0,45.0,5,1,0.0,0,0,0,0.0,680,1.540,3.213,0.5169,97.6,1,7492,0,15,15,0
150789,56900,76525,517.62,2499.05,5068.59,98.5,0.6767,0.956,0.428,0.010,1,0,0,1,0,0,0,0,0.0,98.9,65.0,45.0,5,1,0.0,0,0,0,0.0,680,1.579,3.256,0.5169,97.6,1,7493,0,15,15,0
150809,56925,76543,638.65,2423.27,5068.59,98.4,0.6731,0.955,0.428,0.011,1,0,0,1,0,0,0,0,0.0,98.8,65.0,45.0,5,1,0.0,0,0,0,0.0,680,1.623,3.278,0.5169,97.6,1,7494,0,15,15,0
150829,56937,76596,784.95,2360.47,5068.59,98.4,0.6713,0.955,0.428,0.012,1,0,0,1,0,0,0,0,0.0,98.8,65.0,45.0,5,1,0.0,0,0,0,0.0,680,1.643,3.346,0.5169,97.6,1,7495,0,15,15,0
150849,57002,76662,926.38,2344.95,5068.59,98.4,0.6709,0.955,0.428,0.012,1,0,0,1,0,0,0,0,0.0,98.7,65.0,45.0,5,1,0.0,0,0,0,0.0,680,1.758,3.431,0.5169,97.6,1,7496,0,15,15,0
150869,57041,76730,1145.85,2400.87,5068.59,98.4,0.6709,0.955,0.428,0.013,1,0,0,1,0,0,0,0,0.0,98.7,65.0,45.0,5,1,0.0,0,0,0,0.0,680,1.826,3.519,0.5169,97.6,1,7497,0,15,15,0
150889,57075,76799,1415.91,2529.12,5068.59,98.4,0.6709,0.955,0.428,0.013,1,0,0,1,0,0,0,0,0.0,98.6,65.0,45.0,5,1,0.0,0,0,0,0.0,680,1.885,3.578,0.5169,97.6,1,7498,0,15,15,0
150909,57109,76834,1705.88,2718.85,5068.59,98.4,0.6705,0.955,0.428,0.014,1,0,0,1,0,0,0,0,0.0,98.6,65.0,45.0,5,1,0.0,0,0,0,0.0,680,1.884,3.557,0.5169,97.6,1,7499,0,15,15,0
150929,57145,76861,1997.15,2908.18,5068.59,98.4,0.6693,0.954,0.428,0.014,1,0,0,1,0,0,0,0,0.0,98.6,65.0,45.0,5,1,0.0,0,0,0,0.0,680,1.848,3.489,0.5169,97.6,1,7500,0,15,15,0
150949,57190,76898,2282.35,3058.83,5068.59,98.4,0.6672,0.953,0.428,0.014,1,0,0,1,0,0,0,0,0.0,98.6,65.0,45.0,5,1,0.0,0,0,0,0.0,680,1.837,3.434,0.5169,97.6,1,7501,0,15,15,0
150969,57226,76928,2572.45,3172.53,5068.59,98.3,0.6643,0.952,0.429,0.014,1,0,0,1,0,0,0,0,0.0,98.6,65.0,45.0,5,1,0.0,0,0,0,0.0,680,1.778,3.284,0.5169,97.6,1,7502,0,15,15,0
150989,57254,76927,2851.56,3243.02,5068.59,98.3,0.6607,0.950,0.429,0.014,1,0,0,1,0,0,0,0,0.0,98.5,65.0,45.0,5,1,0.0,0,0,0,0.0,680,1.646,2.999,0.5169,97.6,1,7503,0,15,15,0
151009,57281,76913,3097.16,3233.84,5068.59,98.2,0.6566,0.948,0.430,0.014,1,0,0,1,0,0,0,0,0.0,98.4,65.0,45.0,5,1,0.0,0,0,0,0.0,680,1.554,2.734,0.5169,97.6,1,7504,0,15,15,0
151029,57306,76891,3300.31,3122.76,5031.55,98.1,0.6523,0.945,0.430,0.014,1,0,0,1,0,0,0,0,0.0,98.2,65.0,45.0,5,1,0.0,0,0,0,0.0,680,1.442,2.540,0.5169,97.6,1,7505,0,15,15,0
151049,57343,76911,3457.54,2932.73,4959.14,98.0,0.6481,0.942,0.431,0.014,1,0,0,1,0,0,0,0,0.0,98.0,65.0,45.0,5,1,0.0,0,0,0,0.0,680,1.456,2.365,0.5169,97.6,1,7506,0,15,15,0
151069,57359,76912,3593.83,2689.01,4959.14,97.8,0.6442,0.939,0.432,0.013,1,0,0,1,0,0,0,0,0.0,97.7,65.0,45.0,5,1,0.0,0,0,0,0.0,680,1.375,2.181,0.5169,97.6,1,7507,0,15,15,0
151089,57348,76906,3662.68,2411.83,4959.14,97.7,0.6408,0.935,0.434,0.013,1,0,0,1,0,0,0,0,0.0,97.4,65.0,45.0,5,1,0.0,0,0,0,0.0,680,1.309,1.998,0.5169,97.6,1,7508,0,15,15,0
151109,57340,76882,3644.94,2110.04,4959.14,97.6,0.6378,0.931,0.436,0.012,1,0,0,1,0,0,0,0,0.0,97.2,65.0,45.0,5,1,0.0,0,0,0,0.0,680,1.182,1.812,0.5169,97.6,1,7509,0,15,15,0
151129,57327,76830,3530.92,1767.95,4959.14,97.5,0.6352,0.927,0.438,0.012,1,0,0,1,0,0,0,0,0.0,96.9,65.0,45.0,5,1,0.0,0,0,0,0.0,680,1.135,1.647,0.5169,97.6,1,7510,0,15,15,0
151149,57308,76801,3322.56,1350.61,4959.14,97.4,0.6331,0.924,0.440,0.011,1,0,0,1,0,0,0,0,0.0,96.8,65.0,45.0,5,1,0.0,0,0,0,0.0,680,1.094,1.537,0.5169,97.6,1,7511,0,15,15,0
151169,57316,76753,3039.90,889.99,4959.14,97.3,0.6313,0.922,0.442,0.010,1,0,0,1,0,0,0,0,0.0,96.7,65.0,45.0,5,1,0.0,0,0,0,0.0,680,1.094,1.393,0.5169,97.6,1,7512,0,15,15,0
151189,57288,76702,2709.88,384.37,4959.14,97.2,0.6298,0.921,0.443,0.009,1,0,0,1,0,0,0,0,0.0,96.6,65.0,45.0,5,1,0.0,0,0,0,0.0,680,1.094,1.323,0.5169,97.6,1,7513,0,15,15,0
151209,57249,76646,2331.72,-159.28,4959.14,97.2,0.6286,0.920,0.445,0.009,1,0,0,1,0,0,0,0,0.0,96.6,65.0,45.0,5,1,0.0,0,0,0,0.0,680,1.093,1.250,0.5169,97.6,1,7514,0,15,15,0
151229,57235,76561,1881.36,-733.76,4959.14,97.2,0.6277,0.920,0.446,0.009,1,0,0,1,0,0,0,0,0.0,96.6,65.0,45.0,5,1,0.0,0,0,0,0.0,680,1.093,1.193,0.5169,97.6,1,7515,0,15,15,0
151249,57200,76488,1409.10,-1364.74,4959.14,97.2,0.6272,0.921,0.447,0.008,1,0,0,1,0,0,0,0,0.0,96.7,65.0,45.0,5,1,0.0,0,0,0,0.0,680,1.093,1.132,0.5169,97.6,1,7516,0,15,15,0
151269,57168,76400,905.21,-2031.59,4959.14,97.3,0.6270,0.922,0.447,0.008,1,0,0,1,0,0,0,0,0.0,96.8,65.0,45.0,5,1,0.0,0,0,0,0.0,680,1.093,1.051,0.5169,97.6,1,7517,0,15,15,0
151289,57122,76351,380.73,-2733.80,4959.14,97.3,0.6272,0.924,0.448,0.008,1,0,0,1,0,0,0,0,0.0,96.9,65.0,45.0,5,1,0.0,0,0,0,0.0,680,1.093,0.991,0.5169,97.6,1,7518,0,15,15,0
151309,57083,76272,-176.89,-3406.02,4959.14,97.4,0.6279,0.926,0.448,0.008,1,0,0,1,0,0,0,0,0.0,97.1,65.0,45.0,5,1,0.0,0,0,0,0.0,680,1.093,0.990,0.5169,97.6,1,7519,0,15,15,0
151329,57052,76193,-749.61,-4059.31,4959.14,97.5,0.6289,0.928,0.448,0.008,1,0,0,1,0,0,0,0,0.0,97.3,65.0,45.0,5,1,0.0,0,0,0,0.0,680,1.093,0.991,0.5169,97.6,1,7520,0,15,15,0
151349,57041,76125,-1307.64,-4693.89,4959.14,97.6,0.6304,0.930,0.449,0.008,1,0,0,1,0,0,0,0,0.0,97.4,65.0,45.0,5,1,0.0,0,0,0,0.0,680,1.093,1.049,0.5169,97.6,1,7521,0,15,15,0
151369,56984,76035,-1799.24,-5290.81,4959.14,97.6,0.6324,0.933,0.450,0.008,1,0,0,1,0,0,0,0,0.0,97.6,65.0,45.0,5,1,0.0,0,0,0,0.0,680,1.093,1.167,0.5169,97.6,1,7522,0,15,15,0
151389,56946,75935,-2291.11,-5870.84,4959.14,97.7,0.6348,0.935,0.451,0.008,1,0,0,1,0,0,0,0,0.0,97.8,65.0,45.0,5,1,0.0,0,0,0,0.0,680,1.093,1.298,0.5169,97.6,1,7523,0,15,15,0
151409,56898,75879,-2770.81,-6451.76,4959.14,97.8,0.6377,0.937,0.452,0.008,1,0,0,1,0,0,0,0,0.0,97.9,65.0,45.0,5,1,0.0,0,0,0,0.0,680,1.092,1.371,0.5169,97.6,1,7524,0,15,15,0
151429,56813,75715,-3247.94,-6974.63,4959.14,97.9,0.6410,0.939,0.453,0.008,1,0,0,1,0,0,0,0,0.0,98.1,65.0,45.0,5,1,0.0,0,0,0,0.0,680,1.092,1.586,0.5169,97.6,1,7525,0,15,15,0
151449,56712,75482,-3788.26,-7563.36,4959.14,97.9,0.6448,0.940,0.456,0.008,1,0,0,1,0,0,0,0,0.0,98.2,65.0,45.0,5,1,0.0,0,0,0,0.0,680,1.135,1.891,0.5169,97.6,1,7526,0,15,15,0
151469,56592,75271,-4432.01,-8344.51,4959.14,97.9,0.6493,0.941,0.458,0.008,1,0,0,1,0,0,0,0,0.0,98.2,65.0,45.0,5,1,0.0,0,0,0,0.0,680,1.345,2.167,0.5169,97.6,1,7527,0,15,15,0
151489,56565,75260,-5207.32,-9302.27,4959.14,98.0,0.6548,0.942,0.462,0.009,1,0,0,1,0,0,0,0,0.0,98.3,65.0,45.0,5,1,0.0,0,0,0,0.0,680,1.393,2.182,0.5169,97.6,1,7528,0,15,15,0
151509,56594,75301,-5881.05,-10108.60,4959.14,98.0,0.6611,0.943,0.466,0.010,1,0,0,1,0,0,0,0,0.0,98.3,65.0,45.0,5,1,0.0,0,0,0,0.0,680,1.393,2.182,0.5169,97.6,1,7529,0,15,15,0
151529,56633,75418,-6362.39,-10602.69,4959.14,98.0,0.6679,0.944,0.470,0.011,1,0,0,1,0,0,0,0,0.0,98.3,65.0,45.0,5,1,0.0,0,0,0,0.0,680,1.393,2.183,0.5169,97.6,1,7530,0,15,15,0
151549,56613,75472,-6606.66,-10641.77,4959.14,98.0,0.6743,0.944,0.474,0.012,1,0,0,1,0,0,0,0,0.0,98.2,65.0,45.0,5,1,0.0,0,0,0,0.0,680,1.393,2.183,0.5169,97.6,1,7531,0,15,15,0
151569,56626,75545,-6638.41,-10318.50,4959.14,98.0,0.6800,0.944,0.479,0.013,1,0,0,1,0,0,0,0,0.0,98.1,65.0,45.0,5,1,0.0,0,0,0,0.0,680,1.393,2.184,0.5169,97.6,1,7532,0,15,15,0
151589,56658,75663,-6521.39,-9700.41,4959.14,98.0,0.6846,0.943,0.482,0.015,1,0,0,1,0,0,0,0,0.0,98.0,65.0,45.0,5,1,0.0,0,0,0,0.0,680,1.393,2.184,0.5169,97.6,1,7533,0,15,15,0
151609,56678,75787,-6246.03,-8802.69,4959.14,98.0,0.6879,0.943,0.486,0.016,1,0,0,1,0,0,0,0,0.0,97.8,65.0,45.0,5,1,0.0,0,0,0,0.0,680,1.393,2.184,0.5169,97.6,1,7534,0,15,15,0
151629,56689,75888,-5855.39,-7672.50,4959.14,98.0,0.6899,0.942,0.489,0.018,1,0,0,1,0,0,0,0,0.0,97.7,65.0,45.0,5,1,0.0,0,0,0,0.0,680,1.393,2.185,0.5169,97.6,1,7535,0,15,15,0
151649,56695,75936,-5403.35,-6404.63,4959.14,97.9,0.6909,0.940,0.491,0.019,1,0,0,1,0,0,0,0,0.0,97.4,65.0,45.0,5,1,0.0,0,0,0,0.0,680,1.393,2.185,0.5169,97.6,1,7536,0,15,15,0
151669,56665,75927,-4944.38,-5153.25,4959.14,97.8,0.6912,0.938,0.492,0.020,1,0,0,1,0,0,0,0,0.0,97.2,65.0,45.0,5,1,0.0,0,0,0,0.0,680,1.393,2.185,0.5169,97.6,1,7537,0,15,15,0
151689,56643,75914,-4548.73,-4042.74,4959.14,97.8,0.6913,0.936,0.493,0.022,1,0,0,1,0,0,0,0,0.0,96.9,65.0,45.0,5,1,0.0,0,0,0,0.0,680,1.393,2.186,0.5169,97.6,1,7538,0,15,15,0
151709,56592,75883,-4235.05,-3130.46,4959.14,97.7,0.6912,0.934,0.493,0.023,1,0,0,1,0,0,0,0,0.0,96.7,65.0,45.0,5,1,0.0,0,0,0,0.0,680,1.393,2.186,0.5169,97.6,1,7539,0,15,15,0
151729,56564,75900,-4053.48,-2419.97,4959.14,97.6,0.6913,0.931,0.494,0.024,1,0,0,1,0,0,0,0,0.0,96.4,65.0,45.0,5,1,0.0,0,0,0,0.0,680,1.395,2.186,0.5169,97.6,1,7540,0,15,15,0
151749,56545,75949,-3964.28,-1870.34,4959.14,97.5,0.6912,0.928,0.494,0.025,1,0,0,1,0,0,0,0,0.0,96.2,65.0,45.0,5,1,0.0,0,0,0,0.0,680,1.429,2.186,0.5169,97.6,1,7541,0,15,15,0
151769,56554,75979,-3905.24,-1379.88,4959.14,97.4,0.6905,0.925,0.495,0.025,1,0,0,1,0,0,0,0,0.0,95.9,65.0,45.0,5,1,0.0,0,0,0,0.0,680,1.429,2.187,0.5169,97.6,1,7542,0,15,15,0
151789,56554,76036,-3828.46,-928.71,4959.14,97.3,0.6887,0.922,0.496,0.026,1,0,0,1,0,0,0,0,0.0,95.6,65.0,45.0,5,1,0.0,0,0,0,0.0,680,1.429,2.187,0.5169,97.6,1,7543,0,15,15,0
151809,56568,76035,-3717.24,-472.09,4959.14,97.1,0.6852,0.918,0.497,0.026,1,0,0,1,0,0,0,0,0.0,95.2,65.0,45.0,5,1,0.0,0,0,0,0.0,680,1.429,2.187,0.5169,97.6,1,7544,0,15,15,0
151829,56550,76033,-3570.42,-72.69,4959.14,96.9,0.6794,0.913,0.498,0.027,1,0,0,1,0,0,0,0,0.0,94.8,65.0,45.0,5,1,0.0,0,0,0,0.0,680,1.429,2.188,0.5169,97.6,1,7545,0,15,15,0
151849,56559,76024,-3384.67,245.94,4959.14,96.8,0.6706,0.907,0.499,0.027,1,0,0,1,0,0,0,0,0.0,94.4,65.0,45.0,5,1,0.0,0,0,0,0.0,680,1.430,2.188,0.5169,97.6,1,7546,0,15,15,0
151869,56555,76032,-3182.00,484.44,4959.14,96.5,0.6589,0.901,0.500,0.027,1,0,0,1,0,0,0,0,0.0,93.9,65.0,45.0,5,1,0.0,0,0,0,0.0,680,1.430,2.188,0.5169,97.6,1,7547,0,15,15,0
151889,56559,76034,-2960.88,653.95,4959.14,96.3,0.6441,0.895,0.501,0.028,1,0,0,1,0,0,0,0,0.0,93.4,65.0,45.0,5,1,0.0,0,0,0,0.0,680,1.430,2.189,0.5169,97.6,1,7548,0,15,15,0
151909,56544,76035,-2739.61,770.21,4959.14,96.0,0.6263,0.887,0.502,0.028,1,0,0,1,0,0,0,0,0.0,92.8,65.0,45.0,5,1,0.0,0,0,0,0.0,680,1.432,2.189,0.5169,97.6,1,7549,0,15,15,0
151929,56550,76071,-2529.20,844.93,4959.14,95.8,0.6061,0.879,0.503,0.028,1,0,0,1,0,0,0,0,0.0,92.1,65.0,45.0,5,1,0.0,0,0,0,0.0,680,1.432,2.190,0.5169,97.6,1,7550,0,15,15,0
151949,56581,76086,-2325.12,935.45,4884.15,95.4,0.5845,0.870,0.505,0.028,1,0,0,1,0,0,0,0,0.0,91.4,65.0,45.0,5,1,0.0,0,0,0,0.0,680,1.433,2.190,0.5169,97.6,1,7551,0,15,15,0
151969,56596,76076,-2070.14,1019.82,4729.36,95.1,0.5626,0.860,0.507,0.029,1,0,0,1,0,0,0,0,0.0,90.7,65.0,45.0,5,1,0.0,0,0,0,0.0,680,1.433,2.189,0.5169,97.6,1,7552,0,15,15,0
151989,56628,76074,-1779.72,1082.28,4495.74,94.8,0.5415,0.852,0.510,0.029,1,0,0,1,0,0,0,0,0.0,90.0,65.0,45.0,5,1,0.0,0,0,0,0.0,680,1.433,2.171,0.5169,97.6,1,7553,0,15,15,0
152009,56659,76098,-1437.24,1118.89,4177.07,94.6,0.5224,0.844,0.514,0.029,1,0,0,1,0,0,0,0,0.0,89.4,65.0,45.0,5,1,0.0,0,0,0,0.0,680,1.434,2.171,0.5169,97.6,1,7554,0,15,15,0
152029,56670,76122,-1048.68,1161.07,3790.57,94.4,0.5064,0.839,0.520,0.030,1,0,0,1,0,0,0,0,0.0,88.9,65.0,45.0,5,1,0.0,0,0,0,0.0,680,1.434,2.171,0.5169,97.6,1,7555,0,15,15,0
152049,56698,76137,-663.17,1222.85,3770.09,94.3,0.4943,0.837,0.526,0.031,1,0,0,1,0,0,0,0,0.0,88.7,65.0,45.0,5,1,0.0,0,0,0,0.0,680,1.434,2.171,0.5169,97.6,1,7556,0,15,15,0
152069,56725,76176,-273.18,1294.05,3770.09,94.3,0.4860,0.836,0.532,0.032,1,0,0,1,0,0,0,0,0.0,88.5,65.0,45.0,5,1,0.0,0,0,0,0.0,680,1.415,2.164,0.5169,97.6,1,7557,0,15,15,0
152089,56747,76200,118.08,1400.59,3770.09,94.3,0.4810,0.837,0.537,0.034,1,0,0,1,0,0,0,0,0.0,88.5,65.0,45.0,5,1,0.0,0,0,0,0.0,680,1.402,2.133,0.5169,97.6,1,7558,0,15,15,0
152109,56782,76267,496.18,1526.21,3770.09,94.4,0.4785,0.839,0.541,0.035,1,0,0,1,0,0,0,0,0.0,88.6,65.0,45.0,5,1,0.0,0,0,0,0.0,680,1.379,2.065,0.5169,97.6,1,7559,0,15,15,0
152129,56810,76324,876.92,1717.98,3770.09,94.4,0.4776,0.841,0.543,0.037,1,0,0,1,0,0,0,0,0.0,88.6,65.0,45.0,5,1,0.0,0,0,0,0.0,680,1.360,2.027,0.5169,97.6,1,7560,0,15,15,0
152149,56886,76439,1249.76,1969.46,3770.09,94.5,0.4777,0.842,0.544,0.038,1,0,0,1,0,0,0,0,0.0,88.6,65.0,45.0,5,1,0.0,0,0,0,0.0,680,1.360,1.964,0.5169,97.6,1,7561,0,15,15,0
152169,56983,76549,1694.52,2344.55,3770.09,94.5,0.4779,0.843,0.545,0.039,1,0,0,1,0,0,0,0,0.0,88.6,65.0,45.0,5,1,0.0,0,0,0,0.0,680,1.311,1.897,0.5169,97.6,1,7562,0,15,15,0
152189,57097,76720,2266.18,2839.89,3770.09,94.5,0.4780,0.843,0.544,0.040,1,0,0,1,0,0,0,0,0.0,88.6,65.0,45.0,5,1,0.0,0,0,0,0.0,680,1.242,1.921,0.5169,97.6,1,7563,0,15,15,0
152209,57225,76873,2992.80,3513.00,3770.09,94.5,0.4775,0.843,0.545,0.041,1,0,0,1,0,0,0,0,0.0,88.5,65.0,45.0,5,1,0.0,0,0,0,0.0,680,1.218,2.122,0.5169,97.6,1,7564,0,15,15,0
152229,57323,76999,3880.20,4329.08,3770.09,94.5,0.4767,0.842,0.546,0.041,1,0,0,1,0,0,0,0,0.0,88.4,65.0,45.0,5,1,0.0,0,0,0,0.0,680,1.373,2.287,0.5169,97.6,1,7565,0,15,15,0
152249,57396,77073,4842.96,5207.33,3770.09,94.4,0.4756,0.840,0.549,0.042,1,0,0,1,0,0,0,0,0.0,88.2,65.0,45.0,5,1,0.0,0,0,0,0.0,680,1.501,2.384,0.5169,97.6,1,7566,0,15,15,0
152269,57435,77107,5779.56,6025.91,3770.09,94.3,0.4746,0.838,0.554,0.042,1,0,0,1,0,0,0,0,0.0,88.0,65.0,45.0,5,1,0.0,0,0,0,0.0,680,1.570,2.429,0.5169,97.6,1,7567,0,15,15,0
152289,57460,77116,6580.93,6681.18,3770.09,94.3,0.4736,0.837,0.562,0.043,1,0,0,1,0,0,0,0,0.0,87.9,65.0,45.0,5,1,0.0,0,0,0,0.0,680,1.613,2.440,0.5169,97.6,1,7568,0,15,15,0
152309,57466,77100,7188.62,7102.03,3770.09,94.2,0.4727,0.836,0.573,0.045,1,0,0,1,0,0,0,0,0.0,87.7,65.0,45.0,5,1,0.0,0,0,0,0.0,680,1.624,2.439,0.5169,97.6,1,7569,0,15,15,0
152329,57452,77057,7555.45,7279.82,3770.09,94.2,0.4716,0.835,0.585,0.047,1,0,0,1,0,0,0,0,0.0,87.5,65.0,45.0,5,1,0.0,0,0,0,0.0,680,1.624,2.439,0.5169,97.6,1,7570,0,15,15,0
152349,57431,77000,7678.90,7195.94,3770.09,94.2,0.4702,0.835,0.598,0.049,1,0,0,1,0,0,0,0,0.0,87.3,65.0,45.0,5,1,0.0,0,0,0,0.0,680,1.623,2.438,0.5169,97.6,1,7571,0,15,15,0
152369,57406,76937,7568.39,6862.75,3747.38,94.2,0.4682,0.835,0.613,0.053,1,0,0,1,0,0,0,0,0.0,87.1,65.0,45.0,5,1,0.0,0,0,0,0.0,680,1.623,2.438,0.5169,97.6,1,7572,0,15,15,0
152389,57414,76892,7269.75,6316.65,3692.88,94.3,0.4657,0.836,0.627,0.056,1,0,0,1,0,0,0,0,0.0,86.9,65.0,45.0,5,1,0.0,0,0,0,0.0,680,1.623,2.437,0.5169,97.6,1,7573,0,15,15,0
152409,57382,76836,6847.71,5632.84,3611.86,94.3,0.4627,0.836,0.641,0.061,1,0,0,1,0,0,0,0,0.0,86.7,65.0,45.0,5,1,0.0,0,0,0,0.0,680,1.623,2.436,0.5169,97.6,1,7574,0,15,15,0
152429,57389,76797,6333.84,4853.51,3584.32,94.3,0.4596,0.837,0.654,0.065,1,0,0,1,0,0,0,0,0.0,86.4,65.0,45.0,5,1,0.0,0,0,0,0.0,680,1.622,2.436,0.5169,97.6,1,7575,0,15,15,0
152449,57379,76786,5776.76,4039.88,3584.32,94.3,0.4565,0.837,0.665,0.070,1,0,0,1,0,0,0,0,0.0,86.1,65.0,45.0,5,1,0.0,0,0,0,0.0,680,1.622,2.435,0.5169,97.6,1,7576,0,15,15,0
152469,57346,76751,5214.46,3266.98,3584.32,94.3,0.4534,0.837,0.675,0.075,1,0,0,1,0,0,0,0,0.0,85.8,65.0,45.0,5,1,0.0,0,0,0,0.0,680,1.621,2.434,0.5169,97.6,1,7577,0,15,15,0
152489,57334,76686,4613.80,2534.08,3584.32,94.3,0.4505,0.837,0.683,0.080,1,0,0,1,0,0,0,0,0.0,85.5,65.0,45.0,5,1,0.0,0,0,0,0.0,680,1.621,2.379,0.5169,97.6,1,7578,0,15,15,0
152509,57287,76632,4010.09,1801.43,3584.32,94.3,0.4478,0.838,0.690,0.085,1,0,0,1,0,0,0,0,0.0,85.2,65.0,45.0,5,1,0.0,0,0,0,0.0,680,1.621,2.225,0.5169,97.6,1,7579,0,15,15,0
152529,57267,76585,3360.41,1074.59,3584.32,94.3,0.4452,0.838,0.697,0.089,1,0,0,1,0,0,0,0,0.0,84.9,65.0,45.0,5,1,0.0,0,0,0,0.0,680,1.620,2.154,0.5169,97.6,1,7580,0,15,15,0
152549,57252,76547,2708.71,371.40,3584.32,94.3,0.4429,0.838,0.702,0.093,1,0,0,1,0,0,0,0,0.0,84.6,65.0,45.0,5,1,0.0,0,0,0,0.0,680,1.620,2.058,0.5169,97.6,1,7581,0,15,15,0
152569,57229,76571,2088.18,-253.18,3584.32,94.3,0.4410,0.839,0.706,0.096,1,0,0,1,0,0,0,0,0.0,84.4,65.0,45.0,5,1,0.0,0,0,0,0.0,680,1.620,1.902,0.5169,97.6,1,7582,0,15,15,0
152589,57222,76553,1499.05,-787.70,3584.32,94.4,0.4394,0.839,0.709,0.100,1,0,0,1,0,0,0,0,0.0,84.3,65.0,45.0,5,1,0.0,0,0,0,0.0,680,1.619,1.740,0.5169,97.6,1,7583,0,15,15,0
152609,57181,76495,971.12,-1211.34,3584.32,94.4,0.4382,0.841,0.713,0.102,1,0,0,1,0,0,0,0,0.0,84.2,65.0,45.0,5,1,0.0,0,0,0,0.0,680,1.619,1.614,0.5169,97.6,1,7584,0,15,15,0
152629,57157,76465,451.20,-1605.77,3584.32,94.5,0.4372,0.842,0.716,0.105,1,0,0,1,0,0,0,0,0.0,84.2,65.0,45.0,5,1,0.0,0,0,0,0.0,680,1.619,1.613,0.5169,97.6,1,7585,0,15,15,0
152649,57143,76480,-47.80,-1946.55,3584.32,94.6,0.4365,0.844,0.718,0.107,1,0,0,1,0,0,0,0,0.0,84.2,65.0,45.0,5,1,0.0,0,0,0,0.0,680,1.618,1.613,0.5169,97.6,1,7586,0,15,15,0
152669,57140,76498,-500.83,-2207.94,3584.32,94.6,0.4359,0.847,0.722,0.109,1,0,0,1,0,0,0,0,0.0,84.3,65.0,45.0,5,1,0.0,0,0,0,0.0,680,1.618,1.613,0.5169,97.6,1,7587,0,15,15,0
152689,57145,76494,-874.79,-2369.56,3584.32,94.7,0.4354,0.849,0.725,0.110,1,0,0,1,0,0,0,0,0.0,84.4,65.0,45.0,5,1,0.0,0,0,0,0.0,680,1.618,1.613,0.5169,97.6,1,7588,0,15,15,0
152709,57065,76433,-1169.59,-2454.85,3584.32,94.8,0.4349,0.852,0.728,0.111,1,0,0,1,0,0,0,0,0.0,84.5,65.0,45.0,5,1,0.0,0,0,0,0.0,680,1.618,1.590,0.5169,97.6,1,7589,0,15,15,0
152729,57020,76353,-1523.55,-2565.45,3584.32,94.9,0.4346,0.854,0.732,0.112,1,0,0,1,0,0,0,0,0.0,84.6,65.0,45.0,5,1,0.0,0,0,0,0.0,680,1.617,1.526,0.5169,97.6,1,7590,0,15,15,0
152749,56989,76298,-1926.27,-2762.90,3584.32,95.0,0.4343,0.856,0.736,0.113,1,0,0,1,0,0,0,0,0.0,84.7,65.0,45.0,5,1,0.0,0,0,0,0.0,680,1.617,1.487,0.5169,97.6,1,7591,0,15,15,0
152769,56961,76246,-2336.74,-3023.25,3584.32,95.0,0.4343,0.858,0.739,0.113,1,0,0,1,0,0,0,0,0.0,84.8,65.0,45.0,5,1,0.0,0,0,0,0.0,680,1.617,1.428,0.5169,97.6,1,7592,0,15,15,0
152789,56924,76188,-2727.31,-3320.28,3584.32,95.1,0.4344,0.860,0.743,0.114,1,0,0,1,0,0,0,0,0.0,85.0,65.0,45.0,5,1,0.0,0,0,0,0.0,680,1.617,1.428,0.5169,97.6,1,7593,0,15,15,0
152809,56922,76185,-3101.60,-3642.47,3584.32,95.2,0.4348,0.862,0.747,0.114,1,0,0,1,0,0,0,0,0.0,85.1,65.0,45.0,5,1,0.0,0,0,0,0.0,680,1.616,1.428,0.5169,97.6,1,7594,0,15,15,0
152829,56910,76180,-3396.31,-3903.68,3584.32,95.2,0.4353,0.864,0.751,0.115,1,0,0,1,0,0,0,0,0.0,85.2,65.0,45.0,5,1,0.0,0,0,0,0.0,680,1.616,1.428,0.5169,97.6,1,7595,0,15,15,0
152849,56874,76175,-3612.10,-4077.47,3584.32,95.3,0.4359,0.866,0.755,0.115,1,0,0,1,0,0,0,0,0.0,85.3,65.0,45.0,5,1,0.0,0,0,0,0.0,680,1.616,1.417,0.5169,97.6,1,7596,0,15,15,0
152869,56881,76155,-3788.94,-4163.76,3584.32,95.4,0.4364,0.867,0.759,0.115,1,0,0,1,0,0,0,0,0.0,85.4,65.0,45.0,5,1,0.0,0,0,0,0.0,680,1.616,1.414,0.5169,97.6,1,7597,0,15,15,0
152889,56844,76118,-3906.88,-4194.22,3584.32,95.4,0.4367,0.868,0.762,0.115,1,0,0,1,0,0,0,0,0.0,85.5,65.0,45.0,5,1,0.0,0,0,0,0.0,680,1.616,1.413,0.5169,97.6,1,7598,0,15,15,0
152909,56825,76106,-4006.25,-4211.91,3584.32,95.4,0.4368,0.869,0.766,0.115,1,0,0,1,0,0,0,0,0.0,85.6,65.0,45.0,5,1,0.0,0,0,0,0.0,680,1.605,1.366,0.5169,97.6,1,7599,0,15,15,0
152929,56812,76126,-4084.75,-4185.63,3584.32,95.4,0.4366,0.870,0.770,0.115,1,0,0,1,0,0,0,0,0.0,85.6,65.0,45.0,5,1,0.0,0,0,0,0.0,680,1.551,1.362,0.5169,97.6,1,7600,0,15,15,0
152949,56799,76153,-4132.32,-4098.07,3584.32,95.4,0.4361,0.870,0.774,0.115,1,0,0,1,0,0,0,0,0.0,85.6,65.0,45.0,5,1,0.0,0,0,0,0.0,680,1.524,1.362,0.5169,97.6,1,7601,0,15,15,0
152969,56780,76192,-4148.34,-3926.00,3584.32,95.4,0.4353,0.870,0.777,0.115,1,0,0,1,0,0,0,0,0.0,85.6,65.0,45.0,5,1,0.0,0,0,0,0.0,680,1.468,1.362,0.5169,97.6,1,7602,0,15,15,0
152989,56775,76220,-4147.24,-3657.48,3584.32,95.4,0.4341,0.869,0.780,0.114,1,0,0,1,0,0,0,0,0.0,85.6,65.0,45.0,5,1,0.0,0,0,0,0.0,680,1.414,1.331,0.5169,97.6,1,7603,0,15,15,0
153009,56796,76261,-4102.55,-3318.91,3584.32,95.4,0.4326,0.868,0.782,0.114,1,0,0,1,0,0,0,0,0.0,85.5,65.0,45.0,5,1,0.0,0,0,0,0.0,680,1.394,1.320,0.5169,97.6,1,7604,0,15,15,0
153029,56787,76312,-3997.16,-2916.77,3584.32,95.3,0.4309,0.866,0.783,0.113,1,0,0,1,0,0,0,0,0.0,85.5,65.0,45.0,5,1,0.0,0,0,0,0.0,680,1.345,1.320,0.5169,97.6,1,7605,0,15,15,0
153049,56799,76321,-3829.95,-2453.23,3584.32,95.2,0.4292,0.864,0.783,0.112,1,0,0,1,0,0,0,0,0.0,85.3,65.0,45.0,5,1,0.0,0,0,0,0.0,680,1.298,1.320,0.5169,97.6,1,7606,0,15,15,0
153069,56783,76297,-3643.16,-2011.11,3584.32,95.1,0.4275,0.861,0.781,0.111,1,0,0,1,0,0,0,0,0.0,85.2,65.0,45.0,5,1,0.0,0,0,0,0.0,680,1.259,1.320,0.5169,97.6,1,7607,0,15,15,0
153089,56804,76252,-3420.28,-1645.08,3584.32,95.1,0.4260,0.859,0.779,0.110,1,0,0,1,0,0,0,0,0.0,85.1,65.0,45.0,5,1,0.0,0,0,0,0.0,680,1.210,1.320,0.5169,97.6,1,7608,0,15,15,0
153109,56812,76250,-3174.24,-1409.71,3584.32,95.0,0.4246,0.856,0.776,0.108,1,0,0,1,0,0,0,0,0.0,85.1,65.0,45.0,5,1,0.0,0,0,0,0.0,680,1.210,1.320,0.5169,97.6,1,7609,0,15,15,0
153129,56808,76250,-2917.46,-1251.91,3584.32,94.9,0.4235,0.854,0.772,0.105,1,0,0,1,0,0,0,0,0.0,85.1,65.0,45.0,5,1,0.0,0,0,0,0.0,680,1.210,1.320,0.5169,97.6,1,7610,0,15,15,0
153149,56820,76230,-2658.63,-1137.19,3584.32,94.9,0.4226,0.853,0.769,0.103,1,0,0,1,0,0,0,0,0.0,85.2,65.0,45.0,5,1,0.0,0,0,0,0.0,680,1.210,1.320,0.5169,97.6,1,7611,0,15,15,0
153169,56822,76218,-2396.52,-1072.98,3584.32,94.8,0.4221,0.852,0.766,0.100,1,0,0,1,0,0,0,0,0.0,85.3,65.0,45.0,5,1,0.0,0,0,0,0.0,680,1.210,1.320,0.5169,97.6,1,7612,0,15,15,0
153189,56819,76242,-2147.71,-1028.29,3584.32,94.8,0.4217,0.852,0.763,0.097,1,0,0,1,0,0,0,0,0.0,85.5,65.0,45.0,5,1,0.0,0,0,0,0.0,680,1.210,1.320,0.5169,97.6,1,7613,0,15,15,0
153209,56821,76251,-1917.28,-971.75,3584.32,94.9,0.4215,0.853,0.761,0.094,1,0,0,1,0,0,0,0,0.0,85.8,65.0,45.0,5,1,0.0,0,0,0,0.0,680,1.211,1.320,0.5169,97.6,1,7614,0,15,15,0
153229,56806,76265,-1711.91,-896.84,3584.32,94.9,0.4215,0.854,0.760,0.090,1,0,0,1,0,0,0,0,0.0,86.1,65.0,45.0,5,1,0.0,0,0,0,0.0,680,1.211,1.321,0.5169,97.6,1,7615,0,15,15,0
153249,56817,76303,-1532.32,-797.48,3584.32,94.9,0.4216,0.856,0.760,0.087,1,0,0,1,0,0,0,0,0.0,86.4,65.0,45.0,5,1,0.0,0,0,0,0.0,680,1.211,1.321,0.5169,97.6,1,7616,0,15,15,0
153269,56798,76333,-1392.72,-643.44,3584.32,95.0,0.4216,0.858,0.760,0.084,1,0,0,1,0,0,0,0,0.0,86.7,65.0,45.0,5,1,0.0,0,0,0,0.0,680,1.211,1.321,0.5169,97.6,1,7617,0,15,15,0
153289,56795,76361,-1288.65,-442.77,3584.32,95.1,0.4215,0.860,0.762,0.081,1,0,0,1,0,0,0,0,0.0,87.1,65.0,45.0,5,1,0.0,0,0,0,0.0,680,1.212,1.301,0.5169,97.6,1,7618,0,15,15,0
153309,56829,76410,-1199.38,-210.29,3584.32,95.2,0.4211,0.862,0.764,0.078,1,0,0,1,0,0,0,0,0.0,87.5,65.0,45.0,5,1,0.0,0,0,0,0.0,680,1.187,1.245,0.5169,97.6,1,7619,0,15,15,0
153329,56869,76483,-1059.05,69.20,3584.32,95.2,0.4204,0.864,0.767,0.076,1,0,0,1,0,0,0,0,0.0,87.8,65.0,45.0,5,1,0.0,0,0,0,0.0,680,1.151,1.170,0.5169,97.6,1,7620,0,15,15,0
153349,56947,76563,-833.48,424.36,3584.32,95.3,0.4193,0.866,0.771,0.074,1,0,0,1,0,0,0,0,0.0,88.1,65.0,45.0,5,1,0.0,0,0,0,0.0,680,1.121,1.088,0.5169,97.6,1,7621,0,15,15,0
153369,57026,76672,-455.07,861.38,3584.32,95.4,0.4179,0.869,0.776,0.072,1,0,0,1,0,0,0,0,0.0,88.4,65.0,45.0,5,1,0.0,0,0,0,0.0,680,1.121,1.029,0.5169,97.6,1,7622,0,15,15,0
153389,57111,76772,78.99,1405.06,3584.32,95.5,0.4159,0.871,0.782,0.071,1,0,0,1,0,0,0,0,0.0,88.7,65.0,45.0,5,1,0.0,0,0,0,0.0,680,1.078,0.956,0.5169,97.6,1,7623,0,15,15,0
153409,57204,76847,752.09,2031.79,3584.32,95.6,0.4136,0.874,0.789,0.070,1,0,0,1,0,0,0,0,0.0,88.9,65.0,45.0,5,1,0.0,0,0,0,0.0,680,1.078,0.970,0.5169,97.6,1,7624,0,15,15,0
153429,57276,76911,1544.35,2679.41,3584.32,95.7,0.4108,0.877,0.797,0.069,1,0,0,1,0,0,0,0,0.0,89.2,65.0,45.0,5,1,0.0,0,0,0,0.0,680,1.060,1.054,0.5169,97.6,1,7625,0,15,15,0
153449,57338,76969,2383.90,3297.85,3584.32,95.8,0.4074,0.880,0.808,0.070,1,0,0,1,0,0,0,0,0.0,89.4,65.0,45.0,5,1,0.0,0,0,0,0.0,680,1.002,1.130,0.5169,97.6,1,7626,0,15,15,0
153469,57384,76996,3207.70,3856.38,3584.32,95.9,0.4029,0.883,0.821,0.070,1,0,0,1,0,0,0,0,0.0,89.6,65.0,45.0,5,1,0.0,0,0,0,0.0,680,1.069,1.165,0.5169,97.6,1,7627,0,15,15,0
153489,57387,77013,3954.94,4303.62,3584.32,96.0,0.3965,0.886,0.839,0.072,1,0,0,1,0,0,0,0,0.0,89.8,65.0,45.0,5,1,0.0,0,0,0,0.0,680,1.074,1.187,0.5169,97.6,1,7628,0,15,15,0
153509,57377,77020,4521.38,4616.72,3584.32,96.1,0.3880,0.890,0.861,0.075,1,0,0,1,0,0,0,0,0.0,89.8,65.0,45.0,5,1,0.0,0,0,0,0.0,680,1.074,1.196,0.5169,97.6,1,7629,0,15,15,0
153529,57369,76996,4872.70,4779.74,3584.32,96.3,0.3776,0.893,0.888,0.079,1,0,0,1,0,0,0,0,0.0,89.8,65.0,45.0,5,1,0.0,0,0,0,0.0,680,1.074,1.196,0.5169,97.6,1,7630,0,15,15,0
153549,57409,77000,5035.44,4788.76,3519.66,96.4,0.3661,0.897,0.917,0.085,1,0,0,1,0,0,0,0,0.0,89.7,65.0,45.0,5,1,0.0,0,0,0,0.0,680,1.113,1.196,0.5169,97.6,1,7631,0,15,15,0
153569,57421,76986,5103.70,4676.39,3396.05,96.5,0.3545,0.900,0.948,0.092,1,0,0,1,0,0,0,0,0.0,89.5,65.0,45.0,5,1,0.0,0,0,0,0.0,680,1.134,1.196,0.5169,97.6,1,7632,0,15,15,0
153589,57416,76956,5083.30,4466.31,3216.50,96.6,0.3433,0.903,0.978,0.100,1,0,0,1,0,0,0,0,0.0,89.2,65.0,45.0,5,1,0.0,0,0,0,0.0,680,1.133,1.196,0.5169,97.6,1,7633,0,15,15,0
153609,57397,76918,4976.59,4157.23,2990.46,96.7,0.3334,0.905,1.006,0.110,1,0,0,1,0,0,0,0,0.0,88.7,65.0,45.0,5,1,0.0,0,0,0,0.0,680,1.133,1.195,0.5169,97.6,1,7634,0,15,15,0
153629,57394,76890,4763.45,3755.07,2736.89,96.7,0.3253,0.906,1.028,0.120,1,0,0,1,0,0,0,0,0.0,88.1,65.0,45.0,5,1,0.0,0,0,0,0.0,680,1.133,1.195,0.5169,97.6,1,7635,0,15,15,0
153649,57390,76857,4481.74,3292.92,2486.61,96.7,0.3191,0.906,1.044,0.129,1,0,0,1,0,0,0,0,0.0,87.4,65.0,45.0,5,1,0.0,0,0,0,0.0,680,1.133,1.195,0.5169,97.6,1,7636,0,15,15,0
153669,57379,76804,4157.33,2790.53,2298.35,96.6,0.3147,0.904,1.053,0.139,1,0,0,1,0,0,0,0,0.0,86.7,65.0,45.0,5,1,0.0,0,0,0,0.0,680,1.133,1.195,0.5169,97.6,1,7637,0,15,15,0
153689,57369,76770,3797.04,2239.61,2298.35,96.6,0.3116,0.902,1.057,0.147,1,0,0,1,0,0,0,0,0.0,86.0,65.0,45.0,5,1,0.0,0,0,0,0.0,680,1.133,1.195,0.5169,97.6,1,7638,0,15,15,0
153709,57318,76728,3413.75,1674.64,2298.35,96.5,0.3094,0.899,1.057,0.154,1,0,0,1,0,0,0,0,0.0,85.3,65.0,45.0,5,1,0.0,0,0,0,0.0,680,1.133,1.195,0.5169,97.6,1,7639,0,15,15,0
153729,57295,76658,2945.61,1106.29,2298.35,96.4,0.3078,0.897,1.054,0.159,1,0,0,1,0,0,0,0,0.0,84.7,65.0,45.0,5,1,0.0,0,0,0,0.0,680,1.133,1.195,0.5169,97.6,1,7640,0,15,15,0
153749,57244,76562,2434.70,507.31,2298.35,96.3,0.3067,0.894,1.049,0.164,1,0,0,1,0,0,0,0,0.0,84.3,65.0,45.0,5,1,0.0,0,0,0,0.0,680,1.133,1.195,0.5169,97.6,1,7641,0,15,15,0
153769,57211,76482,1858.79,-157.85,2298.35,96.2,0.3060,0.892,1.042,0.166,1,0,0,1,0,0,0,0,0.0,83.9,65.0,45.0,5,1,0.0,0,0,0,0.0,680,1.133,1.195,0.5169,97.6,1,7642,0,15,15,0
153789,57173,76385,1256.35,-865.70,2298.35,96.2,0.3060,0.891,1.033,0.167,1,0,0,1,0,0,0,0,0.0,83.7,65.0,45.0,5,1,0.0,0,0,0,0.0,680,1.133,1.195,0.5169,97.6,1,7643,0,15,15,0
153809,57099,76283,643.71,-1615.98,2298.35,96.2,0.3067,0.890,1.022,0.167,1,0,0,1,0,0,0,0,0.0,83.7,65.0,45.0,5,1,0.0,0,0,0,0.0,680,1.132,1.195,0.5169,97.6,1,7644,0,15,15,0
153829,57036,76150,-29.74,-2401.32,2298.35,96.2,0.3082,0.891,1.010,0.166,1,0,0,1,0,0,0,0,0.0,83.9,65.0,45.0,5,1,0.0,0,0,0,0.0,680,1.132,1.195,0.5169,97.6,1,7645,0,15,15,0
153849,57003,76065,-749.06,-3246.96,2298.35,96.2,0.3107,0.892,0.998,0.163,1,0,0,1,0,0,0,0,0.0,84.1,65.0,45.0,5,1,0.0,0,0,0,0.0,680,1.132,1.248,0.5169,97.6,1,7646,0,15,15,0
153869,56987,76016,-1440.15,-4080.92,2298.35,96.3,0.3144,0.894,0.984,0.159,1,0,0,1,0,0,0,0,0.0,84.6,65.0,45.0,5,1,0.0,0,0,0,0.0,680,1.132,1.312,0.5169,97.6,1,7647,0,15,15,0
153889,56941,75924,-2039.47,-4818.50,2419.66,96.4,0.3191,0.897,0.970,0.154,1,0,0,1,0,0,0,0,0.0,85.1,65.0,45.0,5,1,0.0,0,0,0,0.0,680,1.132,1.433,0.5169,97.6,1,7648,0,15,15,0
153909,56899,75848,-2582.62,-5489.35,2553.83,96.5,0.3249,0.900,0.955,0.147,1,0,0,1,0,0,0,0,0.0,85.8,65.0,45.0,5,1,0.0,0,0,0,0.0,680,1.132,1.532,0.5169,97.6,1,7649,0,15,15,0
153929,56878,75768,-3079.48,-6086.54,2673.27,96.6,0.3316,0.903,0.941,0.140,1,0,0,1,0,0,0,0,0.0,86.5,65.0,45.0,5,1,0.0,0,0,0,0.0,680,1.132,1.637,0.5169,97.6,1,7650,0,15,15,0
153949,56842,75735,-3497.78,-6616.75,2779.31,96.7,0.3390,0.906,0.927,0.133,1,0,0,1,0,0,0,0,0.0,87.3,65.0,45.0,5,1,0.0,0,0,0,0.0,680,1.132,1.680,0.5169,97.6,1,7651,0,15,15,0
153969,56845,75729,-3853.04,-7023.30,2860.62,96.9,0.3469,0.910,0.915,0.124,1,0,0,1,0,0,0,0,0.0,88.1,65.0,45.0,5,1,0.0,0,0,0,0.0,680,1.132,1.688,0.5169,97.6,1,7652,0,15,15,0
153989,56833,75717,-4102.85,-7260.17,2908.00,97.0,0.3550,0.914,0.904,0.116,1,0,0,1,0,0,0,0,0.0,89.0,65.0,45.0,5,1,0.0,0,0,0,0.0,680,1.118,1.704,0.5169,97.6,1,7653,0,15,15,0
154009,56859,75734,-4231.79,-7322.39,2920.44,97.1,0.3628,0.917,0.895,0.107,1,0,0,1,0,0,0,0,0.0,89.8,65.0,45.0,5,1,0.0,0,0,0,0.0,680,1.118,1.704,0.5169,97.6,1,7654,0,15,15,0
154029,56833,75708,-4276.65,-7248.30,2920.44,97.2,0.3701,0.920,0.887,0.099,1,0,0,1,0,0,0,0,0.0,90.6,65.0,45.0,5,1,0.0,0,0,0,0.0,680,1.118,1.716,0.5169,97.6,1,7655,0,15,15,0
154049,56802,75656,-4242.19,-7069.35,2920.44,97.3,0.3767,0.923,0.882,0.092,1,0,0,1,0,0,0,0,0.0,91.3,65.0,45.0,5,1,0.0,0,0,0,0.0,680,1.118,1.785,0.5169,97.6,1,7656,0,15,15,0
154069,56755,75586,-4197.65,-6872.42,2920.44,97.4,0.3826,0.925,0.877,0.086,1,0,0,1,0,0,0,0,0.0,91.8,65.0,45.0,5,1,0.0,0,0,0,0.0,680,1.167,1.877,0.5169,97.6,1,7657,0,15,15,0
154089,56724,75549,-4201.22,-6720.56,2920.44,97.5,0.3880,0.927,0.874,0.081,1,0,0,1,0,0,0,0,0.0,92.3,65.0,45.0,5,1,0.0,0,0,0,0.0,680,1.222,1.925,0.5169,97.6,1,7658,0,15,15,0
154109,56722,75573,-4239.87,-6556.42,2920.44,97.5,0.3928,0.929,0.872,0.076,1,0,0,1,0,0,0,0,0.0,92.8,65.0,45.0,5,1,0.0,0,0,0,0.0,680,1.225,1.926,0.5169,97.6,1,7659,0,15,15,0
154129,56714,75613,-4249.78,-6341.57,2920.44,97.6,0.3970,0.931,0.871,0.072,1,0,0,1,0,0,0,0,0.0,93.2,65.0,45.0,5,1,0.0,0,0,0,0.0,680,1.239,1.926,0.5169,97.6,1,7660,0,15,15,0
154149,56738,75700,-4204.90,-6015.16,2920.44,97.6,0.4003,0.932,0.872,0.068,1,0,0,1,0,0,0,0,0.0,93.6,65.0,45.0,5,1,0.0,0,0,0,0.0,680,1.239,1.926,0.5169,97.6,1,7661,0,15,15,0
154169,56757,75787,-4073.75,-5508.05,2920.44,97.7,0.4025,0.933,0.873,0.064,1,0,0,1,0,0,0,0,0.0,93.9,65.0,45.0,5,1,0.0,0,0,0,0.0,680,1.239,1.927,0.5169,97.6,1,7662,0,15,15,0
154189,56777,75824,-3851.64,-4823.14,2920.44,97.7,0.4035,0.934,0.876,0.060,1,0,0,1,0,0,0,0,0.0,94.3,65.0,45.0,5,1,0.0,0,0,0,0.0,680,1.239,1.927,0.5169,97.6,1,7663,0,15,15,0
154209,56746,75848,-3586.01,-4061.40,2920.44,97.7,0.4029,0.934,0.879,0.056,1,0,0,1,0,0,0,0,0.0,94.5,65.0,45.0,5,1,0.0,0,0,0,0.0,680,1.239,1.927,0.5169,97.6,1,7664,0,15,15,0
154229,56732,75870,-3324.48,-3299.70,2920.44,97.7,0.4006,0.934,0.883,0.052,1,0,0,1,0,0,0,0,0.0,94.8,65.0,45.0,5,1,0.0,0,0,0,0.0,680,1.239,1.927,0.5169,97.6,1,7665,0,15,15,0
154249,56741,75921,-3077.04,-2578.93,2920.44,97.6,0.3966,0.933,0.887,0.049,1,0,0,1,0,0,0,0,0.0,94.9,65.0,45.0,5,1,0.0,0,0,0,0.0,680,1.239,1.927,0.5169,97.6,1,7666,0,15,15,0
154269,56739,75955,-2842.16,-1877.20,2920.44,97.6,0.3908,0.930,0.889,0.045,1,0,0,1,0,0,0,0,0.0,94.9,65.0,45.0,5,1,0.0,0,0,0,0.0,680,1.239,1.928,0.5169,97.6,1,7667,0,15,15,0
154289,56740,75979,-2613.80,-1212.29,2920.44,97.4,0.3834,0.926,0.889,0.041,1,0,0,1,0,0,0,0,0.0,94.9,65.0,45.0,5,1,0.0,0,0,0,0.0,680,1.239,1.928,0.5169,97.6,1,7668,0,15,15,0
154309,56732,76026,-2393.95,-605.77,2920.44,97.2,0.3748,0.921,0.887,0.038,1,0,0,1,0,0,0,0,0.0,94.7,65.0,45.0,5,1,0.0,0,0,0,0.0,680,1.239,1.928,0.5169,97.6,1,7669,0,15,15,0
154329,56753,76060,-2180.34,-32.57,2903.67,97.0,0.3656,0.913,0.882,0.036,1,0,0,1,0,0,0,0,0.0,94.3,65.0,45.0,5,1,0.0,0,0,0,0.0,680,1.239,1.928,0.5169,97.6,1,7670,0,15,15,0
154349,56750,76094,-1956.62,499.29,2837.03,96.7,0.3563,0.905,0.873,0.034,1,0,0,1,0,0,0,0,0.0,93.7,65.0,45.0,5,1,0.0,0,0,0,0.0,680,1.240,1.928,0.5169,97.6,1,7671,0,15,15,0
154369,56770,76108,-1732.17,987.41,2727.81,96.3,0.3478,0.895,0.861,0.033,1,0,0,1,0,0,0,0,0.0,93.0,65.0,45.0,5,1,0.0,0,0,0,0.0,680,1.240,1.929,0.5169,97.6,1,7672,0,15,15,0
154389,56760,76120,-1505.64,1405.39,2591.05,95.9,0.3405,0.884,0.844,0.033,1,0,0,1,0,0,0,0,0.0,92.2,65.0,45.0,5,1,0.0,0,0,0,0.0,680,1.240,1.929,0.5169,97.6,1,7673,0,15,15,0
154409,56782,76145,-1273.35,1745.93,2435.18,95.6,0.3348,0.874,0.825,0.034,1,0,0,1,0,0,0,0,0.0,91.3,65.0,45.0,5,1,0.0,0,0,0,0.0,680,1.240,1.929,0.5169,97.6,1,7674,0,15,15,0
154429,56794,76173,-1033.14,2031.49,2422.23,95.2,0.3308,0.864,0.805,0.037,1,0,0,1,0,0,0,0,0.0,90.3,65.0,45.0,5,1,0.0,0,0,0,0.0,680,1.240,1.930,0.5169,97.6,1,7675,0,15,15,0
154449,56811,76176,-787.52,2280.29,2422.23,94.9,0.3284,0.855,0.784,0.041,1,0,0,1,0,0,0,0,0.0,89.4,65.0,45.0,5,1,0.0,0,0,0,0.0,680,1.240,1.930,0.5169,97.6,1,7676,0,15,15,0
154469,56825,76213,-531.59,2468.69,2422.23,94.7,0.3274,0.848,0.764,0.046,1,0,0,1,0,0,0,0,0.0,88.6,65.0,45.0,5,1,0.0,0,0,0,0.0,680,1.241,1.931,0.5169,97.6,1,7677,0,15,15,0
154489,56821,76202,-279.97,2624.85,2422.23,94.5,0.3275,0.843,0.745,0.051,1,0,0,1,0,0,0,0,0.0,87.8,65.0,45.0,5,1,0.0,0,0,0,0.0,680,1.241,1.931,0.5169,97.6,1,7678,0,15,15,0
154509,56800,76157,-58.41,2727.98,2422.23,94.4,0.3285,0.840,0.730,0.058,1,0,0,1,0,0,0,0,0.0,87.2,65.0,45.0,5,1,0.0,0,0,0,0.0,680,1.241,1.905,0.5169,97.6,1,7679,0,15,15,0
154529,56795,76115,87.02,2715.47,2422.23,94.4,0.3301,0.839,0.717,0.064,1,0,0,1,0,0,0,0,0.0,86.7,65.0,45.0,5,1,0.0,0,0,0,0.0,680,1.241,1.906,0.5169,97.6,1,7680,0,15,15,0
154549,56763,76054,176.40,2582.83,2422.23,94.4,0.3320,0.839,0.708,0.070,1,0,0,1,0,0,0,0,0.0,86.3,65.0,45.0,5,1,0.0,0,0,0,0.0,680,1.242,1.888,0.5169,97.6,1,7681,0,15,15,0
154569,56768,76027,185.63,2321.46,2422.23,94.4,0.3338,0.841,0.701,0.076,1,0,0,1,0,0,0,0,0.0,86.0,65.0,45.0,5,1,0.0,0,0,0,0.0,680,1.233,1.849,0.5169,97.6,1,7682,0,15,15,0
154589,56760,76004,156.45,1995.08,2422.23,94.5,0.3353,0.843,0.697,0.082,1,0,0,1,0,0,0,0,0.0,85.8,65.0,45.0,5,1,0.0,0,0,0,0.0,680,1.200,1.799,0.5169,97.6,1,7683,0,15,15,0
154609,56750,75939,115.44,1647.58,2422.23,94.6,0.3366,0.845,0.695,0.086,1,0,0,1,0,0,0,0,0.0,85.6,65.0,45.0,5,1,0.0,0,0,0,0.0,680,1.195,1.763,0.5169,97.6,1,7684,0,15,15,0
154629,56608,75672,62.89,1246.49,2422.23,94.7,0.3374,0.847,0.695,0.091,1,0,0,1,0,0,0,0,0.0,85.5,65.0,45.0,5,1,0.0,0,0,0,0.0,680,1.375,1.720,0.5169,97.6,1,7685,0,15,15,0
154649,56309,74990,-237.05,517.98,2422.23,94.7,0.3378,0.849,0.695,0.094,1,0,0,1,0,0,0,0,0.0,85.4,65.0,45.0,5,1,0.0,0,0,0,0.0,680,1.882,2.387,0.5169,97.6,1,7686,0,15,15,0
154669,56065,74445,-1123.87,-1153.28,2422.23,94.8,0.3376,0.851,0.697,0.096,1,0,0,1,0,0,0,0,0.0,85.4,65.0,45.0,5,1,0.0,0,0,0,0.0,680,2.294,3.061,0.5169,97.6,1,7687,0,15,15,0
154689,55898,74125,-2540.08,-3676.12,2422.23,94.8,0.3383,0.852,0.697,0.098,1,0,0,1,0,0,0,0,0.0,85.3,65.0,45.0,5,1,0.0,0,0,0,0.0,680,2.500,3.429,0.5169,97.6,1,7688,0,15,15,0
154709,55757,73909,-4230.20,-6558.09,2422.23,94.9,0.3423,0.854,0.695,0.100,1,0,0,1,0,0,0,0,0.0,85.4,65.0,45.0,5,1,0.0,0,0,0,0.0,680,2.709,3.624,0.5169,97.6,1,7689,0,15,15,0
154729,55676,73805,-5985.49,-9376.06,2832.96,95.0,0.3516,0.858,0.690,0.101,1,0,0,1,0,0,0,0,0.0,85.7,65.0,45.0,5,1,0.0,0,0,0,0.0,680,2.763,3.638,0.5169,97.6,1,7690,0,15,15,0
154749,55642,73746,-7584.85,-11787.21,3315.19,95.3,0.3665,0.865,0.683,0.102,1,0,0,1,0,0,0,0,0.0,86.1,65.0,45.0,5,1,0.0,0,0,0,0.0,680,2.767,3.613,0.5169,97.6,1,7691,0,15,15,0
154769,55635,73692,-8859.74,-13626.46,3683.04,95.6,0.3860,0.874,0.677,0.104,1,0,0,1,0,0,0,0,0.0,86.7,65.0,45.0,5,1,0.0,0,0,0,0.0,680,2.714,3.558,0.5169,97.6,1,7692,0,15,15,0
154789,55615,73656,-9727.23,-14884.99,3934.75,95.9,0.4080,0.883,0.671,0.105,1,0,0,1,0,0,0,0,0.0,87.3,65.0,45.0,5,1,0.0,0,0,0,0.0,680,2.620,3.474,0.5169,97.6,1,7693,0,15,15,0
154809,55605,73640,-10227.75,-15606.64,4079.08,96.2,0.4307,0.892,0.666,0.106,1,0,0,1,0,0,0,0,0.0,87.9,65.0,45.0,5,1,0.0,0,0,0,0.0,680,2.527,3.405,0.5169,97.6,1,7694,0,15,15,0
154829,55607,73621,-10404.16,-15852.56,4128.26,96.5,0.4527,0.899,0.662,0.107,1,0,0,1,0,0,0,0,0.0,88.4,65.0,45.0,5,1,0.0,0,0,0,0.0,680,2.470,3.432,0.5169,97.6,1,7695,0,15,15,0
154849,55581,73546,-10307.89,-15717.59,4128.26,96.7,0.4728,0.906,0.659,0.108,1,0,0,1,0,0,0,0,0.0,88.9,65.0,45.0,5,1,0.0,0,0,0,0.0,680,2.486,3.534,0.5169,97.6,1,7696,0,15,15,0
154869,55536,73498,-10039.68,-15371.91,4128.26,96.9,0.4909,0.911,0.656,0.109,1,0,0,1,0,0,0,0,0.0,89.2,65.0,45.0,5,1,0.0,0,0,0,0.0,680,2.485,3.600,0.5169,97.6,1,7697,0,15,15,0
154889,55537,73500,-9703.44,-14877.72,4128.26,97.0,0.5067,0.916,0.653,0.109,1,0,0,1,0,0,0,0,0.0,89.5,65.0,45.0,5,1,0.0,0,0,0,0.0,680,2.412,3.602,0.5169,97.6,1,7698,0,15,15,0
154909,55554,73497,-9273.45,-14225.06,4128.26,97.2,0.5204,0.919,0.651,0.110,1,0,0,1,0,0,0,0,0.0,89.8,65.0,45.0,5,1,0.0,0,0,0,0.0,680,2.376,3.606,0.5169,97.6,1,7699,0,15,15,0
154929,55538,73496,-8754.12,-13436.20,4128.26,97.3,0.5318,0.922,0.649,0.110,1,0,0,1,0,0,0,0,0.0,90.0,65.0,45.0,5,1,0.0,0,0,0,0.0,680,2.344,3.609,0.5169,97.6,1,7700,0,15,15,0
154949,55560,73578,-8136.96,-12544.66,4128.26,97.4,0.5411,0.925,0.647,0.110,1,0,0,1,0,0,0,0,0.0,90.2,65.0,45.0,5,1,0.0,0,0,0,0.0,680,2.345,3.611,0.5169,97.6,1,7701,0,15,15,0
154969,55584,73655,-7456.00,-11475.65,4128.26,97.4,0.5484,0.927,0.646,0.109,1,0,0,1,0,0,0,0,0.0,90.4,65.0,45.0,5,1,0.0,0,0,0,0.0,680,2.346,3.613,0.5169,97.6,1,7702,0,15,15,0
154989,55624,73751,-6707.31,-10239.12,4128.26,97.5,0.5536,0.928,0.645,0.109,1,0,0,1,0,0,0,0,0.0,90.5,65.0,45.0,5,1,0.0,0,0,0,0.0,680,2.347,3.615,0.5169,97.6,1,7703,0,15,15,0
155009,55608,73725,-5905.61,-8883.98,4128.26,97.5,0.5571,0.930,0.644,0.108,1,0,0,1,0,0,0,0,0.0,90.7,65.0,45.0,5,1,0.0,0,0,0,0.0,680,2.302,3.617,0.5169,97.6,1,7704,0,15,15,0
155029,55580,73621,-5115.35,-7555.11,4128.26,97.6,0.5592,0.931,0.644,0.107,1,0,0,1,0,0,0,0,0.0,90.9,65.0,45.0,5,1,0.0,0,0,0,0.0,680,2.289,3.619,0.5169,97.6,1,7705,0,15,15,0
155049,55554,73549,-4418.95,-6461.36,4128.26,97.7,0.5605,0.933,0.644,0.106,1,0,0,1,0,0,0,0,0.0,91.1,65.0,45.0,5,1,0.0,0,0,0,0.0,680,2.290,3.621,0.5169,97.6,1,7706,0,15,15,0
155069,55577,73538,-3796.53,-5618.67,4128.26,97.7,0.5612,0.935,0.645,0.105,1,0,0,1,0,0,0,0,0.0,91.3,65.0,45.0,5,1,0.0,0,0,0,0.0,680,2.290,3.623,0.5169,97.6,1,7707,0,15,15,0
155089,55579,73545,-3229.02,-4910.57,4128.26,97.8,0.5615,0.936,0.646,0.103,1,0,0,1,0,0,0,0,0.0,91.5,65.0,45.0,5,1,0.0,0,0,0,0.0,680,2.291,3.625,0.5169,97.6,1,7708,0,15,15,0
155109,55627,73620,-2701.87,-4270.32,4128.26,97.8,0.5615,0.938,0.646,0.101,1,0,0,1,0,0,0,0,0.0,91.8,65.0,45.0,5,1,0.0,0,0,0,0.0,680,2.292,3.627,0.5169,97.6,1,7709,0,15,15,0
155129,55674,73693,-2124.00,-3563.57,4128.26,97.9,0.5613,0.939,0.647,0.099,1,0,0,1,0,0,0,0,0.0,92.0,65.0,45.0,5,1,0.0,0,0,0,0.0,680,2.293,3.629,0.5169,97.6,1,7710,0,15,15,0
155149,55722,73763,-1473.08,-2754.60,4128.26,97.9,0.5610,0.940,0.648,0.097,1,0,0,1,0,0,0,0,0.0,92.2,65.0,45.0,5,1,0.0,0,0,0,0.0,680,2.294,3.631,0.5169,97.6,1,7711,0,15,15,0
155169,55739,73826,-755.19,-1855.64,4128.26,97.9,0.5608,0.941,0.649,0.095,1,0,0,1,0,0,0,0,0.0,92.5,65.0,45.0,5,1,0.0,0,0,0,0.0,680,2.295,3.633,0.5169,97.6,1,7712,0,15,15,0
155189,55806,73928,-46.28,-903.11,4128.26,98.0,0.5609,0.942,0.651,0.092,1,0,0,1,0,0,0,0,0.0,92.7,65.0,45.0,5,1,0.0,0,0,0,0.0,680,2.296,3.634,0.5169,97.6,1,7713,0,15,15,0
155209,55868,74032,708.45,124.50,4128.26,98.0,0.5614,0.942,0.652,0.090,1,0,0,1,0,0,0,0,0.0,92.9,65.0,45.0,5,1,0.0,0,0,0,0.0,680,2.296,3.636,0.5169,97.6,1,7714,0,15,15,0
155229,55906,74110,1507.77,1217.46,4128.26,98.0,0.5625,0.943,0.654,0.087,1,0,0,1,0,0,0,0,0.0,93.1,65.0,45.0,5,1,0.0,0,0,0,0.0,680,2.297,3.638,0.5169,97.6,1,7715,0,15,15,0
155249,55946,74208,2292.66,2315.54,4128.26,98.0,0.5645,0.944,0.655,0.085,1,0,0,1,0,0,0,0,0.0,93.4,65.0,45.0,5,1,0.0,0,0,0,0.0,680,2.298,3.640,0.5169,97.6,1,7716,0,15,15,0
155269,55992,74295,3036.84,3409.81,4128.26,98.1,0.5675,0.945,0.658,0.082,1,0,0,1,0,0,0,0,0.0,93.6,65.0,45.0,5,1,0.0,0,0,0,0.0,680,2.298,3.641,0.5169,97.6,1,7717,0,15,15,0
155289,56037,74368,3738.84,4470.82,4128.26,98.1,0.5716,0.946,0.660,0.079,1,0,0,1,0,0,0,0,0.0,93.9,65.0,45.0,5,1,0.0,0,0,0,0.0,680,2.299,3.643,0.5169,97.6,1,7718,0,15,15,0
155309,56066,74415,4395.00,5461.24,4262.76,98.2,0.5768,0.948,0.663,0.076,1,0,0,1,0,0,0,0,0.0,94.2,65.0,45.0,5,1,0.0,0,0,0,0.0,680,2.299,3.644,0.5169,97.6,1,7719,0,15,15,0
155329,56051,74409,4946.89,6321.86,4434.89,98.2,0.5831,0.949,0.665,0.073,1,0,0,1,0,0,0,0,0.0,94.6,65.0,45.0,5,1,0.0,0,0,0,0.0,680,2.300,3.646,0.5169,97.6,1,7720,0,15,15,0
155349,56024,74366,5354.51,6982.24,4566.96,98.3,0.5901,0.951,0.668,0.069,1,0,0,1,0,0,0,0,0.0,94.9,65.0,45.0,5,1,0.0,0,0,0,0.0,680,2.301,3.648,0.5169,97.6,1,7721,0,15,15,0
155369,56020,74337,5568.92,7376.93,4645.90,98.4,0.5974,0.953,0.670,0.066,1,0,0,1,0,0,0,0,0.0,95.1,65.0,45.0,5,1,0.0,0,0,0,0.0,680,2.301,3.649,0.5169,97.6,1,7722,0,15,15,0
155389,55999,74306,5638.02,7533.10,4677.13,98.4,0.6044,0.954,0.673,0.063,1,0,0,1,0,0,0,0,0.0,95.3,65.0,45.0,5,1,0.0,0,0,0,0.0,680,2.302,3.651,0.5169,97.6,1,7723,0,15,15,0
155409,56012,74299,5594.07,7491.84,4677.13,98.5,0.6108,0.956,0.675,0.060,1,0,0,1,0,0,0,0,0.0,95.6,65.0,45.0,5,1,0.0,0,0,0,0.0,680,2.302,3.653,0.5169,97.6,1,7724,0,15,15,0
155429,56026,74328,5481.18,7341.05,4677.13,98.5,0.6164,0.957,0.676,0.056,1,0,0,1,0,0,0,0,0.0,95.8,65.0,45.0,5,1,0.0,0,0,0,0.0,680,2.303,3.655,0.5169,97.6,1,7725,0,15,15,0
155449,56017,74345,5336.91,7163.32,4677.13,98.5,0.6211,0.957,0.677,0.053,1,0,0,1,0,0,0,0,0.0,96.0,65.0,45.0,5,1,0.0,0,0,0,0.0,680,2.304,3.657,0.5169,97.6,1,7726,0,15,15,0
155469,56005,74326,5172.63,6966.59,4677.13,98.5,0.6249,0.958,0.677,0.050,1,0,0,1,0,0,0,0,0.0,96.2,65.0,45.0,5,1,0.0,0,0,0,0.0,680,2.297,3.644,0.5169,97.6,1,7727,0,15,15,0
155489,55997,74293,4974.80,6754.98,4677.13,98.5,0.6280,0.958,0.676,0.048,1,0,0,1,0,0,0,0,0.0,96.4,65.0,45.0,5,1,0.0,0,0,0,0.0,680,2.260,3.585,0.5169,97.6,1,7728,0,15,15,0
155509,56000,74289,4756.83,6490.79,4677.13,98.6,0.6303,0.959,0.674,0.045,1,0,0,1,0,0,0,0,0.0,96.5,65.0,45.0,5,1,0.0,0,0,0,0.0,680,2.252,3.530,0.5169,97.6,1,7729,0,15,15,0
155529,55998,74313,4534.06,6213.43,4677.13,98.6,0.6320,0.959,0.672,0.043,1,0,0,1,0,0,0,0,0.0,96.7,65.0,45.0,5,1,0.0,0,0,0,0.0,680,2.204,3.450,0.5169,97.6,1,7730,0,15,15,0
155549,56030,74350,4322.18,5970.08,4677.13,98.6,0.6334,0.960,0.669,0.041,1,0,0,1,0,0,0,0,0.0,96.8,65.0,45.0,5,1,0.0,0,0,0,0.0,680,2.205,3.415,0.5169,97.6,1,7731,0,15,15,0
155569,56028,74376,4174.87,5799.65,4677.13,98.6,0.6348,0.960,0.667,0.040,1,0,0,1,0,0,0,0,0.0,96.9,65.0,45.0,5,1,0.0,0,0,0,0.0,680,2.191,3.385,0.5169,97.6,1,7732,0,15,15,0
155589,56047,74389,4057.55,5692.69,4677.13,98.6,0.6362,0.961,0.664,0.039,1,0,0,1,0,0,0,0,0.0,97.0,65.0,45.0,5,1,0.0,0,0,0,0.0,680,2.174,3.299,0.5169,97.6,1,7733,0,15,15,0
155609,56058,74400,3979.61,5618.17,4677.13,98.7,0.6378,0.962,0.661,0.037,1,0,0,1,0,0,0,0,0.0,97.1,65.0,45.0,5,1,0.0,0,0,0,0.0,680,1.920,2.940,0.5169,97.6,1,7734,0,15,15,0
155629,56037,74418,3908.02,5555.68,4677.13,98.7,0.6397,0.963,0.658,0.037,1,0,0,1,0,0,0,0,0.0,97.2,65.0,45.0,5,1,0.0,0,0,0,0.0,680,1.385,2.019,0.5169,97.6,1,7735,0,15,15,0
155649,56061,74418,3848.61,5504.49,4677.13,98.8,0.6419,0.965,0.655,0.036,1,0,0,1,0,0,0,0,0.0,97.2,65.0,45.0,5,1,0.0,0,0,0,0.0,680,0.950,1.283,0.5169,97.6,1,7736,0,15,15,0
155669,56050,74426,3767.14,5437.46,4677.13,98.8,0.6445,0.966,0.653,0.036,1,0,0,1,0,0,0,0,0.0,97.3,65.0,45.0,5,1,0.0,0,0,0,0.0,680,0.950,1.257,0.5169,97.6,1,7737,0,15,15,0
155689,56048,74399,3667.80,5345.70,4677.13,98.9,0.6473,0.968,0.651,0.035,1,0,0,1,0,0,0,0,0.0,97.3,65.0,45.0,5,1,0.0,0,0,0,0.0,680,0.950,1.257,0.5169,97.6,1,7738,0,15,15,0
155709,56027,74359,3551.68,5203.19,4677.13,98.9,0.6502,0.969,0.649,0.035,1,0,0,1,0,0,0,0,0.0,97.3,65.0,45.0,5,1,0.0,0,0,0,0.0,680,0.949,1.257,0.5169,97.6,1,7739,0,15,15,0
155729,56017,74333,3387.55,4978.59,4677.13,99.0,0.6532,0.971,0.648,0.035,1,0,0,1,0,0,0,0,0.0,97.4,65.0,45.0,5,1,0.0,0,0,0,0.0,680,0.949,1.257,0.5169,97.6,1,7740,0,15,15,0
155749,55986,74283,3191.07,4692.07,4677.13,99.0,0.6561,0.972,0.647,0.035,1,0,0,1,0,0,0,0,0.0,97.4,65.0,45.0,5,1,0.0,0,0,0,0.0,680,0.949,1.256,0.5169,97.6,1,7741,0,15,15,0
155769,55979,74216,2936.43,4330.09,4677.13,99.1,0.6588,0.973,0.646,0.034,1,0,0,1,0,0,0,0,0.0,97.4,65.0,45.0,5,1,0.0,0,0,0,0.0,680,0.949,1.256,0.5169,97.6,1,7742,0,15,15,0
155789,55970,74185,2667.75,3877.86,4677.13,99.1,0.6613,0.974,0.646,0.034,1,0,0,1,0,0,0,0,0.0,97.5,65.0,45.0,5,1,0.0,0,0,0,0.0,680,0.949,1.256,0.5169,97.6,1,7743,0,15,15,0
155809,55939,74164,2403.60,3396.19,4677.13,99.1,0.6633,0.975,0.647,0.034,1,0,0,1,0,0,0,0,0.0,97.5,65.0,45.0,5,1,0.0,0,0,0,0.0,680,0.949,1.256,0.5169,97.6,1,7744,0,15,15,0
155829,55900,74068,2112.84,2932.15,4677.13,99.2,0.6649,0.976,0.647,0.033,1,0,0,1,0,0,0,0,0.0,97.5,65.0,45.0,5,1,0.0,0,0,0,0.0,680,0.949,1.256,0.5169,97.6,1,7745,0,15,15,0
155849,55850,73973,1774.65,2403.05,4677.13,99.2,0.6660,0.977,0.648,0.033,1,0,0,1,0,0,0,0,0.0,97.6,65.0,45.0,5,1,0.0,0,0,0,0.0,680,0.949,1.256,0.5169,97.6,1,7746,0,15,15,0
155869,55809,73863,1370.54,1791.15,4677.13,99.2,0.6664,0.977,0.649,0.032,1,0,0,1,0,0,0,0,0.0,97.6,65.0,45.0,5,1,0.0,0,0,0,0.0,680,0.947,1.255,0.5169,97.6,1,7747,0,15,15,0
155889,55745,73703,923.08,1086.63,4677.13,99.2,0.6662,0.978,0.650,0.031,1,0,0,1,0,0,0,0,0.0,97.7,65.0,45.0,5,1,0.0,0,0,0,0.0,680,0.945,1.255,0.5169,97.6,1,7748,0,15,15,0
155909,55675,73572,410.01,237.11,4677.13,99.2,0.6652,0.978,0.652,0.030,1,0,0,1,0,0,0,0,0.0,97.8,65.0,45.0,5,1,0.0,0,0,0,0.0,680,0.945,1.255,0.5169,97.6,1,7749,0,15,15,0
155929,55631,73483,-173.93,-708.91,4677.13,99.2,0.6636,0.978,0.653,0.029,1,0,0,1,0,0,0,0,0.0,97.8,65.0,45.0,5,1,0.0,0,0,0,0.0,680,0.916,1.273,0.5169,97.6,1,7750,0,15,15,0
155949,55614,73420,-766.96,-1650.10,4677.13,99.2,0.6616,0.978,0.654,0.028,1,0,0,1,0,0,0,0,0.0,97.9,65.0,45.0,5,1,0.0,0,0,0,0.0,680,0.916,1.358,0.5169,97.6,1,7751,0,15,15,0
155969,55584,73361,-1287.23,-2500.65,4677.13,99.2,0.6593,0.979,0.655,0.027,1,0,0,1,0,0,0,0,0.0,98.0,65.0,45.0,5,1,0.0,0,0,0,0.0,680,0.916,1.438,0.5169,97.6,1,7752,0,15,15,0
155989,55555,73329,-1730.81,-3224.96,4677.13,99.2,0.6569,0.979,0.656,0.026,1,0,0,1,0,0,0,0,0.0,98.1,65.0,45.0,5,1,0.0,0,0,0,0.0,680,0.916,1.481,0.5169,97.6,1,7753,0,15,15,0
156009,55550,73317,-2101.06,-3782.52,4677.13,99.2,0.6546,0.978,0.657,0.025,1,0,0,1,0,0,0,0,0.0,98.1,65.0,45.0,5,1,0.0,0,0,0,0.0,680,0.923,1.497,0.5169,97.6,1,7754,0,15,15,0
156029,55598,73422,-2353.19,-4131.45,4677.13,99.2,0.6525,0.978,0.657,0.024,1,0,0,1,0,0,0,0,0.0,98.2,65.0,45.0,5,1,0.0,0,0,0,0.0,680,0.923,1.498,0.5169,97.6,1,7755,0,15,15,0
156049,55722,73639,-2404.89,-4153.25,4677.13,99.2,0.6505,0.978,0.658,0.022,1,0,0,1,0,0,0,0,0.0,98.3,65.0,45.0,5,1,0.0,0,0,0,0.0,680,0.923,1.498,0.5169,97.6,1,7756,0,15,15,0
156069,55888,74009,-2103.20,-3676.23,4677.13,99.2,0.6485,0.978,0.658,0.021,1,0,0,1,0,0,0,0,0.0,98.4,65.0,45.0,5,1,0.0,0,0,0,0.0,680,0.923,1.497,0.5169,97.6,1,7757,0,15,15,0
156089,56100,74461,-1364.26,-2497.63,4677.13,99.2,0.6462,0.978,0.659,0.020,1,0,0,1,0,0,0,0,0.0,98.4,65.0,45.0,5,1,0.0,0,0,0,0.0,680,0.984,1.544,0.5169,97.6,1,7758,0,15,15,0
156109,56276,74872,-141.99,-537.63,4677.13,99.2,0.6439,0.978,0.659,0.019,1,0,0,1,0,0,0,0,0.0,98.5,65.0,45.0,5,1,0.0,0,0,0,0.0,680,1.298,2.098,0.5169,97.6,1,7759,0,15,15,0
156129,56379,75107,1432.06,2043.49,4677.13,99.2,0.6425,0.978,0.659,0.018,1,0,0,1,0,0,0,0,0.0,98.6,65.0,45.0,5,1,0.0,0,0,0,0.0,680,1.482,2.414,0.5169,97.6,1,7760,0,15,15,0
156149,56323,75059,2999.67,4752.49,4677.13,99.2,0.6430,0.978,0.659,0.017,1,0,0,1,0,0,0,0,0.0,98.6,65.0,45.0,5,1,0.0,0,0,0,0.0,680,1.482,2.414,0.5169,97.6,1,7761,0,15,15,0
156169,56268,74941,4314.11,7084.05,4677.13,99.2,0.6461,0.978,0.659,0.016,1,0,0,1,0,0,0,0,0.0,98.7,65.0,45.0,5,1,0.0,0,0,0,0.0,680,1.482,2.413,0.5169,97.6,1,7762,0,15,15,0
156189,56173,74770,5198.45,8702.15,4910.94,99.2,0.6516,0.978,0.658,0.016,1,0,0,1,0,0,0,0,0.0,98.7,65.0,45.0,5,1,0.0,0,0,0,0.0,680,1.481,2.412,0.5169,97.6,1,7763,0,15,15,0
156209,56075,74588,5562.18,9486.30,5067.77,99.3,0.6583,0.979,0.656,0.015,1,0,0,1,0,0,0,0,0.0,98.8,65.0,45.0,5,1,0.0,0,0,0,0.0,680,1.481,2.412,0.5169,97.6,1,7764,0,15,15,0
156229,56009,74385,5436.23,9487.61,5068.04,99.3,0.6651,0.979,0.654,0.014,1,0,0,1,0,0,0,0,0.0,98.8,65.0,45.0,5,1,0.0,0,0,0,0.0,680,1.481,2.412,0.5169,97.6,1,7765,0,15,15,0
156249,55938,74276,4965.25,8813.18,5068.04,99.3,0.6710,0.980,0.652,0.014,1,0,0,1,0,0,0,0,0.0,98.8,65.0,45.0,5,1,0.0,0,0,0,0.0,680,1.481,2.412,0.5169,97.6,1,7766,0,15,15,0
156269,55921,74172,4254.18,7742.30,5068.04,99.3,0.6754,0.980,0.651,0.014,1,0,0,1,0,0,0,0,0.0,98.9,65.0,45.0,5,1,0.0,0,0,0,0.0,680,1.481,2.412,0.5169,97.6,1,7767,0,15,15,0
156289,55905,74160,3486.77,6463.86,5068.04,99.3,0.6785,0.981,0.649,0.014,1,0,0,1,0,0,0,0,0.0,98.9,65.0,45.0,5,1,0.0,0,0,0,0.0,680,1.481,2.412,0.5169,97.6,1,7768,0,15,15,0
156309,55935,74165,2784.23,5230.99,5068.04,99.4,0.6805,0.982,0.649,0.014,1,0,0,1,0,0,0,0,0.0,98.9,65.0,45.0,5,1,0.0,0,0,0,0.0,680,1.481,2.412,0.5169,97.6,1,7769,0,15,15,0
156329,55973,74227,2218.30,4160.76,5068.04,99.4,0.6818,0.983,0.648,0.014,1,0,0,1,0,0,0,0,0.0,98.9,65.0,45.0,5,1,0.0,0,0,0,0.0,680,1.482,2.412,0.5169,97.6,1,7770,0,15,15,0
156349,55985,74290,1846.92,3371.92,5068.04,99.4,0.6826,0.984,0.648,0.014,1,0,0,1,0,0,0,0,0.0,98.9,65.0,45.0,5,1,0.0,0,0,0,0.0,680,1.482,2.412,0.5169,97.6,1,7771,0,15,15,0
156369,56022,74361,1620.35,2879.39,5068.04,99.5,0.6831,0.985,0.649,0.014,1,0,0,1,0,0,0,0,0.0,98.9,65.0,45.0,5,1,0.0,0,0,0,0.0,680,1.482,2.412,0.5169,97.6,1,7772,0,15,15,0
156389,56038,74430,1544.54,2660.41,5068.04,99.5,0.6835,0.987,0.649,0.013,1,0,0,1,0,0,0,0,0.0,99.0,65.0,45.0,5,1,0.0,0,0,0,0.0,680,1.482,2.412,0.5169,97.6,1,7773,0,15,15,0
156409,56053,74482,1561.40,2663.89,5068.04,99.6,0.6838,0.988,0.650,0.013,1,0,0,1,0,0,0,0,0.0,99.0,65.0,45.0,5,1,0.0,0,0,0,0.0,680,1.482,2.412,0.5169,97.6,1,7774,0,15,15,0
156429,56073,74534,1631.27,2811.92,5068.04,99.6,0.6840,0.989,0.651,0.013,1,0,0,1,0,0,0,0,0.0,99.0,65.0,45.0,5,1,0.0,0,0,0,0.0,680,1.481,2.412,0.5169,97.6,1,7775,0,15,15,0
156449,56070,74570,1732.79,3049.33,5068.04,99.7,0.6843,0.991,0.652,0.012,1,0,0,1,0,0,0,0,0.0,99.1,65.0,45.0,5,1,0.0,0,0,0,0.0,680,1.481,2.412,0.5169,97.6,1,7776,0,15,15,0
156469,56095,74608,1825.64,3315.41,5068.04,99.7,0.6847,0.992,0.653,0.012,1,0,0,1,0,0,0,0,0.0,99.1,65.0,45.0,5,1,0.0,0,0,0,0.0,680,1.481,2.412,0.5169,97.6,1,7777,0,15,15,0
156489,56095,74608,1928.32,3580.79,5068.04,99.7,0.6851,0.993,0.653,0.011,1,0,0,1,0,0,0,0,0.0,99.2,65.0,45.0,5,1,0.0,0,0,0,0.0,680,1.481,2.411,0.5169,97.6,1,7778,0,15,15,0
156509,56091,74573,2005.23,3777.98,5068.04,99.8,0.6855,0.994,0.654,0.011,1,0,0,1,0,0,0,0,0.0,99.2,65.0,45.0,5,1,0.0,0,0,0,0.0,680,1.481,2.411,0.5169,97.6,1,7779,0,15,15,0
156529,56083,74549,2037.35,3838.89,5068.04,99.8,0.6861,0.994,0.655,0.010,1,0,0,1,0,0,0,0,0.0,99.3,65.0,45.0,5,1,0.0,0,0,0,0.0,680,1.481,2.411,0.5169,97.6,1,7780,0,15,15,0
156549,56063,74529,2015.64,3770.13,5068.04,99.8,0.6866,0.995,0.655,0.010,1,0,0,1,0,0,0,0,0.0,99.3,65.0,45.0,5,1,0.0,0,0,0,0.0,680,1.481,2.411,0.5169,97.6,1,7781,0,15,15,0
156569,56067,74513,1929.70,3599.34,5068.04,99.8,0.6871,0.995,0.655,0.009,1,0,0,1,0,0,0,0,0.0,99.3,65.0,45.0,5,1,0.0,0,0,0,0.0,680,1.481,2.411,0.5169,97.6,1,7782,0,15,15,0
156589,56070,74496,1814.73,3359.58,5068.04,99.8,0.6876,0.996,0.656,0.009,1,0,0,1,0,0,0,0,0.0,99.4,65.0,45.0,5,1,0.0,0,0,0,0.0,680,1.481,2.411,0.5169,97.6,1,7783,0,15,15,0
156609,56044,74470,1690.21,3075.04,5068.04,99.9,0.6880,0.996,0.656,0.008,1,0,0,1,0,0,0,0,0.0,99.4,65.0,45.0,5,1,0.0,0,0,0,0.0,680,1.481,2.411,0.5169,97.6,1,7784,0,15,15,0
156629,56070,74468,1571.93,2752.12,5068.04,99.9,0.6884,0.996,0.656,0.008,1,0,0,1,0,0,0,0,0.0,99.4,65.0,45.0,5,1,0.0,0,0,0,0.0,680,1.481,2.411,0.5169,97.6,1,7785,0,15,15,0
156649,56054,74463,1431.47,2435.00,5068.04,99.9,0.6888,0.996,0.656,0.007,1,0,0,1,0,0,0,0,0.0,99.5,65.0,45.0,5,1,0.0,0,0,0,0.0,680,1.481,2.411,0.5169,97.6,1,7786,0,15,15,0
156669,56038,74450,1291.07,2139.37,5068.04,99.9,0.6889,0.996,0.655,0.007,1,0,0,1,0,0,0,0,0.0,99.5,65.0,45.0,5,1,0.0,0,0,0,0.0,680,1.481,2.411,0.5169,97.6,1,7787,0,15,15,0
156689,56035,74436,1131.60,1859.91,5068.04,99.9,0.6879,0.996,0.655,0.006,1,0,0,1,0,0,0,0,0.0,99.5,65.0,45.0,5,1,0.0,0,0,0,0.0,680,1.481,2.411,0.5169,97.6,1,7788,0,15,15,0
156709,56005,74419,973.35,1593.14,5068.04,99.9,0.6845,0.996,0.655,0.006,1,0,0,1,0,0,0,0,0.0,99.6,65.0,45.0,5,1,0.0,0,0,0,0.0,680,1.481,2.411,0.5169,97.6,1,7789,0,15,15,0
156729,56014,74414,792.83,1333.98,5068.04,99.9,0.6775,0.996,0.655,0.006,1,0,0,1,0,0,0,0,0.0,99.6,65.0,45.0,5,1,0.0,0,0,0,0.0,680,1.481,2.411,0.5169,97.6,1,7790,0,15,15,0
156749,56008,74394,612.93,1098.12,5068.04,99.9,0.6661,0.996,0.655,0.006,1,0,0,1,0,0,0,0,0.0,99.6,65.0,45.0,5,1,0.0,0,0,0,0.0,680,1.481,2.410,0.5169,97.6,1,7791,0,15,15,0
156769,56013,74398,464.69,875.45,5068.04,99.8,0.6505,0.996,0.655,0.005,1,0,0,1,0,0,0,0,0.0,99.6,65.0,45.0,5,1,0.0,0,0,0,0.0,680,1.481,2.410,0.5169,97.6,1,7792,0,15,15,0
156789,56005,74398,339.08,684.01,5068.04,99.8,0.6311,0.995,0.655,0.005,1,0,0,1,0,0,0,0,0.0,99.6,65.0,45.0,5,1,0.0,0,0,0,0.0,680,1.481,2.410,0.5169,97.6,1,7793,0,15,15,0
156809,56004,74390,233.89,528.25,5068.04,99.8,0.6088,0.995,0.654,0.005,1,0,0,1,0,0,0,0,0.0,99.6,65.0,45.0,5,1,0.0,0,0,0,0.0,680,1.481,2.410,0.5169,97.6,1,7794,0,15,15,0
156829,56010,74390,151.68,395.07,5041.04,99.8,0.5845,0.994,0.654,0.005,1,0,0,1,0,0,0,0,0.0,99.6,65.0,45.0,5,1,0.0,0,0,0,0.0,680,1.481,2.410,0.5169,97.6,1,7795,0,15,15,0
156849,56001,74372,89.00,288.06,4971.90,99.8,0.5591,0.994,0.653,0.004,1,0,0,1,0,0,0,0,0.0,99.6,65.0,45.0,5,1,0.0,0,0,0,0.0,680,1.481,2.410,0.5169,97.6,1,7796,0,15,15,0
156869,56000,74371,38.49,180.96,4873.07,99.8,0.5332,0.993,0.653,0.004,1,0,0,1,0,0,0,0,0.0,99.6,65.0,45.0,5,1,0.0,0,0,0,0.0,680,1.481,2.409,0.5169,97.6,1,7797,0,15,15,0
156889,56004,74359,1.32,87.59,4742.53,99.7,0.5071,0.993,0.653,0.004,1,0,0,1,0,0,0,0,0.0,99.6,65.0,45.0,5,1,0.0,0,0,0,0.0,680,1.481,2.409,0.5169,97.6,1,7798,0,15,15,0
156909,55997,74343,-25.49,-2.76,4584.76,99.7,0.4814,0.992,0.652,0.004,1,0,0,1,0,0,0,0,0.0,99.6,65.0,45.0,5,1,0.0,0,0,0,0.0,680,1.481,2.408,0.5169,97.6,1,7799,0,15,15,0
156929,55999,74335,-44.42,-99.50,4406.45,99.7,0.4566,0.991,0.652,0.004,1,0,0,1,0,0,0,0,0.0,99.6,65.0,45.0,5,1,0.0,0,0,0,0.0,680,1.480,2.408,0.5169,97.6,1,7800,0,15,15,0
156949,55999,74317,-55.63,-193.51,4192.65,99.6,0.4332,0.990,0.651,0.004,1,0,0,1,0,0,0,0,0.0,99.6,65.0,45.0,5,1,0.0,0,0,0,0.0,680,1.480,2.407,0.5169,97.6,1,7801,0,15,15,0
156969,55990,74307,-60.22,-294.32,3945.35,99.6,0.4118,0.989,0.651,0.004,1,0,0,1,0,0,0,0,0.0,99.6,65.0,45.0,5,1,0.0,0,0,0,0.0,680,1.480,2.407,0.5169,97.6,1,7802,0,15,15,0
156989,55974,74287,-76.05,-392.72,3674.32,99.6,0.3932,0.988,0.649,0.004,1,0,0,1,0,0,0,0,0.0,99.6,65.0,45.0,5,1,0.0,0,0,0,0.0,680,1.480,2.406,0.5169,97.6,1,7803,0,15,15,0
157009,55969,74276,-121.38,-498.07,3408.54,99.5,0.3778,0.987,0.647,0.005,1,0,0,1,0,0,0,0,0.0,99.5,65.0,45.0,5,1,0.0,0,0,0,0.0,680,1.394,2.264,0.5169,97.6,1,7804,0,15,15,0
157029,55962,74267,-178.60,-599.61,3189.79,99.5,0.3655,0.986,0.644,0.005,1,0,0,1,0,0,0,0,0.0,99.5,65.0,45.0,5,1,0.0,0,0,0,0.0,680,1.172,1.972,0.5169,97.6,1,7805,0,15,15,0
157049,55976,74272,-229.00,-682.77,3021.26,99.5,0.3558,0.985,0.642,0.006,1,0,0,1,0,0,0,0,0.0,99.5,65.0,45.0,5,1,0.0,0,0,0,0.0,680,0.876,1.475,0.5169,97.6,1,7806,0,15,15,0
157069,55952,74277,-278.32,-737.93,2879.64,99.5,0.3478,0.984,0.639,0.006,1,0,0,1,0,0,0,0,0.0,99.4,65.0,45.0,5,1,0.0,0,0,0,0.0,680,0.846,1.272,0.5169,97.6,1,7807,0,15,15,0
157089,55951,74259,-333.99,-764.69,2751.59,99.4,0.3412,0.984,0.638,0.007,1,0,0,1,0,0,0,0,0.0,99.4,65.0,45.0,5,1,0.0,0,0,0,0.0,680,0.846,1.272,0.5169,97.6,1,7808,0,15,15,0
157109,55952,74261,-379.17,-781.91,2728.17,99.4,0.3358,0.983,0.637,0.008,1,0,0,1,0,0,0,0,0.0,99.3,65.0,45.0,5,1,0.0,0,0,0,0.0,680,0.846,1.272,0.5169,97.6,1,7809,0,15,15,0
157129,55939,74240,-409.90,-785.96,2728.17,99.4,0.3318,0.983,0.637,0.008,1,0,0,1,0,0,0,0,0.0,99.3,65.0,45.0,5,1,0.0,0,0,0,0.0,680,0.746,1.208,0.5169,97.6,1,7810,0,15,15,0
157149,55954,74251,-422.69,-785.45,2728.17,99.4,0.3291,0.983,0.638,0.009,1,0,0,1,0,0,0,0,0.0,99.2,65.0,45.0,5,1,0.0,0,0,0,0.0,680,0.648,1.050,0.5169,97.6,1,7811,0,15,15,0
157169,55940,74242,-442.43,-785.82,2728.17,99.4,0.3278,0.983,0.640,0.009,1,0,0,1,0,0,0,0,0.0,99.2,65.0,45.0,5,1,0.0,0,0,0,0.0,680,0.478,0.820,0.5169,97.6,1,7812,0,15,15,0
157189,55946,74225,-444.94,-776.58,2728.17,99.4,0.3276,0.983,0.641,0.009,1,1,0,1,0,0,0,0,0.0,99.2,65.0,45.0,0,1,83.4,0,0,1,0.0,680,0.339,0.602,0.5169,97.6,1,7813,0,15,15,0
157209,55955,74233,-433.87,-767.30,2728.17,99.4,0.3285,0.983,0.643,0.009,1,1,0,1,0,0,0,0,0.0,99.2,65.0,45.0,0,1,83.4,0,0,0,0.0,680,0.339,0.602,0.5169,97.6,1,7814,0,15,15,0
157229,55933,74223,-412.76,-760.45,2728.17,99.4,0.3300,0.984,0.644,0.009,1,1,0,1,0,0,0,0,0.0,99.2,65.0,45.0,9,1,83.4,0,0,0,0.0,680,0.339,0.602,0.5169,97.6,1,7815,0,15,15,0
157249,55937,74214,-401.20,-748.34,2728.17,99.5,0.3317,0.985,0.644,0.009,1,1,0,1,0,0,0,0,0.0,99.3,65.0,45.0,9,1,83.4,0,0,0,0.0,680,0.339,0.602,0.5169,97.6,1,7816,0,15,15,0
157269,55931,74201,-396.59,-738.29,2728.17,99.5,0.3334,0.985,0.643,0.008,1,1,0,1,0,0,0,0,0.0,99.3,65.0,45.0,9,1,83.4,0,0,0,0.0,680,0.339,0.602,0.5169,97.6,1,7817,0,15,15,0
157289,55936,74195,-383.99,-738.48,2728.17,99.5,0.3346,0.986,0.642,0.008,1,1,0,1,0,0,0,0,0.0,99.3,65.0,45.0,9,1,83.4,0,0,0,0.0,680,0.293,0.596,0.5169,97.6,1,7818,0,15,15,0
157309,55935,74197,-365.93,-738.13,2728.17,99.5,0.3349,0.987,0.640,0.008,1,1,0,1,0,0,0,0,0.0,99.3,65.0,45.0,9,1,83.4,0,0,0,0.0,680,0.293,0.555,0.5169,97.6,1,7819,0,15,15,0
157329,55945,74189,-340.69,-730.09,2728.17,99.5,0.3343,0.987,0.637,0.008,1,1,0,1,0,0,0,0,0.0,99.3,65.0,45.0,9,1,83.4,0,0,0,0.0,680,0.293,0.563,0.5169,97.6,1,7820,0,15,15,0
157349,55940,74204,-303.35,-707.03,2728.17,99.6,0.3326,0.988,0.633,0.009,1,1,0,1,0,0,0,0,0.0,99.3,65.0,45.0,9,1,83.4,0,0,0,0.0,680,0.293,0.563,0.5169,97.6,1,7821,0,15,15,0
157369,55919,74202,-261.35,-664.16,2728.17,99.6,0.3302,0.988,0.629,0.009,1,1,0,1,0,0,0,0,0.0,99.3,65.0,45.0,9,1,83.4,0,0,0,0.0,680,0.314,0.563,0.5169,97.6,1,7822,0,15,15,0
157389,55947,74216,-218.79,-606.97,2728.17,99.6,0.3272,0.988,0.625,0.010,1,1,0,1,0,0,0,0,0.0,99.2,65.0,45.0,9,1,83.4,0,0,0,0.0,680,0.314,0.563,0.5169,97.6,1,7823,0,15,15,0
157409,55942,74224,-174.14,-526.48,2728.17,99.6,0.3240,0.989,0.621,0.011,1,1,0,1,0,0,0,0,0.0,99.1,65.0,45.0,9,1,83.4,0,0,0,0.0,680,0.314,0.564,0.5169,97.6,1,7824,0,15,15,0
157429,55935,74243,-131.16,-428.74,2728.17,99.6,0.3207,0.989,0.617,0.012,1,1,0,1,0,0,0,0,0.0,99.1,65.0,45.0,9,1,83.4,0,0,0,0.0,680,0.314,0.564,0.5169,97.6,1,7825,0,15,15,0
157449,55949,74268,-91.53,-304.49,2728.17,99.6,0.3174,0.990,0.612,0.014,1,1,0,1,0,0,0,0,0.0,99.0,65.0,45.0,9,1,83.4,0,0,0,0.0,680,0.314,0.564,0.5169,97.6,1,7826,0,15,15,0
157469,55954,74275,-42.99,-146.81,2728.17,99.7,0.3142,0.990,0.608,0.015,1,1,0,1,0,0,0,0,0.0,98.9,65.0,45.0,9,1,83.4,0,0,0,0.0,680,0.314,0.564,0.5169,97.6,1,7827,0,15,15,0
157489,55953,74270,12.15,8.82,2728.17,99.7,0.3109,0.991,0.604,0.017,1,1,0,1,0,0,0,0,0.0,98.8,65.0,45.0,9,1,83.4,0,0,0,0.0,680,0.307,0.517,0.5169,97.6,1,7828,0,15,15,0
157509,55945,74266,64.10,143.99,2728.17,99.7,0.3078,0.991,0.601,0.018,1,1,0,1,0,0,0,0,0.0,98.7,65.0,45.0,9,1,83.4,0,0,0,0.0,680,0.293,0.484,0.5169,97.6,1,7829,0,15,15,0
157529,55945,74250,94.13,247.38,2728.17,99.7,0.3050,0.992,0.598,0.020,1,1,0,1,0,0,0,0,0.0,98.6,65.0,45.0,9,1,83.4,0,0,0,0.0,680,0.270,0.458,0.5169,97.6,1,7830,0,15,15,0
157549,55958,74258,112.29,312.55,2728.17,99.7,0.3023,0.992,0.595,0.022,1,1,0,1,0,0,0,0,0.0,98.5,65.0,45.0,9,1,83.4,0,0,0,0.0,680,0.270,0.436,0.5169,97.6,1,7831,0,15,15,0
157569,55946,74264,126.06,352.95,2728.17,99.7,0.2997,0.993,0.592,0.023,1,1,0,1,0,0,0,0,0.0,98.4,65.0,45.0,9,1,83.4,0,0,0,0.0,680,0.270,0.413,0.5169,97.6,1,7832,0,15,15,0
157589,55947,74246,138.97,377.27,2728.17,99.8,0.2971,0.993,0.589,0.025,1,1,0,1,0,0,0,0,0.0,98.3,65.0,45.0,9,1,83.4,0,0,0,0.0,680,0.270,0.378,0.5169,97.6,1,7833,0,15,15,0
157609,55926,74237,148.77,374.56,2728.17,99.8,0.2945,0.993,0.587,0.026,1,1,0,1,0,0,0,0,0.0,98.2,65.0,45.0,9,1,83.4,0,0,0,0.0,680,0.270,0.376,0.5169,97.6,1,7834,0,15,15,0
157629,55917,74232,120.06,348.53,2728.17,99.8,0.2919,0.994,0.584,0.028,1,1,0,1,0,0,0,0,0.0,98.1,65.0,45.0,9,1,83.4,0,0,0,0.0,680,0.245,0.369,0.5169,97.6,1,7835,0,15,15,0
157649,55911,74224,64.61,309.88,2728.17,99.8,0.2893,0.994,0.582,0.029,1,1,0,1,0,0,0,0,0.0,98.0,65.0,45.0,9,1,83.4,0,0,0,0.0,680,0.227,0.351,0.5169,97.6,1,7836,0,15,15,0
157669,55897,74207,-2.75,261.04,2728.17,99.8,0.2866,0.994,0.579,0.030,1,1,0,1,0,0,0,0,0.0,97.9,65.0,45.0,9,1,83.4,0,0,0,0.0,680,0.247,0.333,0.5169,97.6,1,7837,0,15,15,0
157689,55903,74187,-77.22,192.51,2728.17,99.8,0.2840,0.995,0.577,0.032,1,1,0,1,0,0,0,0,0.0,97.8,65.0,45.0,9,1,83.4,0,0,0,0.0,680,0.209,0.312,0.5169,97.6,1,7838,0,15,15,0
157709,55911,74183,-140.38,99.88,2728.17,99.8,0.2815,0.995,0.575,0.033,1,1,0,1,0,0,0,0,0.0,97.8,65.0,45.0,9,1,83.4,0,0,0,0.0,680,0.209,0.311,0.5169,97.6,1,7839,0,15,15,0
157729,55896,74155,-185.77,7.96,2728.17,99.8,0.2793,0.995,0.573,0.034,1,1,0,1,0,0,0,0,0.0,97.7,65.0,45.0,9,1,83.4,0,0,0,0.0,680,0.209,0.327,0.5169,97.6,1,7840,0,15,15,0
157749,55931,74166,-198.27,-90.35,2728.17,99.8,0.2774,0.995,0.571,0.035,1,1,0,1,0,0,0,0,0.0,97.6,65.0,45.0,9,1,83.4,0,0,0,0.0,680,0.209,0.327,0.5169,97.6,1,7841,0,15,15,0
157769,55928,74150,-159.99,-187.68,2728.17,99.8,0.2758,0.996,0.570,0.036,1,1,0,1,0,0,0,0,0.0,97.6,65.0,45.0,9,1,83.4,0,0,0,0.0,680,0.204,0.334,0.5169,97.6,1,7842,0,15,15,0
157789,55909,74144,-102.75,-271.92,2728.17,99.9,0.2748,0.996,0.568,0.037,1,1,0,1,0,0,0,0,0.0,97.5,65.0,45.0,9,1,83.4,0,0,0,0.0,680,0.204,0.331,0.5169,97.6,1,7843,0,15,15,0
157809,55904,74142,-77.73,-340.60,2728.17,99.9,0.2741,0.996,0.567,0.037,1,1,0,1,0,0,0,0,0.0,97.5,65.0,45.0,9,1,83.4,0,0,0,0.0,680,0.204,0.334,0.5169,97.6,1,7844,0,15,15,0
157829,55923,74140,-66.30,-388.79,2728.17,99.9,0.2738,0.997,0.565,0.038,1,1,0,1,0,0,0,0,0.0,97.4,65.0,45.0,9,1,83.4,0,0,0,0.0,680,0.193,0.312,0.5169,97.6,1,7845,0,15,15,0
157849,55911,74124,-55.29,-416.98,2728.17,99.9,0.2738,0.997,0.564,0.039,1,2,1,0,0,0,0,0,0.0,97.4,65.0,45.0,0,1,83.4,0,0,1,0.0,680,0.193,0.333,0.5169,97.6,1,7846,0,15,15,0
157869,55881,74126,-43.06,-444.62,314.07,99.9,0.2740,0.997,0.564,0.039,1,2,1,0,0,0,0,0,0.0,97.4,65.0,45.0,0,1,83.4,0,0,0,0.0,680,0.220,0.317,0.5169,97.6,1,7847,0,15,15,0
157889,55890,74110,-67.76,-462.75,314.07,99.9,0.2744,0.997,0.563,0.039,1,2,1,0,0,0,0,0,0.0,97.3,65.0,45.0,0,1,83.4,0,0,0,0.0,680,0.211,0.314,0.5169,97.6,1,7848,0,15,15,0
157909,55884,74107,-111.61,-485.48,314.07,99.9,0.2746,0.997,0.563,0.040,1,2,1,0,0,0,0,0,0.0,97.3,65.0,45.0,0,1,83.4,0,0,0,0.0,680,0.211,0.307,0.5169,97.6,1,7849,0,15,15,0
157929,55868,74100,-153.07,-502.35,314.03,99.9,0.2745,0.997,0.563,0.040,1,2,1,0,0,0,0,0,0.0,97.3,65.0,45.0,0,1,83.4,0,0,0,0.0,680,0.234,0.292,0.5169,97.6,1,7850,0,15,15,0
157949,55877,74092,-196.14,-515.27,314.03,99.9,0.2737,0.997,0.564,0.039,1,2,1,0,0,0,0,0,0.0,97.3,65.0,45.0,0,1,83.4,0,0,0,0.0,680,0.218,0.290,0.5169,97.6,1,7851,0,15,15,0
157969,55904,74116,-228.93,-515.70,311.54,99.9,0.2719,0.997,0.564,0.039,1,2,1,0,0,0,0,0,0.0,97.4,65.0,45.0,0,1,83.4,0,0,0,0.0,680,0.193,0.263,0.5169,97.6,1,7852,0,15,15,0
157989,55899,74104,-207.39,-496.44,309.03,99.9,0.2690,0.997,0.564,0.039,1,2,1,0,1,0,0,0,0.0,97.4,65.0,45.0,6,1,83.4,0,0,0,0.0,680,0.193,0.249,0.5169,97.6,1,7853,0,15,15,0
158009,55881,74093,-162.29,-463.11,307.18,99.9,0.2652,0.997,0.564,0.038,1,2,1,0,0,0,0,0,0.0,97.4,65.0,45.0,0,1,83.4,0,0,0,0.0,680,0.193,0.249,0.5169,97.6,1,7854,0,15,15,0
158029,55914,74095,-110.05,-432.81,303.91,99.9,0.2605,0.997,0.564,0.038,1,2,1,0,0,0,0,0,0.0,97.4,65.0,45.0,0,1,83.4,0,0,0,0.0,680,0.193,0.249,0.5169,97.6,1,7855,0,15,15,0
158049,55921,74097,-31.39,-399.82,301.25,99.9,0.2556,0.997,0.563,0.037,1,2,1,0,0,0,0,0,0.0,97.5,65.0,45.0,0,1,83.4,0,0,0,0.0,680,0.161,0.249,0.5169,97.6,1,7856,0,15,15,0
158069,55902,74089,49.27,-362.48,301.25,99.9,0.2515,0.997,0.562,0.037,1,2,1,0,0,0,0,0,0.0,97.5,65.0,45.0,0,1,83.4,0,0,0,0.0,680,0.161,0.251,0.5169,97.6,1,7857,0,15,15,0
158089,55886,74099,98.91,-318.29,301.16,99.9,0.2493,0.996,0.561,0.036,1,2,1,0,0,0,0,0,0.0,97.5,65.0,45.0,0,1,83.4,0,0,0,0.0,680,0.161,0.251,0.5169,97.6,1,7858,0,15,15,0
158109,55905,74099,130.24,-267.66,298.99,99.9,0.2492,0.996,0.561,0.036,1,2,1,0,0,0,0,0,0.0,97.6,65.0,45.0,0,1,83.4,0,0,0,0.0,680,0.161,0.251,0.5169,97.6,1,7859,0,15,15,0
158129,55911,74101,156.34,-214.94,292.76,99.9,0.2494,0.996,0.560,0.035,1,2,1,0,0,0,0,0,0.0,97.6,65.0,45.0,0,1,83.4,0,0,0,0.0,680,0.161,0.251,0.5169,97.6,1,7860,0,15,15,0
158149,55910,74099,186.68,-162.69,281.19,99.9,0.2470,0.996,0.558,0.035,1,2,1,0,0,0,0,0,0.0,97.6,65.0,45.0,0,1,83.4,0,0,0,0.0,680,0.161,0.251,0.5169,97.6,1,7861,0,15,15,0
158169,55908,74103,214.98,-109.59,265.74,99.9,0.2398,0.996,0.554,0.035,1,2,1,0,0,0,0,0,0.0,97.7,65.0,45.0,0,1,83.4,0,0,0,0.0,680,0.161,0.251,0.5169,97.6,1,7862,0,15,15,0
158189,55912,74113,238.67,-55.76,244.01,99.9,0.2272,0.996,0.548,0.035,1,2,1,0,0,0,0,0,0.0,97.6,65.0,45.0,0,1,83.4,0,0,0,0.0,680,0.161,0.251,0.5169,97.6,1,7863,0,15,15,0
158209,55897,74113,253.46,9.19,241.10,99.8,0.2104,0.996,0.542,0.035,1,2,1,0,0,0,0,0,0.0,97.6,65.0,45.0,0,1,83.4,0,0,0,0.0,680,0.161,0.251,0.5169,97.6,1,7864,0,15,15,0
158229,55889,74129,242.22,73.37,241.10,99.8,0.1916,0.995,0.536,0.036,1,2,1,0,0,0,0,0,0.0,97.6,65.0,45.0,0,1,83.4,0,0,0,0.0,680,0.161,0.251,0.5169,97.6,1,7865,0,15,15,0
158249,55900,74124,222.15,146.61,241.10,99.8,0.1736,0.994,0.531,0.037,1,2,1,0,0,0,0,0,0.0,97.5,65.0,45.0,0,1,83.4,0,0,0,0.0,680,0.161,0.251,0.5169,97.6,1,7866,0,15,15,0
158269,55913,74131,207.21,222.52,241.10,99.7,0.1583,0.992,0.528,0.038,1,2,1,0,0,0,0,0,0.0,97.4,65.0,45.0,0,1,83.4,0,0,0,0.0,680,0.161,0.251,0.5169,97.6,1,7867,0,15,15,0
158289,55913,74131,220.78,293.16,241.10,99.7,0.1468,0.991,0.528,0.039,1,2,1,0,0,0,0,0,0.0,97.3,65.0,45.0,0,1,83.4,0,0,0,0.0,680,0.161,0.251,0.5169,97.6,1,7868,0,15,15,0
158309,55921,74119,244.09,352.59,241.10,99.7,0.1389,0.990,0.528,0.039,1,2,1,0,0,0,0,0,0.0,97.3,65.0,45.0,0,1,83.4,0,0,0,0.0,680,0.161,0.251,0.5169,97.6,1,7869,0,15,15,0
158329,55909,74109,267.76,382.79,242.59,99.6,0.1338,0.989,0.529,0.040,1,2,1,0,0,0,0,0,0.0,97.2,65.0,45.0,0,1,83.4,0,0,0,0.0,680,0.161,0.251,0.5169,97.6,1,7870,0,15,15,0
158349,55904,74112,280.33,387.40,243.84,99.6,0.1305,0.989,0.529,0.040,1,2,1,0,0,0,0,0,0.0,97.2,65.0,45.0,0,1,83.4,0,0,0,0.0,680,0.161,0.251,0.5169,97.6,1,7871,0,15,15,0
158369,55880,74095,276.77,377.12,243.84,99.6,0.1280,0.988,0.529,0.040,1,2,1,0,1,0,0,0,0.0,97.2,65.0,45.0,6,1,83.4,0,0,0,0.0,680,0.161,0.251,0.5169,97.6,1,7872,0,15,15,0
158389,55888,74077,237.25,343.33,243.84,99.6,0.1259,0.988,0.527,0.040,1,2,1,0,0,0,0,0,0.0,97.2,65.0,45.0,0,1,83.4,0,0,0,0.0,680,0.161,0.267,0.5169,97.6,1,7873,0,15,15,0
158409,55881,74073,175.96,280.80,243.84,99.6,0.1238,0.988,0.526,0.040,1,2,1,0,0,0,0,0,0.0,97.2,65.0,45.0,0,1,83.4,0,0,0,0.0,680,0.161,0.272,0.5169,97.6,1,7874,0,15,15,0
158429,55864,74041,115.34,211.62,243.84,99.6,0.1212,0.987,0.524,0.040,1,2,1,0,0,0,0,0,0.0,97.2,65.0,45.0,0,1,83.4,0,0,0,0.0,680,0.168,0.316,0.5169,97.6,1,7875,0,15,15,0
158449,55870,74042,44.78,109.05,243.84,99.5,0.1180,0.986,0.523,0.040,1,2,1,0,0,0,0,0,0.0,97.2,65.0,45.0,0,1,83.4,0,0,0,0.0,680,0.168,0.316,0.5169,97.6,1,7876,0,15,15,0
158469,55870,74023,-17.66,9.72,243.84,99.5,0.1139,0.985,0.522,0.040,1,2,1,0,0,0,0,0,0.0,97.2,65.0,45.0,0,1,83.4,0,0,0,0.0,680,0.168,0.333,0.5169,97.6,1,7877,0,15,15,0
158489,55869,74013,-65.22,-94.52,243.84,99.4,0.1089,0.984,0.522,0.040,1,2,1,0,0,0,0,0,0.0,97.2,65.0,45.0,0,1,83.4,0,0,0,0.0,680,0.168,0.341,0.5169,97.6,1,7878,0,15,15,0
158509,55865,74010,-98.74,-194.13,243.84,99.4,0.1028,0.982,0.523,0.040,1,2,1,0,0,0,0,0,0.0,97.2,65.0,45.0,0,1,83.4,0,0,0,0.0,680,0.168,0.343,0.5169,97.6,1,7879,0,15,15,0
158529,55874,74016,-118.48,-271.08,243.84,99.3,0.0960,0.980,0.524,0.039,1,2,1,0,0,0,0,0,0.0,97.2,65.0,45.0,0,1,83.4,0,0,0,0.0,680,0.168,0.343,0.5169,97.6,1,7880,0,15,15,0
158549,55853,73994,-133.72,-324.76,243.84,99.2,0.0887,0.976,0.525,0.038,1,2,1,0,0,0,0,0,0.0,97.2,65.0,45.0,0,1,83.4,0,0,0,0.0,680,0.168,0.364,0.5169,97.6,1,7881,0,15,15,0
158569,55855,74008,-159.75,-356.44,243.84,99.0,0.0814,0.972,0.526,0.038,1,2,1,0,0,0,0,0,0.0,97.2,65.0,45.0,0,1,83.4,0,0,0,0.0,680,0.168,0.340,0.5169,97.6,1,7882,0,15,15,0
158589,55868,74016,-182.53,-366.76,243.84,98.8,0.0743,0.967,0.527,0.037,1,2,1,0,0,0,0,0,0.0,97.2,65.0,45.0,0,1,83.4,0,0,0,0.0,680,0.140,0.328,0.5169,97.6,1,7883,0,15,15,0
158609,55862,74001,-183.73,-359.02,243.84,98.6,0.0676,0.960,0.526,0.036,1,2,1,0,1,0,620,0,0.0,97.2,65.0,45.0,6,1,83.4,0,0,0,0.0,680,0.140,0.321,0.5169,97.6,1,7884,0,15,15,0
158629,55856,74009,-171.93,-335.90,243.84,98.3,0.0616,0.952,0.521,0.035,1,2,1,0,0,0,0,0,0.0,97.1,65.0,45.0,0,1,83.4,0,0,0,0.0,680,0.140,0.310,0.5169,97.6,1,7885,0,15,15,0
158649,55869,74005,-152.65,-307.85,243.84,98.0,0.0562,0.942,0.512,0.035,1,2,1,0,0,0,0,0,0.0,96.5,65.0,45.0,0,1,83.4,0,0,0,0.0,680,0.140,0.287,0.5169,97.6,1,7886,0,15,15,0
158669,55853,74005,-140.44,-274.57,243.84,97.6,0.0515,0.931,0.500,0.036,1,2,1,0,0,0,0,0,0.0,95.6,65.0,45.0,0,1,83.4,0,0,0,0.0,680,0.140,0.260,0.5169,97.6,1,7887,0,15,15,0
158689,55859,74000,-123.72,-236.99,243.84,95.1,0.0475,0.918,0.486,0.037,1,2,1,0,0,0,0,0,0.0,93.9,65.0,45.0,0,1,83.4,0,0,0,0.0,680,0.140,0.255,0.5169,97.6,1,7888,0,15,15,0
158709,55857,74003,-107.78,-199.23,243.84,91.8,0.0442,0.904,0.472,0.040,1,2,1,0,0,0,0,0,0.0,91.8,65.0,45.0,0,1,83.4,0,0,0,0.0,680,0.140,0.232,0.5169,97.6,1,7889,0,15,15,0
158729,55852,73978,-91.14,-164.72,243.84,89.1,0.0416,0.891,0.461,0.042,1,2,1,0,0,0,0,0,0.0,90.0,65.0,45.0,0,1,83.4,0,0,0,0.0,680,0.141,0.254,0.5169,97.6,1,7890,0,15,15,0
158749,55849,73970,-82.60,-160.99,243.84,87.0,0.0395,0.879,0.455,0.045,1,2,1,0,0,0,0,0,0.0,88.3,65.0,45.0,0,1,83.4,0,0,0,0.0,680,0.141,0.243,0.5169,97.6,1,7891,0,15,15,0
158769,55843,73965,-80.96,-175.27,238.64,85.5,0.0381,0.870,0.453,0.048,1,2,1,0,0,0,0,0,0.0,87.1,65.0,45.0,0,1,83.4,0,0,0,0.0,680,0.143,0.242,0.5169,97.6,1,7892,0,15,15,0
158789,55857,73957,-79.18,-195.35,229.64,84.4,0.0370,0.864,0.453,0.051,1,2,1,0,0,0,0,0,0.0,86.2,65.0,45.0,0,1,83.4,0,0,0,0.0,680,0.143,0.250,0.5169,97.6,1,7893,0,15,15,0
158809,55853,73954,-67.07,-219.33,221.46,83.7,0.0363,0.860,0.455,0.053,1,2,1,0,0,0,0,0,0.0,85.6,65.0,45.0,0,1,83.4,0,0,0,0.0,680,0.143,0.251,0.5169,97.6,1,7894,0,15,15,0
158829,55837,73957,-49.51,-234.50,212.55,83.2,0.0357,0.859,0.457,0.054,1,2,1,0,0,0,0,0,0.0,85.2,65.0,45.0,0,1,83.4,0,0,0,0.0,680,0.150,0.239,0.5169,97.6,1,7895,0,15,15,0
158849,55859,73979,-29.43,-236.82,203.62,82.8,0.0354,0.858,0.460,0.055,1,2,1,0,0,0,0,0,0.0,85.1,65.0,45.0,0,1,83.4,0,0,0,0.0,680,0.150,0.239,0.5169,97.6,1,7896,0,15,15,0
158869,55853,73986,-8.63,-196.03,203.62,82.6,0.0351,0.858,0.463,0.055,1,2,1,0,0,0,0,0,0.0,85.0,65.0,45.0,0,1,83.4,0,0,0,0.0,680,0.150,0.239,0.5169,97.6,1,7897,0,15,15,0
158889,55852,74008,11.89,-127.42,203.62,82.6,0.0350,0.859,0.465,0.055,1,2,1,0,0,0,0,0,0.0,85.0,65.0,45.0,0,1,83.4,0,0,0,0.0,680,0.150,0.239,0.5169,97.6,1,7898,0,15,15,0
158909,55856,74006,31.53,-23.99,203.62,82.6,0.0350,0.860,0.467,0.055,1,2,1,0,0,0,0,0,0.0,85.1,65.0,45.0,0,1,83.4,0,0,0,0.0,680,0.150,0.239,0.5169,97.6,1,7899,0,15,15,0
158929,55861,74032,55.50,85.95,203.62,82.7,0.0351,0.861,0.466,0.054,1,2,1,0,0,0,0,0,0.0,85.3,65.0,45.0,0,1,83.4,0,0,0,0.0,680,0.150,0.239,0.5169,97.6,1,7900,0,15,15,0
158949,55862,74043,88.70,219.30,203.62,83.0,0.0354,0.862,0.465,0.054,1,2,1,0,0,0,0,0,0.0,85.4,65.0,45.0,0,1,83.4,0,0,0,0.0,680,0.150,0.239,0.5169,97.6,1,7901,0,15,15,0
158969,55875,74042,124.05,358.69,203.62,83.4,0.0359,0.862,0.461,0.053,1,2,1,0,0,0,0,0,0.0,85.6,65.0,45.0,0,1,83.4,0,0,0,0.0,680,0.150,0.239,0.5169,97.6,1,7902,0,15,15,0
158989,55854,74048,156.14,482.26,229.23,84.0,0.0365,0.864,0.457,0.053,1,2,1,0,0,0,0,0,0.0,85.9,65.0,45.0,0,1,83.4,0,0,0,0.0,680,0.150,0.239,0.5169,97.6,1,7903,0,15,15,0
159009,55874,74036,204.98,579.40,255.46,84.7,0.0372,0.866,0.453,0.053,1,2,1,0,0,0,0,0,0.0,86.3,65.0,45.0,0,1,83.4,0,0,0,0.0,680,0.150,0.239,0.5169,97.6,1,7904,0,15,15,0
159029,55873,74028,251.78,641.78,272.31,85.4,0.0379,0.869,0.451,0.053,1,2,1,0,0,0,0,0,0.0,86.7,65.0,45.0,0,1,83.4,0,0,0,0.0,680,0.150,0.239,0.5169,97.6,1,7905,0,15,15,0
159049,55855,74032,290.55,673.23,280.80,86.0,0.0386,0.872,0.450,0.053,1,2,1,0,0,0,0,0,0.0,87.1,65.0,45.0,0,1,83.4,0,0,0,0.0,680,0.150,0.239,0.5169,97.6,1,7906,0,15,15,0
159069,55862,74021,299.43,679.53,282.50,86.5,0.0391,0.874,0.449,0.053,1,2,1,0,0,0,0,0,0.0,87.4,65.0,45.0,0,1,83.4,0,0,0,0.0,680,0.150,0.239,0.5169,97.6,1,7907,0,15,15,0
159089,55844,74037,281.20,677.67,282.50,86.9,0.0395,0.875,0.446,0.053,1,2,1,0,1,0,720,0,0.0,87.5,65.0,45.0,6,1,83.4,0,0,0,0.0,680,0.150,0.239,0.5169,97.6,1,7908,0,15,15,0
159109,55852,74060,248.53,677.07,282.50,87.1,0.0398,0.873,0.440,0.053,1,2,1,0,0,0,0,0,0.0,87.5,65.0,45.0,0,1,83.4,0,0,0,0.0,680,0.150,0.239,0.5169,97.6,1,7909,0,15,15,0
159129,55852,74028,214.49,674.35,282.50,87.2,0.0401,0.870,0.431,0.053,1,2,1,0,0,0,0,0,0.0,87.3,65.0,45.0,0,1,83.4,0,0,0,0.0,680,0.150,0.239,0.5169,97.6,1,7910,0,15,15,0
159149,55838,74017,184.91,655.89,282.50,87.2,0.0403,0.866,0.421,0.054,1,2,1,0,0,0,0,0,0.0,86.9,65.0,45.0,0,1,83.4,0,0,0,0.0,680,0.150,0.239,0.5169,97.6,1,7911,0,15,15,0
159169,55847,74022,152.57,622.73,282.50,87.0,0.0403,0.860,0.409,0.056,1,2,1,0,0,0,0,0,0.0,86.4,65.0,45.0,0,1,83.4,0,0,0,0.0,680,0.150,0.239,0.5169,97.6,1,7912,0,15,15,0
159189,55841,74018,113.41,580.48,282.50,86.8,0.0403,0.853,0.397,0.058,1,2,1,0,0,0,0,0,0.0,85.7,65.0,45.0,0,1,83.4,0,0,0,0.0,680,0.150,0.239,0.5169,97.6,1,7913,0,15,15,0
159209,55848,73982,89.20,538.66,282.50,86.4,0.0401,0.846,0.385,0.061,1,2,1,0,0,0,0,0,0.0,84.9,65.0,45.0,0,1,83.4,0,0,0,0.0,680,0.150,0.239,0.5169,97.6,1,7914,0,15,15,0
159229,55856,73962,77.60,451.48,282.50,85.9,0.0398,0.839,0.375,0.064,1,2,1,0,0,0,0,0,0.0,84.1,65.0,45.0,0,1,83.4,0,0,0,0.0,680,0.150,0.239,0.5169,97.6,1,7915,0,15,15,0
159249,55856,73950,88.75,330.08,282.50,85.3,0.0394,0.833,0.367,0.067,1,2,1,0,0,0,0,0,0.0,83.3,65.0,45.0,0,1,83.4,0,0,0,0.0,680,0.150,0.245,0.5169,97.6,1,7916,0,15,15,0
159269,55855,73943,108.54,196.31,282.50,84.7,0.0388,0.828,0.361,0.070,1,2,1,0,0,0,0,0,0.0,82.6,65.0,45.0,0,1,83.4,0,0,0,0.0,680,0.150,0.254,0.5169,97.6,1,7917,0,15,15,0
159289,55846,73937,127.90,69.13,282.50,83.9,0.0382,0.821,0.354,0.073,1,2,1,0,0,0,0,0,0.0,81.7,65.0,45.0,0,1,83.4,0,0,0,0.0,680,0.150,0.246,0.5169,97.6,1,7918,0,15,15,0
159309,55830,73934,128.30,-42.11,281.92,83.0,0.0375,0.811,0.348,0.076,1,2,1,0,0,0,0,0,0.0,80.6,65.0,45.0,0,1,83.4,0,0,0,0.0,680,0.141,0.241,0.5169,97.6,1,7919,0,15,15,0
159329,55830,73920,92.16,-130.73,277.31,82.0,0.0368,0.800,0.341,0.079,1,2,1,0,0,0,0,0,0.0,79.4,65.0,45.0,0,1,83.4,0,0,0,0.0,680,0.132,0.259,0.5169,97.6,1,7920,0,15,15,0
159349,55822,73933,47.51,-193.71,268.74,81.2,0.0362,0.791,0.335,0.082,1,2,1,0,0,0,0,0,0.0,78.3,65.0,45.0,0,1,83.4,0,0,0,0.0,680,0.118,0.236,0.5169,97.6,1,7921,0,15,15,0
159369,55814,73914,-7.25,-249.66,257.30,80.5,0.0357,0.783,0.330,0.085,1,2,1,0,0,0,0,0,0.0,77.3,65.0,45.0,0,1,83.4,0,0,0,0.0,680,0.132,0.220,0.5169,97.6,1,7922,0,15,15,0
159389,55811,73901,-70.71,-296.87,241.20,80.0,0.0353,0.777,0.328,0.087,1,2,1,0,0,0,0,0,0.0,76.7,65.0,45.0,0,1,83.4,0,0,0,0.0,680,0.125,0.232,0.5169,97.6,1,7923,0,15,15,0
159409,55802,73913,-131.19,-328.52,239.05,79.7,0.0350,0.775,0.328,0.089,1,2,1,0,0,0,0,0,0.0,76.3,65.0,45.0,0,1,83.4,0,0,0,0.0,680,0.131,0.215,0.5169,97.6,1,7924,0,15,15,0
159429,55841,73915,-178.24,-342.39,239.05,79.6,0.0350,0.775,0.330,0.090,1,2,1,0,0,0,0,0,0.0,76.2,65.0,45.0,0,1,83.4,0,0,0,0.0,680,0.131,0.215,0.5169,97.6,1,7925,0,15,15,0
159449,55827,73922,-179.72,-337.27,239.05,79.6,0.0350,0.775,0.332,0.091,1,2,1,0,1,0,840,0,0.0,76.2,65.0,45.0,4,1,83.4,0,0,0,0.0,680,0.131,0.215,0.5169,97.6,1,7926,0,15,15,0
159469,55829,73911,-155.08,-318.28,239.05,79.8,0.0351,0.777,0.334,0.091,1,2,1,0,0,0,0,0,0.0,76.3,65.0,45.0,0,1,83.4,0,0,0,0.0,680,0.131,0.215,0.5169,97.6,1,7927,0,15,15,0
159489,55848,73908,-119.98,-295.24,239.05,79.9,0.0352,0.779,0.335,0.091,1,2,1,0,0,0,0,0,0.0,76.5,65.0,45.0,0,1,83.4,0,0,0,0.0,680,0.131,0.215,0.5169,97.6,1,7928,0,15,15,0
159509,55844,73898,-55.13,-271.55,239.05,80.0,0.0353,0.779,0.335,0.090,1,2,1,0,0,0,0,0,0.0,76.6,65.0,45.0,0,1,83.4,0,0,0,0.0,680,0.131,0.219,0.5169,97.6,1,7929,0,15,15,0
159529,55836,73899,14.69,-257.19,239.05,80.0,0.0353,0.778,0.334,0.090,1,2,1,0,0,0,0,0,0.0,76.5,65.0,45.0,0,1,83.4,0,0,0,0.0,680,0.131,0.219,0.5169,97.6,1,7930,0,15,15,0
159549,55831,73896,63.25,-243.83,239.05,79.8,0.0352,0.773,0.332,0.089,1,2,1,0,0,0,0,0,0.0,76.2,65.0,45.0,0,1,83.4,0,0,0,0.0,680,0.131,0.222,0.5169,97.6,1,7931,0,15,15,0
159569,55842,73910,97.31,-225.26,239.05,79.4,0.0351,0.767,0.331,0.088,1,2,1,0,0,0,0,0,0.0,75.8,65.0,45.0,0,1,83.4,0,0,0,0.0,680,0.131,0.222,0.5169,97.6,1,7932,0,15,15,0
159589,55834,73895,117.72,-205.41,239.05,79.0,0.0349,0.760,0.329,0.087,1,2,1,0,0,0,0,0,0.0,75.3,65.0,45.0,0,1,83.4,0,0,0,0.0,680,0.131,0.223,0.5169,97.6,1,7933,0,15,15,0
159609,55820,73885,130.33,-183.49,239.05,78.6,0.0347,0.753,0.327,0.086,1,2,1,0,0,0,0,0,0.0,74.7,65.0,45.0,0,1,83.4,0,0,0,0.0,680,0.131,0.237,0.5169,97.6,1,7934,0,15,15,0
159629,55831,73897,133.02,-158.25,239.05,78.2,0.0345,0.747,0.327,0.085,1,2,1,0,0,0,0,0,0.0,74.3,65.0,45.0,0,1,83.4,0,0,0,0.0,680,0.131,0.237,0.5169,97.6,1,7935,0,15,15,0
159649,55829,73908,128.21,-127.15,239.05,78.0,0.0343,0.745,0.328,0.084,1,2,1,0,0,0,0,0,0.0,74.1,65.0,45.0,0,1,83.4,0,0,0,0.0,680,0.131,0.237,0.5169,97.6,1,7936,0,15,15,0
159669,55833,73929,125.36,-77.81,239.05,78.0,0.0342,0.747,0.331,0.083,1,2,1,0,0,0,0,0,0.0,74.4,65.0,45.0,0,1,83.4,0,0,0,0.0,680,0.131,0.237,0.5169,97.6,1,7937,0,15,15,0
159689,55814,73912,120.69,-18.13,239.05,78.2,0.0341,0.755,0.335,0.081,1,2,1,0,0,0,0,0,0.0,75.1,65.0,45.0,0,1,83.4,0,0,0,0.0,680,0.131,0.237,0.5169,97.6,1,7938,0,15,15,0
159709,55824,73918,107.46,49.33,239.05,78.6,0.0341,0.766,0.338,0.079,1,2,1,0,0,0,0,0,0.0,76.0,65.0,45.0,0,1,83.4,0,0,0,0.0,680,0.131,0.237,0.5169,97.6,1,7939,0,15,15,0
159729,55833,73934,93.49,113.38,239.05,79.0,0.0341,0.777,0.340,0.076,1,2,1,0,0,0,0,0,0.0,77.1,65.0,45.0,0,1,83.4,0,0,0,0.0,680,0.131,0.237,0.5169,97.6,1,7940,0,15,15,0
159749,55843,73946,98.76,191.53,239.05,79.3,0.0342,0.785,0.338,0.074,1,2,1,0,0,0,0,0,0.0,77.9,65.0,45.0,0,1,83.4,0,0,0,0.0,680,0.131,0.237,0.5169,97.6,1,7941,0,15,15,0
159769,55852,73954,130.26,282.43,239.05,79.5,0.0343,0.788,0.336,0.072,1,2,1,0,0,0,0,0,0.0,78.3,65.0,45.0,0,1,83.4,0,0,0,0.0,680,0.131,0.237,0.5169,97.6,1,7942,0,15,15,0
159789,55843,73956,168.21,377.14,239.05,79.7,0.0345,0.789,0.334,0.070,1,2,1,0,0,0,0,0,0.0,78.5,65.0,45.0,0,1,83.4,0,0,0,0.0,680,0.131,0.237,0.5169,97.6,1,7943,0,15,15,0
159809,55846,73955,208.73,460.74,239.05,79.9,0.0347,0.790,0.334,0.068,1,2,1,0,0,0,0,0,0.0,78.8,65.0,45.0,0,1,83.4,0,0,0,0.0,680,0.131,0.237,0.5169,97.6,1,7944,0,15,15,0
159829,55854,73976,243.91,527.93,239.05,80.2,0.0350,0.793,0.335,0.066,1,2,1,0,0,0,0,0,0.0,79.2,65.0,45.0,0,1,83.4,0,0,0,0.0,680,0.131,0.237,0.5169,97.6,1,7945,0,15,15,0
159849,55845,73984,270.93,604.62,239.05,80.6,0.0353,0.797,0.336,0.064,1,2,1,0,0,0,0,0,0.0,79.7,65.0,45.0,0,1,83.4,0,0,0,0.0,680,0.131,0.237,0.5169,97.6,1,7946,0,15,15,0
159869,55863,73974,304.27,671.30,239.05,81.1,0.0356,0.803,0.340,0.062,1,2,1,0,0,0,0,0,0.0,80.4,65.0,45.0,0,1,83.4,0,0,0,0.0,680,0.131,0.237,0.5169,97.6,1,7947,0,15,15,0
159889,55832,73949,317.25,718.02,246.75,81.6,0.0360,0.808,0.342,0.060,1,2,1,0,0,0,0,0,0.0,81.0,65.0,45.0,0,1,83.4,0,0,0,0.0,680,0.131,0.237,0.5169,97.6,1,7948,0,15,15,0
159909,55839,73929,307.37,711.21,246.75,82.0,0.0363,0.811,0.342,0.058,1,2,1,0,1,0,820,0,0.0,81.5,65.0,45.0,6,1,83.4,0,0,0,0.0,680,0.131,0.237,0.5169,97.6,1,7949,0,15,15,0
159929,55844,73932,288.14,656.26,246.75,82.1,0.0364,0.811,0.342,0.055,1,2,1,0,0,0,0,0,0.0,81.7,65.0,45.0,0,1,83.4,0,0,0,0.0,680,0.131,0.237,0.5169,97.6,1,7950,0,15,15,0
159949,55838,73932,266.56,586.56,246.75,82.0,0.0364,0.810,0.339,0.053,1,2,1,0,0,0,0,0,0.0,81.7,65.0,45.0,0,1,83.4,0,0,0,0.0,680,0.131,0.237,0.5169,97.6,1,7951,0,15,15,0
159969,55830,73911,244.16,518.51,242.89,81.8,0.0362,0.807,0.334,0.052,1,2,1,0,0,0,0,0,0.0,81.6,65.0,45.0,0,1,83.4,0,0,0,0.0,680,0.129,0.237,0.5169,97.6,1,7952,0,15,15,0
159989,55833,73924,214.53,447.98,236.23,81.5,0.0360,0.804,0.330,0.050,1,2,1,0,0,0,0,0,0.0,81.3,65.0,45.0,0,1,83.4,0,0,0,0.0,680,0.129,0.237,0.5169,97.6,1,7953,0,15,15,0
160009,55831,73896,181.91,367.36,230.17,81.1,0.0357,0.800,0.328,0.049,1,2,1,0,0,0,0,0,0.0,81.0,65.0,45.0,0,1,83.4,0,0,0,0.0,680,0.127,0.237,0.5169,97.6,1,7954,0,15,15,0
160029,55815,73911,152.42,293.83,223.57,80.7,0.0354,0.796,0.326,0.048,1,2,1,0,0,0,0,0,0.0,80.7,65.0,45.0,0,1,83.4,0,0,0,0.0,680,0.109,0.237,0.5169,97.6,1,7955,0,15,15,0
160049,55820,73908,108.14,229.85,216.96,80.4,0.0351,0.795,0.328,0.047,1,2,1,0,0,0,0,0,0.0,80.6,65.0,45.0,0,1,83.4,0,0,0,0.0,680,0.109,0.237,0.5169,97.6,1,7956,0,15,15,0
160069,55839,73916,64.64,183.89,216.96,80.2,0.0348,0.798,0.331,0.046,1,2,1,0,0,0,0,0,0.0,80.8,65.0,45.0,0,1,83.4,0,0,0,0.0,680,0.109,0.237,0.5169,97.6,1,7957,0,15,15,0
160089,55845,73924,63.47,159.91,216.96,80.3,0.0345,0.804,0.336,0.045,1,2,1,0,0,0,0,0,0.0,81.3,65.0,45.0,0,1,83.4,0,0,0,0.0,680,0.109,0.237,0.5169,97.6,1,7958,0,15,15,0
160109,55837,73942,80.27,160.62,216.96,80.4,0.0343,0.812,0.342,0.043,1,2,1,0,0,0,0,0,0.0,82.0,65.0,45.0,0,1,83.4,0,0,0,0.0,680,0.109,0.193,0.5169,97.6,1,7959,0,15,15,0
160129,55845,73944,113.30,197.28,216.96,80.6,0.0342,0.821,0.347,0.041,1,2,1,0,0,0,0,0,0.0,82.9,65.0,45.0,0,1,83.4,0,0,0,0.0,680,0.109,0.185,0.5169,97.6,1,7960,0,15,15,0
160149,55837,73958,133.37,246.49,216.96,80.9,0.0341,0.831,0.351,0.038,1,2,1,0,0,0,0,0,0.0,83.8,65.0,45.0,0,1,83.4,0,0,0,0.0,680,0.109,0.185,0.5169,97.6,1,7961,0,15,15,0
160169,55848,73962,159.73,313.01,216.96,81.2,0.0341,0.843,0.355,0.036,1,2,1,0,0,0,0,0,0.0,84.9,65.0,45.0,0,1,83.4,0,0,0,0.0,680,0.109,0.180,0.5169,97.6,1,7962,0,15,15,0
160189,55867,73960,189.80,378.81,216.96,81.7,0.0341,0.855,0.359,0.033,1,2,1,0,0,0,0,0,0.0,86.0,65.0,45.0,0,1,83.4,0,0,0,0.0,680,0.116,0.134,0.5169,97.6,1,7963,0,15,15,0
160209,55860,73946,238.17,433.20,216.96,82.2,0.0343,0.867,0.362,0.031,1,2,1,0,0,0,0,0,0.0,87.1,65.0,45.0,0,1,83.4,0,0,0,0.0,680,0.116,0.134,0.5169,97.6,1,7964,0,15,15,0
160229,55850,73947,285.49,454.88,216.96,82.6,0.0344,0.875,0.365,0.029,1,2,1,0,0,0,0,0,0.0,87.9,65.0,45.0,0,1,83.4,0,0,0,0.0,680,0.116,0.134,0.5169,97.6,1,7965,0,15,15,0
160249,55846,73918,305.14,456.44,216.96,82.9,0.0346,0.878,0.368,0.027,1,2,1,0,0,0,0,0,0.0,88.3,65.0,45.0,0,1,83.4,0,0,0,0.0,680,0.116,0.134,0.5169,97.6,1,7966,0,15,15,0
160269,55849,73923,306.73,415.38,216.96,83.0,0.0347,0.879,0.370,0.026,1,2,1,0,0,0,0,0,0.0,88.4,65.0,45.0,0,1,83.4,0,0,0,0.0,680,0.116,0.134,0.5169,97.6,1,7967,0,15,15,0
160289,55857,73930,298.65,361.19,216.96,83.0,0.0347,0.878,0.371,0.025,1,2,1,0,0,0,0,0,0.0,88.4,65.0,45.0,0,1,83.4,0,0,0,0.0,680,0.116,0.134,0.5169,97.6,1,7968,0,15,15,0
160309,55850,73949,287.61,317.98,216.96,82.9,0.0347,0.876,0.372,0.024,1,2,1,0,0,0,0,0,0.0,88.3,65.0,45.0,0,1,83.4,0,0,0,0.0,680,0.116,0.134,0.5169,97.6,1,7969,0,15,15,0
160329,55862,73953,287.86,310.95,216.96,82.8,0.0346,0.873,0.372,0.023,1,2,1,0,0,0,0,0,0.0,88.2,65.0,45.0,0,1,83.4,0,0,0,0.0,680,0.116,0.134,0.5169,97.6,1,7970,0,15,15,0
160349,55864,73977,299.80,324.14,216.96,82.7,0.0346,0.871,0.372,0.022,1,2,1,0,0,0,0,0,0.0,88.1,65.0,45.0,0,1,83.4,0,0,0,0.0,680,0.116,0.134,0.5169,97.6,1,7971,0,15,15,0
160369,55855,74029,312.48,375.62,216.96,82.6,0.0346,0.870,0.373,0.021,1,2,1,0,0,0,0,0,0.0,88.0,65.0,45.0,0,1,83.4,0,0,0,0.0,680,0.116,0.195,0.5169,97.6,1,7972,0,15,15,0
160389,55860,74031,317.48,505.32,216.96,82.8,0.0347,0.871,0.374,0.020,1,2,1,0,0,0,0,0,0.0,88.2,65.0,45.0,0,1,83.4,0,0,0,0.0,680,0.116,0.197,0.5169,97.6,1,7973,0,15,15,0
160409,55872,74047,316.11,647.02,216.96,83.1,0.0351,0.873,0.375,0.020,1,2,1,0,0,0,0,0,0.0,88.5,65.0,45.0,0,1,83.4,0,0,0,0.0,680,0.104,0.219,0.5169,97.6,1,7974,0,15,15,0
160429,55878,74042,331.87,782.99,229.95,83.7,0.0356,0.877,0.375,0.019,1,2,1,0,0,0,0,0,0.0,88.9,65.0,45.0,0,1,83.4,0,0,0,0.0,680,0.115,0.219,0.5169,97.6,1,7975,0,15,15,0
160449,55887,74071,360.51,897.09,252.77,84.5,0.0364,0.881,0.374,0.019,1,2,1,0,0,0,0,0,0.0,89.5,65.0,45.0,0,1,83.4,0,0,0,0.0,680,0.131,0.252,0.5169,97.6,1,7976,0,15,15,0
160469,55884,74064,398.04,1001.40,273.63,85.4,0.0373,0.885,0.373,0.018,1,2,1,0,0,0,0,0,0.0,90.1,65.0,45.0,0,1,83.4,0,0,0,0.0,680,0.131,0.252,0.5169,97.6,1,7977,0,15,15,0
160489,55881,74049,430.04,1077.52,277.61,86.4,0.0383,0.890,0.371,0.017,1,2,1,0,0,0,0,0,0.0,90.8,65.0,45.0,0,1,83.4,0,0,0,0.0,680,0.131,0.252,0.5169,97.6,1,7978,0,15,15,0
160509,55870,74052,445.59,1104.57,267.62,87.3,0.0392,0.894,0.369,0.016,1,2,1,0,0,0,0,0,0.0,91.4,65.0,45.0,0,1,83.4,0,0,0,0.0,680,0.131,0.252,0.5169,97.6,1,7979,0,15,15,0
160529,55885,74042,447.99,1093.45,255.06,88.0,0.0400,0.897,0.367,0.015,1,2,1,0,0,0,0,0,0.0,91.9,65.0,45.0,0,1,83.4,0,0,0,0.0,680,0.131,0.252,0.5169,97.6,1,7980,0,15,15,0
160549,55878,74035,434.92,1048.66,255.06,88.6,0.0405,0.899,0.365,0.014,1,2,1,0,0,0,0,0,0.0,92.2,65.0,45.0,0,1,83.4,0,0,0,0.0,680,0.131,0.251,0.5169,97.6,1,7981,0,15,15,0
160569,55876,74048,413.33,987.05,255.06,88.8,0.0408,0.900,0.363,0.013,1,2,1,0,0,0,0,0,0.0,92.5,65.0,45.0,0,1,83.4,0,0,0,0.0,680,0.131,0.251,0.5169,97.6,1,7982,0,15,15,0
160589,55864,74054,383.79,926.74,255.06,89.0,0.0409,0.901,0.360,0.012,1,2,1,0,0,0,0,0,0.0,92.6,65.0,45.0,0,1,83.4,0,0,0,0.0,680,0.131,0.251,0.5169,97.6,1,7983,0,15,15,0
160609,55856,74042,329.56,867.02,255.06,89.0,0.0409,0.900,0.355,0.012,1,2,1,0,0,0,0,0,0.0,92.6,65.0,45.0,0,1,83.4,0,0,0,0.0,680,0.131,0.237,0.5169,97.6,1,7984,0,15,15,0
160629,55846,74015,255.35,799.64,255.06,88.8,0.0408,0.898,0.349,0.012,1,2,1,0,0,0,0,0,0.0,92.4,65.0,45.0,0,1,83.4,0,0,0,0.0,680,0.131,0.237,0.5169,97.6,1,7985,0,15,15,0
160649,55842,74019,163.09,699.32,255.06,88.4,0.0407,0.892,0.342,0.012,1,2,1,0,0,0,0,0,0.0,91.9,65.0,45.0,0,1,83.4,0,0,0,0.0,680,0.131,0.237,0.5169,97.6,1,7986,0,15,15,0
160669,55855,74013,75.51,587.96,255.06,87.9,0.0404,0.883,0.335,0.013,1,2,1,0,0,0,0,0,0.0,91.0,65.0,45.0,0,1,83.4,0,0,0,0.0,680,0.131,0.237,0.5169,97.6,1,7987,0,15,15,0
160689,55858,73990,18.54,479.89,255.06,87.3,0.0401,0.873,0.330,0.015,1,2,1,0,0,0,0,0,0.0,90.1,65.0,45.0,0,1,83.4,0,0,0,0.0,680,0.129,0.237,0.5169,97.6,1,7988,0,15,15,0
160709,55861,73982,-12.31,352.28,255.06,86.8,0.0398,0.865,0.326,0.016,1,2,1,0,0,0,0,0,0.0,89.3,65.0,45.0,0,1,83.4,0,0,0,0.0,680,0.129,0.237,0.5169,97.6,1,7989,0,15,15,0
160729,55859,73978,-26.14,220.80,255.06,86.3,0.0395,0.859,0.324,0.017,1,2,1,0,0,0,0,0,0.0,88.7,65.0,45.0,0,1,83.4,0,0,0,0.0,0,0.129,0.237,0.5169,97.6,1,7990,0,15,15,0
160749,55885,73986,-27.21,104.75,269.95,86.0,0.0393,0.856,0.323,0.019,1,2,1,0,0,0,0,0,0.0,88.3,65.0,45.0,0,1,83.4,0,0,0,0.0,0,0.129,0.237,0.5169,97.6,1,7991,0,15,15,0
160769,55873,73977,-0.76,5.26,289.39,85.8,0.0391,0.854,0.322,0.020,1,2,1,0,0,0,0,0,0.0,88.0,65.0,45.0,0,1,83.4,0,0,0,0.0,0,0.129,0.237,0.5169,97.6,1,7992,0,15,15,0
160789,55862,73988,32.79,-62.07,289.39,85.7,0.0390,0.853,0.319,0.021,1,2,1,0,0,0,0,0,0.0,87.8,65.0,45.0,0,1,83.4,0,0,0,0.0,0,0.129,0.237,0.5169,97.6,1,7993,0,15,15,0
160809,55863,73979,45.35,-115.83,289.39,85.5,0.0388,0.851,0.317,0.022,1,2,1,0,0,0,0,0,0.0,87.5,65.0,45.0,0,1,83.4,0,0,0,0.0,0,0.129,0.237,0.5169,97.6,1,7994,0,15,15,0
160829,55861,73991,45.07,-142.85,289.39,85.3,0.0387,0.848,0.314,0.023,1,2,1,0,0,0,0,0,0.0,87.2,65.0,45.0,0,1,83.4,0,0,0,0.0,0,0.129,0.237,0.5169,97.6,1,7995,0,15,15,0
160849,55845,73976,37.15,-166.44,289.39,85.2,0.0386,0.846,0.313,0.024,1,2,1,0,0,0,0,0,0.0,87.0,65.0,45.0,0,1,83.4,0,0,0,0.0,0,0.129,0.237,0.5169,97.6,1,7996,0,15,15,0
160869,55831,73987,-2.63,-172.76,289.39,85.1,0.0386,0.846,0.313,0.025,1,2,1,0,0,0,0,0,0.0,86.9,65.0,45.0,0,1,83.4,0,0,0,0.0,0,0.129,0.237,0.5169,97.6,1,7997,0,15,15,0
160889,55845,73991,-49.58,-169.74,289.39,85.2,0.0387,0.847,0.315,0.026,1,2,1,0,0,0,0,0,0.0,87.0,65.0,45.0,0,1,83.4,0,0,0,0.0,0,0.129,0.237,0.5169,97.6,1,7998,0,15,15,0
160909,55864,73999,-92.10,-156.48,289.39,85.3,0.0388,0.848,0.317,0.026,1,2,1,0,0,0,0,0,0.0,87.0,65.0,45.0,0,1,83.4,0,0,0,0.0,0,0.129,0.237,0.5169,97.6,1,7999,0,15,15,0
160929,55881,73995,-90.80,-134.23,289.39,85.5,0.0390,0.849,0.320,0.026,1,2,1,0,0,0,0,0,0.0,87.2,65.0,45.0,0,1,83.4,0,0,0,0.0,0,0.129,0.237,0.5169,97.6,1,8000,0,15,15,0
160949,55875,74002,-50.90,-105.04,289.39,85.8,0.0392,0.851,0.322,0.026,1,2,1,0,0,0,0,0,0.0,87.4,65.0,45.0,0,1,83.4,0,0,0,0.0,0,0.129,0.237,0.5169,97.6,1,8001,0,15,15,0
160969,55868,73993,-0.91,-82.15,289.39,86.0,0.0394,0.853,0.323,0.026,1,2,1,0,0,0,0,0,0.0,87.6,65.0,45.0,0,1,83.4,0,0,0,0.0,0,0.129,0.237,0.5169,97.6,1,8002,0,15,15,0
160989,55882,73990,45.61,-67.45,289.39,86.2,0.0395,0.854,0.323,0.025,1,2,1,0,0,0,0,0,0.0,87.8,65.0,45.0,0,1,83.4,0,0,0,0.0,0,0.129,0.237,0.5169,97.6,1,8003,0,15,15,0
161009,55888,73995,96.05,-57.84,289.39,86.2,0.0395,0.854,0.322,0.025,1,2,1,0,0,0,0,0,0.0,87.8,65.0,45.0,0,1,83.4,0,0,0,0.0,0,0.131,0.220,0.5169,97.6,1,8004,0,15,15,0
161029,55874,73996,139.46,-48.60,289.39,86.0,0.0395,0.851,0.321,0.024,1,2,1,0,0,0,0,0,0.0,87.6,65.0,45.0,0,1,83.4,0,0,0,0.0,0,0.122,0.220,0.5169,97.6,1,8005,0,15,15,0
161049,55882,74022,171.97,-39.23,289.39,85.8,0.0395,0.845,0.318,0.024,1,2,1,0,0,0,0,0,0.0,87.1,65.0,45.0,0,1,83.4,0,0,0,0.0,0,0.102,0.209,0.5169,97.6,1,8006,0,15,15,0
161069,55888,74024,193.31,5.04,289.39,85.5,0.0393,0.839,0.315,0.024,1,2,1,0,0,0,0,0,0.0,86.7,65.0,45.0,0,1,83.4,0,0,0,0.0,0,0.102,0.207,0.5169,97.6,1,8007,0,15,15,0
161089,55879,74019,204.78,56.63,289.39,85.2,0.0392,0.834,0.313,0.024,1,2,1,0,0,0,0,0,0.0,86.2,65.0,45.0,0,1,83.4,0,0,0,0.0,0,0.102,0.207,0.5169,97.6,1,8008,0,15,15,0
161109,55876,74024,202.72,105.49,289.39,84.9,0.0390,0.830,0.313,0.024,1,2,1,0,0,0,0,0,0.0,85.9,65.0,45.0,0,1,83.4,0,0,0,0.0,0,0.102,0.207,0.5169,97.6,1,8009,0,15,15,0
161129,55871,74031,187.65,144.66,289.39,84.7,0.0388,0.830,0.314,0.024,1,2,1,0,0,0,0,0,0.0,85.8,65.0,45.0,0,1,83.4,0,0,0,0.0,0,0.102,0.207,0.5169,97.6,1,8010,0,15,15,0
161149,55871,74039,158.16,182.08,289.39,84.6,0.0385,0.831,0.316,0.024,1,2,1,0,0,0,0,0,0.0,85.9,65.0,45.0,0,1,83.4,0,0,0,0.0,0,0.102,0.207,0.5169,97.6,1,8011,0,15,15,0
161169,55893,74040,125.30,222.21,289.39,84.5,0.0384,0.835,0.319,0.023,1,2,1,0,0,0,0,0,0.0,86.1,65.0,45.0,0,1,83.4,0,0,0,0.0,0,0.111,0.207,0.5169,97.6,1,8012,0,15,15,0
161189,55881,74061,112.74,256.33,289.39,84.6,0.0382,0.840,0.322,0.022,1,2,1,0,0,0,0,0,0.0,86.5,65.0,45.0,0,1,83.4,0,0,0,0.0,0,0.111,0.207,0.5169,97.6,1,8013,0,15,15,0
161209,55890,74047,125.33,289.72,289.39,84.7,0.0381,0.846,0.326,0.021,1,2,1,0,0,0,0,0,0.0,87.0,65.0,45.0,0,1,83.4,0,0,0,0.0,0,0.111,0.207,0.5169,97.6,1,8014,0,15,15,0
161229,55878,74039,128.07,314.54,289.39,84.8,0.0380,0.850,0.327,0.020,1,2,1,0,0,0,0,0,0.0,87.4,65.0,45.0,0,1,83.4,0,0,0,0.0,0,0.111,0.207,0.5169,97.6,1,8015,0,15,15,0
161249,55877,74010,119.18,317.51,289.39,84.8,0.0380,0.852,0.328,0.019,1,2,1,0,0,0,0,0,0.0,87.6,65.0,45.0,0,1,83.4,0,0,0,0.0,0,0.111,0.200,0.5169,97.6,1,8016,0,15,15,0
161269,55862,73991,103.42,267.26,289.39,84.8,0.0380,0.851,0.327,0.018,1,2,1,0,1,0,1360,0,0.0,87.6,65.0,45.0,3,1,83.4,0,0,0,0.0,0,0.111,0.191,0.5169,97.6,1,8017,0,15,15,0
161289,55872,73979,76.54,173.33,289.39,84.8,0.0380,0.851,0.328,0.017,1,2,1,0,0,0,0,0,0.0,87.7,65.0,45.0,0,1,83.4,0,0,0,0.0,0,0.111,0.165,0.5169,97.6,1,8018,0,15,15,0
161309,55855,73980,29.53,58.11,289.39,84.8,0.0379,0.853,0.330,0.016,1,2,1,0,0,0,0,0,0.0,87.9,65.0,45.0,0,1,83.4,0,0,0,0.0,0,0.111,0.159,0.5169,97.6,1,8019,0,15,15,0
161329,55854,73937,-32.30,-51.14,289.39,84.8,0.0379,0.854,0.334,0.015,1,2,1,0,0,0,0,0,0.0,88.1,65.0,45.0,0,1,83.4,0,0,0,0.0,0,0.111,0.181,0.5169,97.6,1,8020,0,15,15,0
161349,55854,73933,-92.93,-200.01,289.39,84.9,0.0379,0.856,0.338,0.014,1,2,1,0,0,0,0,0,0.0,88.3,65.0,45.0,0,1,83.4,0,0,0,0.0,0,0.111,0.186,0.5169,97.6,1,8021,0,15,15,0
161369,55835,73929,-143.57,-346.90,290.29,85.1,0.0380,0.858,0.342,0.013,1,2,1,0,0,0,0,0,0.0,88.5,65.0,45.0,0,1,83.4,0,0,0,0.0,0,0.111,0.192,0.5169,97.6,1,8022,0,15,15,0
161389,55847,73914,-194.48,-473.67,315.65,85.4,0.0383,0.861,0.345,0.013,1,2,1,0,0,0,0,0,0.0,88.8,65.0,45.0,0,1,83.4,0,0,0,0.0,0,0.111,0.212,0.5169,97.6,1,8023,0,15,15,0
161409,55822,73925,-258.46,-574.65,335.84,85.9,0.0387,0.864,0.349,0.013,1,2,1,0,0,0,0,0,0.0,89.2,65.0,45.0,0,1,83.4,0,0,0,0.0,0,0.127,0.212,0.5169,97.6,1,8024,0,15,15,0
161429,55826,73924,-332.55,-646.11,350.14,86.5,0.0393,0.868,0.354,0.014,1,2,1,0,0,0,0,0,0.0,89.6,65.0,45.0,0,1,83.4,0,0,0,0.0,0,0.127,0.212,0.5169,97.6,1,8025,0,15,15,0
161449,55827,73919,-396.73,-688.76,344.71,87.1,0.0400,0.872,0.362,0.014,1,2,1,0,0,0,0,0,0.0,90.0,65.0,45.0,0,1,83.4,0,0,0,0.0,0,0.127,0.203,0.5169,97.6,1,8026,0,15,15,0
161469,55837,73911,-441.79,-713.57,322.23,87.8,0.0407,0.874,0.372,0.016,1,2,1,0,0,0,0,0,0.0,90.3,65.0,45.0,0,1,83.4,0,0,0,0.0,0,0.127,0.203,0.5169,97.6,1,8027,0,15,15,0
161489,55831,73915,-460.82,-725.93,291.12,88.6,0.0415,0.877,0.383,0.018,1,2,1,0,0,0,0,0,0.0,90.5,65.0,45.0,0,1,83.4,0,0,0,0.0,0,0.127,0.203,0.5169,97.6,1,8028,0,15,15,0
161509,55823,73926,-461.98,-724.09,281.73,89.4,0.0422,0.881,0.396,0.020,1,2,1,0,1,0,2060,0,0.0,90.8,65.0,45.0,3,1,83.4,0,0,0,0.0,0,0.127,0.203,0.5169,97.6,1,8029,0,15,15,0
161529,55822,73924,-465.88,-696.87,281.73,90.1,0.0429,0.885,0.409,0.023,1,2,1,0,0,0,0,0,0.0,91.2,65.0,45.0,0,1,83.4,0,0,0,0.0,0,0.127,0.203,0.5169,97.6,1,8030,0,15,15,0
161549,55827,73919,-465.67,-656.16,281.73,90.8,0.0436,0.891,0.422,0.027,1,2,1,0,0,0,0,0,0.0,91.5,65.0,45.0,0,1,83.4,0,0,0,0.0,0,0.127,0.203,0.5169,97.6,1,8031,0,15,15,0
161569,55825,73912,-455.40,-616.03,281.73,91.5,0.0441,0.897,0.435,0.032,1,2,1,0,0,0,0,0,0.0,91.8,65.0,45.0,0,1,83.4,0,0,0,0.0,0,0.127,0.203,0.5169,97.6,1,8032,0,15,15,0
161589,55818,73913,-437.90,-583.79,281.73,92.1,0.0446,0.903,0.447,0.036,1,2,1,0,0,0,0,0,0.0,92.1,65.0,45.0,0,1,83.4,0,0,0,0.0,0,0.134,0.203,0.5169,97.6,1,8033,0,15,15,0
161609,55834,73918,-415.46,-553.15,281.73,92.7,0.0451,0.909,0.457,0.041,1,2,1,0,0,0,0,0,0.0,92.3,65.0,45.0,0,1,83.4,0,0,0,0.0,0,0.134,0.203,0.5169,97.6,1,8034,0,15,15,0
161629,55821,73900,-397.28,-521.50,281.73,93.3,0.0455,0.915,0.467,0.046,1,2,1,0,0,0,0,0,0.0,92.6,65.0,45.0,0,1,83.4,0,0,0,0.0,0,0.134,0.218,0.5169,97.6,1,8035,0,15,15,0
161649,55847,73909,-355.31,-493.74,281.73,93.8,0.0459,0.920,0.473,0.051,1,2,1,0,0,0,0,0,0.0,92.7,65.0,45.0,0,1,83.4,0,0,0,0.0,0,0.134,0.218,0.5169,97.6,1,8036,0,15,15,0
161669,55839,73891,-296.79,-478.38,281.73,94.3,0.0463,0.924,0.477,0.056,1,2,1,0,0,0,0,0,0.0,92.8,65.0,45.0,0,1,83.4,0,0,0,0.0,0,0.134,0.230,0.5169,97.6,1,8037,0,15,15,0
161689,55821,73903,-236.83,-460.48,281.73,94.7,0.0467,0.927,0.479,0.060,1,2,1,0,0,0,0,0,0.0,92.9,65.0,45.0,0,1,83.4,0,0,0,0.0,0,0.134,0.230,0.5169,97.6,1,8038,0,15,15,0
161709,55839,73888,-182.34,-455.24,281.73,95.1,0.0471,0.928,0.478,0.063,1,2,1,0,0,0,0,0,0.0,92.9,65.0,45.0,0,1,83.4,0,0,0,0.0,0,0.134,0.234,0.5169,97.6,1,8039,0,15,15,0
161729,55832,73895,-148.70,-444.73,281.73,95.4,0.0475,0.929,0.477,0.066,1,2,1,0,0,0,0,0,0.0,92.8,65.0,45.0,0,1,83.4,0,0,0,0.0,0,0.134,0.234,0.5169,97.6,1,8040,0,15,15,0
161749,55848,73892,-113.60,-432.20,281.73,95.7,0.0479,0.928,0.474,0.068,1,2,1,0,0,0,0,0,0.0,92.7,65.0,45.0,0,1,83.4,0,0,0,0.0,0,0.134,0.234,0.5169,97.6,1,8041,0,15,15,0
161769,55843,73899,-74.07,-410.99,281.73,96.0,0.0482,0.927,0.471,0.069,1,2,1,0,0,0,0,0,0.0,92.6,65.0,45.0,0,1,83.4,0,0,0,0.0,0,0.134,0.234,0.5169,97.6,1,8042,0,15,15,0
161789,55836,73911,-37.25,-378.46,281.73,96.1,0.0484,0.925,0.468,0.070,1,2,1,0,0,0,0,0,0.0,92.5,65.0,45.0,0,1,83.4,0,0,0,0.0,0,0.134,0.234,0.5169,97.6,1,8043,0,15,15,0
161809,55839,73926,-13.38,-324.36,281.73,96.1,0.0486,0.924,0.465,0.071,1,2,1,0,0,0,0,0,0.0,92.4,65.0,45.0,0,1,83.4,0,0,0,0.0,0,0.134,0.234,0.5169,97.6,1,8044,0,15,15,0
161829,55854,73943,2.45,-244.06,281.73,96.1,0.0486,0.922,0.463,0.070,1,2,1,0,0,0,0,0,0.0,92.3,65.0,45.0,0,1,83.4,0,0,0,0.0,0,0.134,0.234,0.5169,97.6,1,8045,0,15,15,0
161849,55852,73971,37.16,-137.58,281.73,95.9,0.0484,0.921,0.463,0.070,1,2,1,0,0,0,0,0,0.0,92.1,65.0,45.0,0,1,83.4,0,0,0,0.0,0,0.134,0.234,0.5169,97.6,1,8046,0,15,15,0
161869,55861,73984,78.31,5.43,281.73,95.6,0.0481,0.919,0.463,0.069,1,2,1,0,0,0,0,0,0.0,92.0,65.0,45.0,0,1,83.4,0,0,0,0.0,0,0.134,0.234,0.5169,97.6,1,8047,0,15,15,0
161889,55857,73995,121.30,161.45,281.73,95.2,0.0477,0.918,0.463,0.068,1,2,1,0,0,0,0,0,0.0,91.9,65.0,45.0,0,1,83.4,0,0,0,0.0,0,0.134,0.234,0.5169,97.6,1,8048,0,15,15,0
161909,55859,73997,161.70,314.67,281.73,94.9,0.0474,0.918,0.464,0.068,1,2,1,0,0,0,0,0,0.0,91.8,65.0,45.0,0,1,83.4,0,0,0,0.0,0,0.134,0.234,0.5169,97.6,1,8049,0,15,15,0
161929,55851,73961,190.32,442.22,315.40,94.7,0.0472,0.917,0.464,0.067,1,2,1,0,0,0,0,0,0.0,91.8,65.0,45.0,0,1,83.4,0,0,0,0.0,0,0.134,0.234,0.5169,97.6,1,8050,0,15,15,0
161949,55841,73942,197.52,490.13,328.34,94.6,0.0471,0.916,0.464,0.066,1,2,1,0,0,0,0,0,0.0,91.8,65.0,45.0,0,1,83.4,0,0,0,0.0,0,0.134,0.234,0.5169,97.6,1,8051,0,15,15,0
161969,55831,73915,175.11,468.60,328.34,94.6,0.0470,0.916,0.463,0.065,1,2,1,0,1,0,700,0,0.0,91.8,65.0,45.0,6,1,83.4,0,0,0,0.0,0,0.134,0.234,0.5169,97.6,1,8052,0,15,15,0
161989,55823,73890,124.40,381.20,328.34,94.5,0.0470,0.915,0.462,0.063,1,2,1,0,0,0,0,0,0.0,91.8,65.0,45.0,0,1,83.4,0,0,0,0.0,0,0.134,0.234,0.5169,97.6,1,8053,0,15,15,0
162009,55824,73871,56.11,242.77,328.34,94.5,0.0469,0.915,0.462,0.062,1,2,1,0,0,0,0,0,0.0,91.9,65.0,45.0,0,1,83.4,0,0,0,0.0,0,0.134,0.257,0.5169,97.6,1,8054,0,15,15,0
162029,55782,73860,-11.06,76.61,328.34,94.4,0.0469,0.914,0.462,0.060,1,2,1,0,0,0,0,0,0.0,91.9,65.0,45.0,0,1,83.4,0,0,0,0.0,0,0.199,0.272,0.5169,97.6,1,8055,0,15,15,0
162049,55786,73867,-135.21,-81.21,328.34,94.4,0.0469,0.914,0.463,0.059,1,2,1,0,0,0,0,0,0.0,92.0,65.0,45.0,0,1,83.4,0,0,0,0.0,0,0.199,0.272,0.5169,97.6,1,8056,0,15,15,0
162069,55783,73855,-267.69,-219.88,328.34,94.5,0.0470,0.913,0.465,0.058,1,2,1,0,0,0,0,0,0.0,92.0,65.0,45.0,0,1,83.4,0,0,0,0.0,0,0.199,0.279,0.5169,97.6,1,8057,0,15,15,0
162089,55783,73830,-380.61,-333.67,328.34,94.6,0.0472,0.911,0.469,0.057,1,2,1,0,0,0,0,0,0.0,92.0,65.0,45.0,0,1,83.4,0,0,0,0.0,0,0.199,0.312,0.5169,97.6,1,8058,0,15,15,0
162109,55784,73846,-464.39,-428.36,328.34,94.7,0.0475,0.909,0.475,0.056,1,2,1,0,0,0,0,0,0.0,91.9,65.0,45.0,0,1,83.4,0,0,0,0.0,0,0.199,0.312,0.5169,97.6,1,8059,0,15,15,0
162129,55780,73849,-518.58,-495.63,328.34,94.9,0.0478,0.907,0.482,0.056,1,2,1,0,0,0,0,0,0.0,91.9,65.0,45.0,0,1,83.4,0,0,0,0.0,0,0.202,0.312,0.5169,97.6,1,8060,0,15,15,0
162149,55824,73849,-544.94,-531.28,328.34,95.1,0.0482,0.905,0.489,0.056,1,2,1,0,0,0,0,0,0.0,91.8,65.0,45.0,0,1,83.4,0,0,0,0.0,0,0.202,0.312,0.5169,97.6,1,8061,0,15,15,0
162169,55811,73839,-500.19,-542.06,328.34,95.4,0.0485,0.905,0.495,0.056,1,2,1,0,0,0,0,0,0.0,91.9,65.0,45.0,0,1,83.4,0,0,0,0.0,0,0.197,0.312,0.5169,97.6,1,8062,0,15,15,0
162189,55826,73834,-403.47,-548.11,328.34,95.6,0.0487,0.906,0.497,0.057,1,2,1,0,0,0,0,0,0.0,92.0,65.0,45.0,0,1,83.4,0,0,0,0.0,0,0.197,0.294,0.5169,97.6,1,8063,0,15,15,0
162209,55815,73843,-311.64,-544.28,328.34,95.8,0.0489,0.906,0.497,0.057,1,2,1,0,1,0,700,0,0.0,92.1,65.0,45.0,6,1,83.4,0,0,0,0.0,0,0.176,0.283,0.5169,97.6,1,8064,0,15,15,0
162229,55819,73837,-224.03,-532.69,328.34,95.9,0.0491,0.906,0.495,0.057,1,2,1,0,0,0,0,0,0.0,92.1,65.0,45.0,0,1,83.4,0,0,0,0.0,0,0.174,0.244,0.5169,97.6,1,8065,0,15,15,0
162249,55824,73835,-147.92,-512.60,328.34,96.0,0.0492,0.905,0.490,0.056,1,2,1,0,0,0,0,0,0.0,92.0,65.0,45.0,0,1,83.4,0,0,0,0.0,0,0.165,0.226,0.5169,97.6,1,8066,0,15,15,0
162269,55798,73833,-85.29,-487.86,328.34,96.0,0.0493,0.902,0.485,0.055,1,2,1,0,0,0,0,0,0.0,91.9,65.0,45.0,0,1,83.4,0,0,0,0.0,0,0.165,0.226,0.5169,97.6,1,8067,0,15,15,0
162289,55795,73831,-74.14,-460.91,327.84,96.0,0.0494,0.900,0.479,0.054,1,2,1,0,0,0,0,0,0.0,91.9,65.0,45.0,0,1,83.4,0,0,0,0.0,0,0.145,0.226,0.5169,97.6,1,8068,0,15,15,0
162309,55785,73828,-89.24,-433.25,320.49,96.0,0.0494,0.899,0.475,0.052,1,2,1,0,0,0,0,0,0.0,91.9,65.0,45.0,0,1,83.4,0,0,0,0.0,0,0.145,0.229,0.5169,97.6,1,8069,0,15,15,0
162329,55783,73825,-129.12,-407.19,309.50,96.1,0.0495,0.900,0.472,0.050,1,2,1,0,0,0,0,0,0.0,92.1,65.0,45.0,0,1,83.4,0,0,0,0.0,0,0.145,0.233,0.5169,97.6,1,8070,0,15,15,0
162349,55798,73836,-170.69,-379.46,298.66,96.1,0.0495,0.900,0.469,0.048,1,2,1,0,0,0,0,0,0.0,92.3,65.0,45.0,0,1,83.4,0,0,0,0.0,0,0.145,0.233,0.5169,97.6,1,8071,0,15,15,0
162369,55813,73830,-179.96,-346.40,289.96,96.1,0.0495,0.901,0.466,0.046,1,2,1,0,0,0,0,0,0.0,92.5,65.0,45.0,0,1,83.4,0,0,0,0.0,0,0.145,0.233,0.5169,97.6,1,8072,0,15,15,0
162389,55814,73840,-144.14,-302.05,281.68,95.9,0.0493,0.900,0.464,0.043,1,2,1,0,0,0,0,0,0.0,92.5,65.0,45.0,0,1,83.4,0,0,0,0.0,0,0.145,0.233,0.5169,97.6,1,8073,0,15,15,0
162409,55819,73845,-90.85,-248.82,280.32,95.4,0.0488,0.898,0.463,0.041,1,2,1,0,0,0,0,0,0.0,92.4,65.0,45.0,0,1,83.4,0,0,0,0.0,0,0.145,0.233,0.5169,97.6,1,8074,0,15,15,0
162429,55822,73835,-27.06,-195.07,280.32,94.8,0.0481,0.895,0.462,0.039,1,2,1,0,0,0,0,0,0.0,92.2,65.0,45.0,0,1,83.4,0,0,0,0.0,0,0.145,0.233,0.5169,97.6,1,8075,0,15,15,0
162449,55847,73841,38.53,-143.38,280.32,93.8,0.0472,0.891,0.463,0.036,1,2,1,0,0,0,0,0,0.0,91.8,65.0,45.0,0,1,83.4,0,0,0,0.0,0,0.145,0.233,0.5169,97.6,1,8076,0,15,15,0
162469,55831,73844,112.47,-96.37,280.32,92.6,0.0459,0.884,0.466,0.035,1,2,1,0,0,0,0,0,0.0,91.1,65.0,45.0,0,1,83.4,0,0,0,0.0,0,0.145,0.233,0.5169,97.6,1,8077,0,15,15,0
162489,55810,73862,178.90,-50.68,280.32,91.0,0.0445,0.876,0.469,0.033,1,2,1,0,0,0,0,0,0.0,90.2,65.0,45.0,0,1,83.4,0,0,0,0.0,0,0.145,0.233,0.5169,97.6,1,8078,0,15,15,0
162509,55821,73877,213.41,15.65,280.32,89.4,0.0428,0.867,0.475,0.032,1,2,1,0,0,0,0,0,0.0,89.2,65.0,45.0,0,1,83.4,0,0,0,0.0,0,0.145,0.233,0.5169,97.6,1,8079,0,15,15,0
162529,55841,73871,228.85,95.29,280.32,87.7,0.0412,0.859,0.481,0.031,1,2,1,0,0,0,0,0,0.0,88.2,65.0,45.0,0,1,83.4,0,0,0,0.0,0,0.145,0.233,0.5169,97.6,1,8080,0,15,15,0
162549,55824,73879,238.64,178.31,280.32,86.2,0.0396,0.852,0.489,0.031,1,2,1,0,0,0,0,0,0.0,87.3,65.0,45.0,0,1,83.4,0,0,0,0.0,0,0.145,0.233,0.5169,97.6,1,8081,0,15,15,0
162569,55819,73879,243.40,253.77,280.32,84.8,0.0382,0.847,0.497,0.032,1,2,1,0,0,0,0,0,0.0,86.5,65.0,45.0,0,1,83.4,0,0,0,0.0,0,0.145,0.233,0.5169,97.6,1,8082,0,15,15,0
162589,55825,73895,244.05,314.79,280.32,83.7,0.0370,0.843,0.506,0.033,1,2,1,0,0,0,0,0,0.0,85.8,65.0,45.0,0,1,83.4,0,0,0,0.0,0,0.145,0.233,0.5169,97.6,1,8083,0,15,15,0
162609,55833,73895,243.38,382.28,280.32,82.8,0.0360,0.843,0.516,0.034,1,2,1,0,0,0,0,0,0.0,85.4,65.0,45.0,0,1,83.4,0,0,0,0.0,0,0.145,0.233,0.5169,97.6,1,8084,0,15,15,0
162629,55833,73893,255.55,440.84,280.32,82.3,0.0352,0.846,0.530,0.036,1,2,1,0,0,0,0,0,0.0,85.4,65.0,45.0,0,1,83.4,0,0,0,0.0,0,0.145,0.233,0.5169,97.6,1,8085,0,15,15,0
162649,55834,73904,269.53,484.88,262.78,82.2,0.0348,0.854,0.545,0.039,1,2,1,0,0,0,0,0,0.0,85.7,65.0,45.0,0,1,83.4,0,0,0,0.0,0,0.145,0.233,0.5169,97.6,1,8086,0,15,15,0
162669,55824,73885,280.39,511.00,247.39,82.5,0.0346,0.865,0.560,0.043,1,2,1,0,0,0,0,0,0.0,86.2,65.0,45.0,0,1,83.4,0,0,0,0.0,0,0.145,0.233,0.5169,97.6,1,8087,0,15,15,0
162689,55820,73868,269.88,511.83,247.55,82.9,0.0347,0.876,0.572,0.047,1,2,1,0,0,0,0,0,0.0,86.8,65.0,45.0,0,1,83.4,0,0,0,0.0,0,0.145,0.233,0.5169,97.6,1,8088,0,15,15,0
162709,55816,73835,243.02,475.53,247.55,83.4,0.0349,0.884,0.579,0.051,1,2,1,0,1,0,740,0,0.0,87.2,65.0,45.0,6,1,83.4,0,0,0,0.0,0,0.145,0.233,0.5169,97.6,1,8089,0,15,15,0
162729,55809,73817,204.54,380.89,247.55,83.7,0.0351,0.889,0.582,0.055,1,2,1,0,0,0,0,0,0.0,87.4,65.0,45.0,0,1,83.4,0,0,0,0.0,0,0.145,0.244,0.5169,97.6,1,8090,0,15,15,0
162749,55797,73814,152.91,249.73,247.55,83.9,0.0352,0.892,0.584,0.059,1,2,1,0,0,0,0,0,0.0,87.4,65.0,45.0,0,1,83.4,0,0,0,0.0,0,0.145,0.248,0.5169,97.6,1,8091,0,15,15,0
162769,55800,73804,86.27,118.43,247.55,84.0,0.0353,0.892,0.584,0.062,1,2,1,0,0,0,0,0,0.0,87.2,65.0,45.0,0,1,83.4,0,0,0,0.0,0,0.145,0.261,0.5169,97.6,1,8092,0,15,15,0
162789,55806,73794,23.32,-6.64,247.55,84.0,0.0353,0.892,0.584,0.064,1,2,1,0,0,0,0,0,0.0,87.1,65.0,45.0,0,1,83.4,0,0,0,0.0,0,0.145,0.275,0.5169,97.6,1,8093,0,15,15,0
162809,55798,73779,-28.30,-122.58,247.55,84.0,0.0353,0.893,0.584,0.066,1,2,1,0,0,0,0,0,0.0,87.0,65.0,45.0,0,1,83.4,0,0,0,0.0,0,0.145,0.295,0.5169,97.6,1,8094,0,15,15,0
162829,55779,73769,-70.31,-235.36,247.55,84.0,0.0353,0.893,0.583,0.068,1,2,1,0,0,0,0,0,0.0,86.9,65.0,45.0,0,1,83.4,0,0,0,0.0,0,0.147,0.309,0.5169,97.6,1,8095,0,15,15,0
162849,55777,73772,-135.70,-335.61,247.55,84.1,0.0354,0.894,0.583,0.069,1,2,1,0,0,0,0,0,0.0,87.0,65.0,45.0,0,1,83.4,0,0,0,0.0,0,0.150,0.309,0.5169,97.6,1,8096,0,15,15,0
162869,55774,73751,-202.45,-414.80,247.55,84.2,0.0355,0.895,0.583,0.070,1,2,1,0,0,0,0,0,0.0,87.0,65.0,45.0,0,1,83.4,0,0,0,0.0,0,0.152,0.333,0.5169,97.6,1,8097,0,15,15,0
162889,55779,73773,-257.05,-463.40,247.55,84.4,0.0356,0.896,0.583,0.070,1,2,1,0,0,0,0,0,0.0,87.1,65.0,45.0,0,1,83.4,0,0,0,0.0,0,0.152,0.333,0.5169,97.6,1,8098,0,15,15,0
162909,55779,73757,-291.54,-506.57,247.55,84.6,0.0358,0.897,0.584,0.070,1,2,1,0,0,0,0,0,0.0,87.2,65.0,45.0,0,1,83.4,0,0,0,0.0,0,0.138,0.284,0.5169,97.6,1,8099,0,15,15,0
162929,55763,73768,-308.99,-518.71,247.55,84.8,0.0360,0.899,0.585,0.070,1,2,1,0,0,0,0,0,0.0,87.3,65.0,45.0,0,1,83.4,0,0,0,0.0,0,0.151,0.259,0.5169,97.6,1,8100,0,15,15,0
162949,55786,73767,-312.96,-510.51,247.55,85.0,0.0362,0.900,0.586,0.070,1,2,1,0,1,0,740,0,0.0,87.5,65.0,45.0,6,1,83.4,0,0,0,0.0,0,0.151,0.222,0.5169,97.6,1,8101,0,15,15,0
162969,55779,73757,-306.83,-487.96,247.55,85.1,0.0363,0.901,0.587,0.070,1,2,1,0,0,0,0,0,0.0,87.6,65.0,45.0,0,1,83.4,0,0,0,0.0,0,0.151,0.207,0.5169,97.6,1,8102,0,15,15,0
162989,55793,73755,-280.61,-469.68,247.55,85.3,0.0364,0.901,0.587,0.070,1,2,1,0,0,0,0,0,0.0,87.7,65.0,45.0,0,1,83.4,0,0,0,0.0,0,0.151,0.207,0.5169,97.6,1,8103,0,15,15,0
163009,55776,73759,-259.20,-448.82,247.55,85.4,0.0365,0.903,0.587,0.069,1,2,1,0,0,0,0,0,0.0,87.8,65.0,45.0,0,1,83.4,0,0,0,0.0,0,0.151,0.207,0.5169,97.6,1,8104,0,15,15,0
163029,55779,73760,-239.29,-420.30,247.55,85.5,0.0366,0.904,0.586,0.068,1,2,1,0,0,0,0,0,0.0,88.0,65.0,45.0,0,1,83.4,0,0,0,0.0,0,0.151,0.207,0.5169,97.6,1,8105,0,15,15,0
163049,55780,73772,-219.48,-384.82,247.55,85.6,0.0366,0.907,0.584,0.067,1,2,1,0,0,0,0,0,0.0,88.3,65.0,45.0,0,1,83.4,0,0,0,0.0,0,0.151,0.207,0.5169,97.6,1,8106,0,15,15,0
163069,55768,73768,-199.33,-334.26,247.55,85.7,0.0366,0.908,0.582,0.066,1,2,1,0,0,0,0,0,0.0,88.5,65.0,45.0,0,1,83.4,0,0,0,0.0,0,0.151,0.207,0.5169,97.6,1,8107,0,15,15,0
163089,55782,73761,-177.06,-279.14,247.55,85.6,0.0366,0.909,0.580,0.065,1,2,1,0,0,0,0,0,0.0,88.7,65.0,45.0,0,1,83.4,0,0,0,0.0,0,0.151,0.207,0.5169,97.6,1,8108,0,15,15,0
163109,55782,73754,-150.60,-234.63,247.55,85.6,0.0365,0.910,0.577,0.063,1,2,1,0,0,0,0,0,0.0,88.8,65.0,45.0,0,1,83.4,0,0,0,0.0,0,0.151,0.207,0.5169,97.6,1,8109,0,15,15,0
163129,55771,73753,-123.66,-205.71,247.55,85.4,0.0363,0.909,0.575,0.061,1,2,1,0,0,0,0,0,0.0,88.8,65.0,45.0,0,1,83.4,0,0,0,0.0,0,0.151,0.207,0.5169,97.6,1,8110,0,15,15,0
163149,55775,73758,-110.93,-182.62,247.55,85.2,0.0361,0.908,0.573,0.059,1,2,1,0,0,0,0,0,0.0,88.8,65.0,45.0,0,1,83.4,0,0,0,0.0,0,0.151,0.207,0.5169,97.6,1,8111,0,15,15,0
163169,55763,73746,-110.86,-162.09,247.55,85.0,0.0359,0.907,0.574,0.057,1,2,1,0,0,0,0,0,0.0,88.8,65.0,45.0,0,1,83.4,0,0,0,0.0,0,0.151,0.214,0.5169,97.6,1,8112,0,15,15,0
163189,55772,73727,-111.70,-150.93,247.55,84.7,0.0356,0.906,0.575,0.055,1,2,1,0,0,0,0,0,0.0,88.8,65.0,45.0,0,1,83.4,0,0,0,0.0,0,0.151,0.240,0.5169,97.6,1,8113,0,15,15,0
163209,55768,73737,-117.73,-153.39,247.55,84.4,0.0353,0.905,0.577,0.054,1,2,1,0,0,0,0,0,0.0,88.8,65.0,45.0,0,1,83.4,0,0,0,0.0,0,0.151,0.240,0.5169,97.6,1,8114,0,15,15,0
163229,55781,73754,-115.09,-156.60,247.55,84.1,0.0349,0.904,0.579,0.052,1,2,1,0,0,0,0,0,0.0,88.7,65.0,45.0,0,1,83.4,0,0,0,0.0,0,0.151,0.240,0.5169,97.6,1,8115,0,15,15,0
163249,55782,73759,-90.29,-131.51,247.55,83.7,0.0345,0.904,0.583,0.051,1,2,1,0,0,0,0,0,0.0,88.7,65.0,45.0,0,1,83.4,0,0,0,0.0,0,0.151,0.240,0.5169,97.6,1,8116,0,15,15,0
163269,55783,73791,-56.06,-87.47,247.55,83.4,0.0342,0.903,0.585,0.050,1,2,1,0,0,0,0,0,0.0,88.6,65.0,45.0,0,1,83.4,0,0,0,0.0,0,0.151,0.240,0.5169,97.6,1,8117,0,15,15,0
163289,55795,73807,-19.34,6.05,247.55,83.3,0.0340,0.903,0.586,0.049,1,2,1,0,0,0,0,0,0.0,88.6,65.0,45.0,0,1,83.4,0,0,0,0.0,0,0.151,0.240,0.5169,97.6,1,8118,0,15,15,0
163309,55787,73814,21.85,130.87,247.55,83.3,0.0341,0.902,0.584,0.048,1,2,1,0,0,0,0,0,0.0,88.7,65.0,45.0,0,1,83.4,0,0,0,0.0,0,0.151,0.240,0.5169,97.6,1,8119,0,15,15,0
163329,55788,73831,61.72,261.17,247.55,83.6,0.0344,0.902,0.580,0.046,1,2,1,0,0,0,0,0,0.0,88.8,65.0,45.0,0,1,83.4,0,0,0,0.0,0,0.151,0.240,0.5169,97.6,1,8120,0,15,15,0
163349,55797,73832,95.87,398.22,247.55,84.0,0.0349,0.900,0.573,0.045,1,2,1,0,0,0,0,0,0.0,88.9,65.0,45.0,0,1,83.4,0,0,0,0.0,0,0.151,0.240,0.5169,97.6,1,8121,0,15,15,0
163369,55794,73842,134.03,517.84,248.75,84.5,0.0356,0.899,0.564,0.042,1,2,1,0,0,0,0,0,0.0,89.1,65.0,45.0,0,1,83.4,0,0,0,0.0,0,0.151,0.240,0.5169,97.6,1,8122,0,15,15,0
163389,55795,73819,169.98,610.17,267.22,85.1,0.0364,0.898,0.555,0.039,1,2,1,0,0,0,0,0,0.0,89.4,65.0,45.0,0,1,83.4,0,0,0,0.0,0,0.151,0.240,0.5169,97.6,1,8123,0,15,15,0
163409,55783,73812,197.46,656.18,276.42,85.7,0.0372,0.897,0.547,0.037,1,2,1,0,0,0,0,0,0.0,89.7,65.0,45.0,0,1,83.4,0,0,0,0.0,0,0.151,0.240,0.5169,97.6,1,8124,0,15,15,0
163429,55787,73805,203.84,662.83,277.75,86.1,0.0378,0.895,0.538,0.035,1,2,1,0,0,0,0,0,0.0,89.9,65.0,45.0,0,1,83.4,0,0,0,0.0,0,0.151,0.240,0.5169,97.6,1,8125,0,15,15,0
163449,55789,73782,199.91,638.65,277.75,86.4,0.0382,0.893,0.530,0.033,1,3,1,0,1,1,740,1,89.6,89.9,65.0,45.0,0,1,81.1,1,0,0,0.0,740,0.140,0.240,0.5927,97.1,1,8126,0,15,15,0
163469,55802,73761,195.30,569.59,277.75,86.6,0.0385,0.891,0.524,0.033,1,3,1,0,0,0,0,1,89.6,89.9,65.0,45.0,0,1,81.1,1,0,0,0.0,740,0.140,0.240,0.5894,96.7,1,8127,0,15,15,0
163489,55781,73756,190.35,460.01,277.38,86.5,0.0385,0.890,0.519,0.033,1,3,1,0,0,0,0,1,89.6,89.8,65.0,45.0,0,1,81.1,1,0,0,0.0,740,0.140,0.240,0.5877,96.4,1,8128,0,15,15,0
163509,55774,73750,170.54,340.99,271.94,86.3,0.0383,0.888,0.516,0.032,1,3,1,0,0,0,0,1,89.6,89.6,65.0,45.0,0,1,81.1,1,0,0,0.0,740,0.140,0.240,0.5873,96.2,1,8129,0,15,15,0
163529,55776,73744,137.88,226.28,263.80,86.0,0.0380,0.886,0.513,0.033,1,3,1,0,0,0,0,1,89.6,89.4,65.0,45.0,0,1,81.1,1,0,0,0.0,740,0.127,0.240,0.5874,96.0,1,8130,0,15,15,0
163549,55759,73723,100.93,121.95,255.77,85.6,0.0376,0.884,0.509,0.033,1,3,1,0,0,0,0,1,89.6,89.1,65.0,45.0,0,1,81.1,1,0,0,0.0,740,0.134,0.245,0.5876,95.9,1,8131,0,15,15,0
163569,55760,73745,42.07,38.25,249.33,85.3,0.0373,0.882,0.505,0.033,1,3,1,0,0,0,0,1,89.6,88.9,65.0,45.0,0,1,81.1,1,0,0,0.0,740,0.134,0.245,0.5873,95.8,1,8132,0,15,15,0
163589,55762,73728,-16.25,-45.17,243.20,84.9,0.0369,0.881,0.500,0.034,1,3,1,0,0,0,0,1,89.6,88.6,65.0,45.0,0,1,81.1,1,0,0,0.0,740,0.134,0.245,0.5865,95.7,1,8133,0,15,15,0
163609,55768,73741,-60.74,-95.43,242.19,84.6,0.0366,0.879,0.495,0.035,1,3,1,0,0,0,0,1,89.6,88.3,65.0,45.0,0,1,81.1,1,0,0,0.0,740,0.134,0.245,0.5853,95.6,1,8134,0,15,15,0
163629,55771,73747,-80.23,-121.71,242.19,84.4,0.0364,0.878,0.491,0.036,1,3,1,0,0,0,0,1,89.6,88.1,65.0,45.0,0,1,81.1,1,0,0,0.0,740,0.134,0.245,0.5837,95.6,1,8135,0,15,15,0
163649,55786,73746,-79.26,-124.08,242.19,84.1,0.0361,0.876,0.487,0.037,1,3,1,0,0,0,0,1,89.6,87.8,65.0,45.0,0,1,81.1,1,0,0,0.0,740,0.117,0.220,0.5820,95.6,1,8136,0,15,15,0
163669,55768,73783,-68.23,-111.65,242.19,83.9,0.0359,0.874,0.485,0.038,1,3,1,0,0,0,0,1,89.6,87.6,65.0,45.0,0,1,81.1,1,0,0,0.0,740,0.109,0.197,0.5804,95.5,1,8137,0,15,15,0
163689,55771,73741,-52.95,-93.21,242.19,83.6,0.0357,0.873,0.485,0.039,1,3,1,0,0,0,0,1,89.6,87.4,65.0,45.0,0,1,81.1,1,0,0,0.0,740,0.102,0.161,0.5791,95.5,1,8138,0,15,15,0
163709,55783,73745,-36.58,-73.43,242.19,83.4,0.0355,0.873,0.486,0.040,1,3,1,0,0,0,0,1,89.6,87.2,65.0,45.0,0,1,81.1,1,0,0,0.0,740,0.090,0.161,0.5785,95.5,1,8139,0,15,15,0
163729,55779,73745,-6.00,-53.16,242.19,83.3,0.0353,0.873,0.489,0.040,1,3,1,0,0,0,0,1,89.6,87.2,65.0,45.0,0,1,81.1,1,0,0,0.0,740,0.084,0.161,0.5785,95.5,1,8140,0,15,15,0
163749,55776,73763,26.99,-33.04,242.19,83.1,0.0351,0.874,0.492,0.040,1,3,1,0,0,0,0,1,89.6,87.2,65.0,45.0,0,1,81.1,1,0,0,0.0,740,0.084,0.161,0.5789,95.5,1,8141,0,15,15,0
163769,55742,73764,51.39,11.55,242.19,83.1,0.0349,0.876,0.496,0.039,1,3,1,0,0,0,0,1,89.6,87.4,65.0,45.0,0,1,81.1,1,0,0,0.0,740,0.115,0.161,0.5796,95.5,1,8142,0,15,15,0
163789,55775,73744,67.42,61.48,242.19,83.1,0.0347,0.880,0.501,0.038,1,3,1,0,0,0,0,1,89.6,87.7,65.0,45.0,0,1,81.1,1,0,0,0.0,740,0.108,0.161,0.5805,95.5,1,8143,0,15,15,0
163809,55768,73747,65.23,85.41,242.19,83.1,0.0347,0.884,0.505,0.037,1,3,1,0,0,0,0,1,89.6,88.0,65.0,45.0,0,1,81.1,1,0,0,0.0,740,0.108,0.161,0.5814,95.5,1,8144,0,15,15,0
163829,55783,73775,69.30,96.51,242.19,83.2,0.0346,0.886,0.507,0.036,1,3,1,0,0,0,0,1,89.6,88.3,65.0,45.0,0,1,81.1,1,0,0,0.0,740,0.108,0.161,0.5821,95.5,1,8145,0,15,15,0
163849,55793,73778,90.43,140.87,242.19,83.3,0.0347,0.888,0.509,0.034,1,3,1,0,0,0,0,1,89.6,88.6,65.0,45.0,0,1,81.1,1,0,0,0.0,740,0.108,0.161,0.5824,95.5,1,8146,0,15,15,0
163869,55787,73782,122.90,197.01,242.19,83.4,0.0347,0.890,0.509,0.033,1,3,1,0,0,0,0,1,89.6,88.8,65.0,45.0,0,1,81.1,1,0,0,0.0,740,0.108,0.161,0.5825,95.5,1,8147,0,15,15,0
163889,55781,73831,154.95,255.25,242.19,83.5,0.0348,0.890,0.509,0.031,1,3,1,0,0,0,0,1,89.6,89.0,65.0,45.0,0,1,81.1,1,0,0,0.0,740,0.108,0.161,0.5825,95.5,1,8148,0,15,15,0
163909,55792,73804,181.56,335.76,242.19,83.5,0.0348,0.890,0.509,0.030,1,3,1,0,0,0,0,1,89.6,89.1,65.0,45.0,0,1,81.1,1,0,0,0.0,740,0.108,0.161,0.5825,95.5,1,8149,0,15,15,0
163929,55790,73808,206.71,417.54,242.19,83.5,0.0348,0.891,0.510,0.028,1,3,1,0,0,0,0,1,89.6,89.2,65.0,45.0,0,1,81.1,1,0,0,0.0,740,0.108,0.161,0.5827,95.5,1,8150,0,15,15,0
163949,55808,73815,230.12,485.41,242.19,83.5,0.0348,0.891,0.512,0.027,1,3,1,0,0,0,0,1,89.6,89.4,65.0,45.0,0,1,81.1,1,0,0,0.0,740,0.118,0.161,0.5832,95.4,1,8151,0,15,15,0
163969,55850,73831,277.43,544.26,242.19,83.7,0.0349,0.893,0.515,0.025,1,3,1,0,0,0,0,1,89.6,89.6,65.0,45.0,0,1,81.1,1,0,0,0.0,740,0.194,0.161,0.5842,95.4,1,8152,0,15,15,0
163989,55813,73844,334.73,609.29,242.19,84.1,0.0352,0.897,0.518,0.024,1,3,1,0,0,0,0,1,89.6,90.1,65.0,45.0,0,1,81.1,1,0,0,0.0,740,0.194,0.164,0.5849,95.4,1,8153,0,15,15,0
164009,55810,73834,385.06,666.92,243.01,84.7,0.0358,0.901,0.522,0.022,1,3,1,0,0,0,0,1,89.6,90.7,65.0,45.0,0,1,81.1,1,0,0,0.0,740,0.194,0.164,0.5850,95.4,1,8154,0,15,15,0
164029,55805,73839,416.48,714.83,252.59,85.5,0.0365,0.905,0.525,0.020,1,3,1,0,0,0,0,1,89.6,91.3,65.0,45.0,0,1,81.1,1,0,0,0.0,740,0.194,0.164,0.5840,95.4,1,8155,0,15,15,0
164049,55810,73858,432.12,746.00,258.82,86.3,0.0373,0.910,0.527,0.019,1,3,1,0,0,0,0,1,89.6,91.9,65.0,45.0,0,1,81.1,1,0,0,0.0,740,0.194,0.183,0.5824,95.4,1,8156,0,15,15,0
164069,55813,73866,435.35,786.05,266.83,87.1,0.0381,0.915,0.526,0.018,1,3,1,0,0,0,0,1,89.6,92.6,65.0,45.0,0,1,81.1,1,0,0,0.0,740,0.194,0.194,0.5799,95.4,1,8157,0,15,15,0
164089,55798,73877,429.32,828.26,275.27,87.9,0.0388,0.920,0.521,0.017,1,3,1,0,0,0,0,1,89.6,93.2,65.0,45.0,0,1,81.1,1,0,0,0.0,740,0.194,0.209,0.5756,95.5,1,8158,0,15,15,0
164109,55815,73864,422.18,857.87,281.20,88.6,0.0395,0.926,0.513,0.016,1,3,1,0,0,0,0,1,89.6,93.9,65.0,45.0,0,1,81.1,1,0,0,0.0,740,0.194,0.209,0.5695,95.5,1,8159,0,15,15,0
164129,55818,73860,415.58,867.57,283.14,89.3,0.0400,0.932,0.502,0.016,1,3,1,0,0,0,0,1,89.6,94.5,65.0,45.0,0,1,81.1,1,0,0,0.0,740,0.194,0.209,0.5627,95.6,1,8160,0,15,15,0
164149,55813,73864,406.43,859.90,283.14,89.9,0.0404,0.939,0.491,0.016,1,3,1,0,1,1,700,1,88.9,95.1,65.0,45.0,0,1,81.1,1,0,0,0.0,740,0.194,0.209,0.5562,95.7,1,8161,0,15,15,0
164169,55828,73861,399.39,834.24,283.14,90.3,0.0407,0.944,0.481,0.018,1,3,1,0,0,0,0,1,88.9,95.5,65.0,45.0,0,1,81.1,1,0,0,0.0,740,0.194,0.209,0.5505,95.8,1,8162,0,15,15,0
164189,55839,73843,408.92,797.33,282.37,90.5,0.0409,0.946,0.476,0.019,1,3,1,0,0,0,0,1,88.9,95.6,65.0,45.0,0,1,81.1,1,0,0,0.0,740,0.194,0.209,0.5462,95.9,1,8163,0,15,15,0
164209,55812,73855,419.87,745.45,280.05,90.5,0.0409,0.946,0.475,0.021,1,3,1,0,0,0,0,1,88.9,95.5,65.0,45.0,0,1,81.1,1,0,0,0.0,740,0.194,0.209,0.5444,96.0,1,8164,0,15,15,0
164229,55815,73800,401.77,671.38,277.26,90.5,0.0408,0.946,0.478,0.022,1,3,1,0,0,0,0,1,88.9,95.4,65.0,45.0,0,1,81.1,1,0,0,0.0,740,0.194,0.209,0.5447,96.1,1,8165,0,15,15,0
164249,55805,73803,365.09,537.19,277.26,90.3,0.0406,0.947,0.484,0.023,1,3,1,0,0,0,0,1,88.9,95.3,65.0,45.0,0,1,81.1,1,0,0,0.0,740,0.194,0.209,0.5470,96.1,1,8166,0,15,15,0
164269,55803,73800,309.79,389.12,277.26,90.0,0.0402,0.948,0.491,0.023,1,3,1,0,0,0,0,1,88.9,95.3,65.0,45.0,0,1,81.1,1,0,0,0.0,740,0.194,0.209,0.5502,96.2,1,8167,0,15,15,0
164289,55801,73792,248.35,253.62,277.26,89.7,0.0398,0.949,0.497,0.023,1,3,1,0,0,0,0,1,88.9,95.3,65.0,45.0,0,1,81.1,1,0,0,0.0,740,0.194,0.209,0.5535,96.2,1,8168,0,15,15,0
164309,55779,73810,187.30,140.85,277.26,89.4,0.0394,0.949,0.501,0.022,1,3,1,0,0,0,0,1,88.9,95.3,65.0,45.0,0,1,81.1,1,0,0,0.0,740,0.194,0.209,0.5566,96.1,1,8169,0,15,15,0
164329,55799,73761,129.81,41.52,277.26,89.0,0.0390,0.948,0.503,0.021,1,3,1,0,0,0,0,1,88.9,95.2,65.0,45.0,0,1,81.1,1,0,0,0.0,740,0.194,0.209,0.5592,96.1,1,8170,0,15,15,0
164349,55790,73798,64.33,-29.72,277.26,88.7,0.0387,0.946,0.502,0.020,1,3,1,0,0,0,0,1,88.9,95.1,65.0,45.0,0,1,81.1,1,0,0,0.0,740,0.194,0.209,0.5611,96.1,1,8171,0,15,15,0
164369,55790,73808,4.52,-78.73,277.26,88.5,0.0385,0.946,0.501,0.019,1,3,1,0,0,0,0,1,88.9,95.0,65.0,45.0,0,1,81.1,1,0,0,0.0,740,0.194,0.209,0.5624,96.1,1,8172,0,15,15,0
164389,55798,73824,-44.29,-96.80,277.26,88.3,0.0383,0.945,0.501,0.018,1,3,1,0,0,0,0,1,88.9,95.0,65.0,45.0,0,1,81.1,1,0,0,0.0,740,0.194,0.209,0.5632,96.0,1,8173,0,15,15,0
164409,55790,73818,-81.11,-84.83,277.26,88.2,0.0381,0.945,0.502,0.017,1,3,1,0,0,0,0,1,88.9,95.0,65.0,45.0,0,1,81.1,1,0,0,0.0,740,0.194,0.209,0.5635,96.0,1,8174,0,15,15,0
164429,55795,73846,-97.75,-53.33,277.26,88.1,0.0380,0.945,0.505,0.016,1,3,1,0,0,0,0,1,88.9,95.0,65.0,45.0,0,1,81.1,1,0,0,0.0,740,0.194,0.209,0.5636,96.0,1,8175,0,15,15,0
164449,55811,73822,-102.89,-20.91,277.26,88.0,0.0380,0.945,0.508,0.015,1,3,1,0,0,0,0,1,88.9,95.1,65.0,45.0,0,1,81.1,1,0,0,0.0,740,0.194,0.209,0.5638,96.0,1,8176,0,15,15,0
164469,55801,73822,-90.70,7.18,277.26,88.1,0.0379,0.947,0.512,0.014,1,3,1,0,0,0,0,1,88.9,95.3,65.0,45.0,0,1,81.1,1,0,0,0.0,740,0.194,0.209,0.5644,96.0,1,8177,0,15,15,0
164489,55806,73827,-63.32,29.18,277.26,88.2,0.0379,0.952,0.516,0.013,1,3,1,0,0,0,0,1,88.9,95.6,65.0,45.0,0,1,81.1,1,0,0,0.0,740,0.194,0.209,0.5656,95.9,1,8178,0,15,15,0
164509,55849,73829,-33.35,52.01,277.26,88.4,0.0379,0.957,0.518,0.013,1,3,1,0,0,0,0,1,88.9,95.6,65.0,45.0,0,1,81.1,1,0,0,0.0,740,0.194,0.209,0.5672,95.9,1,8179,0,15,15,0
164529,55821,73857,21.01,73.97,277.26,88.5,0.0379,0.960,0.519,0.013,1,3,1,0,0,0,0,1,88.9,95.7,65.0,45.0,0,1,81.1,1,0,0,0.0,740,0.194,0.209,0.5689,95.9,1,8180,0,15,15,0
164549,55817,73828,76.83,91.47,277.26,88.6,0.0379,0.963,0.519,0.012,1,3,1,0,0,0,0,1,88.9,95.8,65.0,45.0,0,1,81.1,1,0,0,0.0,740,0.194,0.202,0.5704,95.9,1,8181,0,15,15,0
164569,55813,73843,116.66,123.00,277.26,88.6,0.0379,0.964,0.518,0.012,1,3,1,0,0,0,0,1,88.9,95.8,65.0,45.0,0,1,81.1,1,0,0,0.0,740,0.194,0.202,0.5715,95.8,1,8182,0,15,15,0
164589,55813,73858,135.38,154.19,277.26,88.6,0.0378,0.964,0.517,0.012,1,3,1,0,0,0,0,1,88.9,95.8,65.0,45.0,0,1,81.1,1,0,0,0.0,740,0.194,0.184,0.5720,95.8,1,8183,0,15,15,0
164609,55824,73864,141.21,199.77,277.26,88.5,0.0378,0.964,0.516,0.011,1,3,1,0,0,0,0,1,88.9,95.8,65.0,45.0,0,1,81.1,1,0,0,0.0,740,0.194,0.184,0.5716,95.8,1,8184,0,15,15,0
164629,55791,73861,139.35,246.41,277.26,88.4,0.0377,0.964,0.515,0.011,1,3,1,0,0,0,0,1,88.9,95.8,65.0,45.0,0,1,81.1,1,0,0,0.0,740,0.194,0.184,0.5692,95.8,1,8185,0,15,15,0
164649,55809,73847,125.68,283.86,277.26,88.3,0.0375,0.964,0.515,0.010,1,3,1,0,0,0,0,1,88.9,95.8,65.0,45.0,0,1,81.1,1,0,0,0.0,740,0.194,0.184,0.5640,95.8,1,8186,0,15,15,0
164669,55829,73864,107.76,308.90,277.26,88.2,0.0374,0.963,0.514,0.010,1,3,1,0,0,0,0,1,88.9,95.8,65.0,45.0,0,1,81.1,1,0,0,0.0,740,0.194,0.184,0.5563,95.9,1,8187,0,15,15,0
164689,55833,73885,126.26,325.96,277.26,88.1,0.0372,0.963,0.513,0.009,1,3,1,0,0,0,0,1,88.9,95.8,65.0,45.0,0,1,81.1,1,0,0,0.0,740,0.194,0.191,0.5469,96.0,1,8188,0,15,15,0
164709,55816,73906,155.28,362.84,277.26,88.0,0.0372,0.962,0.512,0.009,1,3,1,0,0,0,0,1,88.9,95.8,65.0,45.0,0,1,81.1,1,0,0,0.0,740,0.194,0.219,0.5364,96.1,1,8189,0,15,15,0
164729,55842,73905,189.75,426.06,277.26,88.0,0.0372,0.962,0.511,0.008,1,3,1,0,0,0,0,1,88.9,95.9,65.0,45.0,0,1,81.1,1,0,0,0.0,740,0.194,0.219,0.5278,96.2,1,8190,0,15,15,0
164749,55836,73925,224.60,487.21,277.26,88.1,0.0373,0.963,0.511,0.007,1,3,1,0,0,0,0,1,88.9,96.0,65.0,45.0,0,1,81.1,1,0,0,0.0,740,0.194,0.245,0.5233,96.4,1,8191,0,15,15,0
164769,55844,73930,262.86,559.42,277.26,88.3,0.0376,0.963,0.510,0.007,1,3,1,0,0,0,0,1,88.9,96.1,65.0,45.0,0,1,81.1,1,0,0,0.0,740,0.147,0.252,0.5217,96.5,1,8192,0,15,15,0
164789,55839,73946,288.24,626.08,277.26,88.6,0.0378,0.964,0.510,0.006,1,3,1,0,0,0,0,1,88.9,96.2,65.0,45.0,0,1,81.1,1,0,0,0.0,740,0.147,0.270,0.5219,96.6,1,8193,0,15,15,0
164809,55842,73946,306.82,695.82,277.26,88.8,0.0381,0.964,0.510,0.006,1,3,1,0,0,0,0,1,88.9,96.3,65.0,45.0,0,1,81.1,1,0,0,0.0,740,0.127,0.251,0.5225,96.6,1,8194,0,15,15,0
164829,55891,73934,316.31,748.62,277.26,89.0,0.0383,0.964,0.509,0.006,1,3,1,0,0,0,0,1,88.9,96.3,65.0,45.0,0,1,81.1,1,0,0,0.0,740,0.201,0.251,0.5227,96.7,1,8195,0,15,15,0
164849,55835,73940,316.99,769.91,277.26,89.1,0.0384,0.964,0.508,0.005,1,3,1,0,0,0,0,1,88.9,96.4,65.0,45.0,0,1,81.1,1,0,0,0.0,740,0.201,0.251,0.5223,96.8,1,8196,0,15,15,0
164869,55836,73850,299.21,758.11,277.26,89.0,0.0384,0.963,0.506,0.005,1,3,1,0,1,1,720,1,90.1,96.4,65.0,45.0,0,1,81.5,1,0,0,0.0,720,0.201,0.251,0.5212,96.8,1,8197,0,15,15,0
164889,55837,73872,272.94,639.67,277.26,88.7,0.0381,0.962,0.504,0.005,1,3,1,0,0,0,0,1,90.1,96.3,65.0,45.0,0,1,81.5,1,0,0,0.0,720,0.201,0.251,0.5208,96.8,1,8198,0,15,15,0
164909,55844,73862,245.58,473.96,277.26,88.2,0.0375,0.961,0.504,0.005,1,3,1,0,0,0,0,1,90.1,96.1,65.0,45.0,0,1,81.5,1,0,0,0.0,720,0.201,0.251,0.5213,96.9,1,8199,0,15,15,0
164929,55823,73866,218.68,313.21,275.62,87.5,0.0368,0.959,0.502,0.006,1,3,1,0,0,0,0,1,90.1,95.9,65.0,45.0,0,1,81.5,1,0,0,0.0,720,0.201,0.250,0.5222,96.9,1,8200,0,15,15,0
164949,55796,73843,167.26,168.31,271.11,86.8,0.0360,0.956,0.499,0.006,1,3,1,0,0,0,0,1,90.1,95.7,65.0,45.0,0,1,81.5,1,0,0,0.0,720,0.201,0.250,0.5233,96.9,1,8201,0,15,15,0
164969,55808,73830,83.50,21.87,267.45,86.1,0.0353,0.953,0.494,0.006,1,3,1,0,0,0,0,1,90.1,95.4,65.0,45.0,0,1,81.5,1,0,0,0.0,720,0.201,0.250,0.5240,96.9,1,8202,0,15,15,0
164989,55825,73830,-2.56,-123.16,263.28,85.6,0.0348,0.951,0.490,0.007,1,3,1,0,0,0,0,1,90.1,95.2,65.0,45.0,0,1,81.5,1,0,0,0.0,720,0.201,0.250,0.5242,96.9,1,8203,0,15,15,0
165009,55819,73846,-57.28,-246.26,257.57,85.3,0.0345,0.949,0.485,0.008,1,3,1,0,0,0,0,1,90.1,94.9,65.0,45.0,0,1,81.5,1,0,0,0.0,720,0.201,0.250,0.5238,96.9,1,8204,0,15,15,0
165029,55827,73842,-80.31,-324.42,250.48,85.0,0.0343,0.946,0.479,0.010,1,3,1,0,0,0,0,1,90.1,94.6,65.0,45.0,0,1,81.5,1,0,0,0.0,720,0.201,0.250,0.5224,96.9,1,8205,0,15,15,0
165049,55833,73852,-83.36,-365.31,246.58,84.9,0.0343,0.944,0.473,0.011,1,3,1,0,0,0,0,1,90.1,94.3,65.0,45.0,0,1,81.5,1,0,0,0.0,720,0.201,0.250,0.5197,96.9,1,8206,0,15,15,0
165069,55818,73876,-77.81,-374.36,248.39,84.9,0.0343,0.941,0.466,0.013,1,3,1,0,0,0,0,1,90.1,94.0,65.0,45.0,0,1,81.5,1,0,0,0.0,720,0.201,0.250,0.5163,97.0,1,8207,0,15,15,0
165089,55811,73847,-86.16,-366.71,248.39,85.0,0.0345,0.940,0.459,0.015,1,3,1,0,0,0,0,1,90.1,93.8,65.0,45.0,0,1,81.5,1,0,0,0.0,720,0.201,0.250,0.5128,97.0,1,8208,0,15,15,0
165109,55810,73847,-111.71,-357.98,248.39,85.1,0.0347,0.940,0.455,0.018,1,3,1,0,0,0,0,1,90.1,93.7,65.0,45.0,0,1,81.5,1,0,0,0.0,720,0.201,0.250,0.5097,97.1,1,8209,0,15,15,0
165129,55814,73843,-140.09,-347.77,248.39,85.3,0.0349,0.940,0.453,0.020,1,3,1,0,0,0,0,1,90.1,93.6,65.0,45.0,0,1,81.5,1,0,0,0.0,720,0.201,0.250,0.5073,97.1,1,8210,0,15,15,0
165149,55858,73855,-159.19,-336.16,248.39,85.5,0.0351,0.941,0.453,0.022,1,3,1,0,0,0,0,1,90.1,93.6,65.0,45.0,0,1,81.5,1,0,0,0.0,720,0.201,0.250,0.5056,97.2,1,8211,0,15,15,0
165169,55809,73870,-170.81,-312.34,248.39,85.7,0.0353,0.942,0.453,0.024,1,3,1,0,0,0,0,1,90.1,93.6,65.0,45.0,0,1,81.5,1,0,0,0.0,720,0.201,0.250,0.5048,97.2,1,8212,0,15,15,0
165189,55812,73824,-180.32,-285.04,248.39,85.9,0.0355,0.942,0.454,0.025,1,3,1,0,0,0,0,1,90.1,93.6,65.0,45.0,0,1,81.5,1,0,0,0.0,720,0.201,0.251,0.5047,97.2,1,8213,0,15,15,0
165209,55816,73853,-186.41,-261.33,248.39,86.0,0.0356,0.943,0.455,0.026,1,3,1,0,0,0,0,1,90.1,93.6,65.0,45.0,0,1,81.5,1,0,0,0.0,720,0.201,0.251,0.5049,97.3,1,8214,0,15,15,0
165229,55821,73871,-181.62,-240.97,248.39,86.1,0.0357,0.943,0.457,0.027,1,3,1,0,0,0,0,1,90.1,93.5,65.0,45.0,0,1,81.5,1,0,0,0.0,720,0.201,0.250,0.5052,97.3,1,8215,0,15,15,0
165249,55814,73873,-171.91,-198.48,248.39,86.1,0.0358,0.942,0.459,0.027,1,3,1,0,0,0,0,1,90.1,93.5,65.0,45.0,0,1,81.5,1,0,0,0.0,720,0.201,0.250,0.5058,97.3,1,8216,0,15,15,0
165269,55797,73876,-164.18,-149.45,248.39,86.1,0.0358,0.941,0.461,0.027,1,3,1,0,0,0,0,1,90.1,93.4,65.0,45.0,0,1,81.5,1,0,0,0.0,720,0.201,0.250,0.5067,97.3,1,8217,0,15,15,0
165289,55806,73854,-172.04,-104.44,248.39,86.2,0.0359,0.940,0.464,0.027,1,3,1,0,0,0,0,1,90.1,93.4,65.0,45.0,0,1,81.5,1,0,0,0.0,720,0.201,0.250,0.5078,97.3,1,8218,0,15,15,0
165309,55825,73886,-183.86,-63.38,248.39,86.2,0.0360,0.937,0.467,0.027,1,3,1,0,0,0,0,1,90.1,93.2,65.0,45.0,0,1,81.5,1,0,0,0.0,720,0.181,0.250,0.5089,97.3,1,8219,0,15,15,0
165329,55843,73894,-159.23,-16.33,248.39,86.2,0.0361,0.936,0.470,0.026,1,3,1,0,0,0,0,1,90.1,93.2,65.0,45.0,0,1,81.5,1,0,0,0.0,720,0.181,0.200,0.5099,97.3,1,8220,0,15,15,0
165349,55823,73899,-122.34,36.61,248.39,86.1,0.0361,0.935,0.474,0.025,1,3,1,0,0,0,0,1,90.1,93.2,65.0,45.0,0,1,81.5,1,0,0,0.0,720,0.181,0.187,0.5106,97.3,1,8221,0,15,15,0
165369,55861,73903,-52.07,89.82,248.39,86.1,0.0360,0.936,0.477,0.024,1,3,1,0,0,0,0,1,90.1,93.3,65.0,45.0,0,1,81.5,1,0,0,0.0,720,0.181,0.173,0.5108,97.3,1,8222,0,15,15,0
165389,55833,73939,2.98,139.05,248.39,86.0,0.0358,0.938,0.481,0.022,1,3,1,0,0,0,0,1,90.1,93.5,65.0,45.0,0,1,81.5,1,0,0,0.0,720,0.181,0.173,0.5110,97.3,1,8223,0,15,15,0
165409,55847,73908,68.92,184.05,248.39,85.8,0.0355,0.940,0.486,0.021,1,3,1,0,0,0,0,1,90.1,93.7,65.0,45.0,0,1,81.5,1,0,0,0.0,720,0.179,0.168,0.5113,97.3,1,8224,0,15,15,0
165429,55840,73921,115.47,236.00,248.39,85.7,0.0352,0.942,0.490,0.019,1,3,1,0,0,0,0,1,90.1,93.9,65.0,45.0,0,1,81.5,1,0,0,0.0,720,0.179,0.168,0.5114,97.2,1,8225,0,15,15,0
165449,55850,73947,158.48,279.77,248.39,85.5,0.0350,0.944,0.495,0.018,1,3,1,0,0,0,0,1,90.1,94.0,65.0,45.0,0,1,81.5,1,0,0,0.0,720,0.179,0.169,0.5112,97.2,1,8226,0,15,15,0
165469,55868,73941,197.11,337.77,248.39,85.4,0.0348,0.945,0.498,0.018,1,3,1,0,0,0,0,1,90.1,94.1,65.0,45.0,0,1,81.5,1,0,0,0.0,720,0.179,0.166,0.5108,97.2,1,8227,0,15,15,0
165489,55825,73956,225.74,396.87,248.39,85.4,0.0348,0.946,0.499,0.018,1,3,1,0,0,0,0,1,90.1,94.2,65.0,45.0,0,1,81.5,1,0,0,0.0,720,0.179,0.179,0.5100,97.2,1,8228,0,15,15,0
165509,55835,73921,215.67,434.26,248.39,85.4,0.0348,0.946,0.499,0.017,1,3,1,0,0,0,0,1,90.1,94.2,65.0,45.0,0,1,81.5,1,0,0,0.0,720,0.179,0.179,0.5084,97.2,1,8229,0,15,15,0
165529,55841,73953,188.68,468.48,248.39,85.5,0.0349,0.946,0.498,0.017,1,3,1,0,0,0,0,1,90.1,94.2,65.0,45.0,0,1,81.5,1,0,0,0.0,720,0.179,0.179,0.5058,97.3,1,8230,0,15,15,0
165549,55861,73957,167.41,490.43,248.39,85.6,0.0350,0.945,0.496,0.016,1,3,1,0,0,0,0,1,90.1,94.3,65.0,45.0,0,1,81.5,1,0,0,0.0,720,0.179,0.180,0.5031,97.3,1,8231,0,15,15,0
165569,55853,73949,171.41,497.96,248.39,85.6,0.0351,0.944,0.495,0.016,1,3,1,0,0,0,0,1,90.1,94.2,65.0,45.0,0,1,81.5,1,0,0,0.0,720,0.179,0.180,0.5007,97.3,1,8232,0,15,15,0
165589,55842,73938,182.73,486.64,248.39,85.6,0.0351,0.943,0.493,0.015,1,3,1,0,1,1,720,1,91.7,94.2,65.0,45.0,0,1,81.8,1,0,0,0.0,720,0.179,0.180,0.4988,97.4,1,8233,0,15,15,0
165609,55842,73961,172.61,463.07,248.39,85.5,0.0351,0.942,0.492,0.014,1,3,1,0,0,0,0,1,91.7,94.2,65.0,45.0,0,1,81.8,1,0,0,0.0,720,0.179,0.185,0.4971,97.4,1,8234,0,15,15,0
165629,55850,73918,152.86,416.62,248.39,85.4,0.0350,0.941,0.490,0.013,1,3,1,0,0,0,0,1,91.7,94.2,65.0,45.0,0,1,81.8,1,0,0,0.0,720,0.170,0.185,0.4955,97.5,1,8235,0,15,15,0
165649,55843,73896,131.72,334.29,248.39,85.2,0.0348,0.941,0.489,0.012,1,3,1,0,0,0,0,1,91.7,94.1,65.0,45.0,0,1,81.8,1,0,0,0.0,720,0.170,0.185,0.4944,97.5,1,8236,0,15,15,0
165669,55828,73876,111.12,214.12,248.39,85.1,0.0346,0.940,0.489,0.011,1,3,1,0,0,0,0,1,91.7,94.1,65.0,45.0,0,1,81.8,1,0,0,0.0,720,0.170,0.185,0.4940,97.5,1,8237,0,15,15,0
165689,55843,73881,91.91,71.85,248.39,85.0,0.0345,0.939,0.488,0.011,1,3,1,0,0,0,0,1,91.7,94.0,65.0,45.0,0,1,81.8,1,0,0,0.0,720,0.170,0.185,0.4941,97.5,1,8238,0,15,15,0
165709,55833,73902,56.04,-60.59,248.39,84.9,0.0345,0.937,0.486,0.010,1,3,1,0,0,0,0,1,91.7,94.0,65.0,45.0,0,1,81.8,1,0,0,0.0,720,0.170,0.185,0.4940,97.6,1,8239,0,15,15,0
165729,55829,73852,17.39,-170.38,248.39,84.9,0.0346,0.936,0.483,0.009,1,3,1,0,0,0,0,1,91.7,93.9,65.0,45.0,0,1,81.8,1,0,0,0.0,720,0.170,0.185,0.4934,97.6,1,8240,0,15,15,0
165749,55811,73860,-24.96,-283.74,248.39,85.1,0.0349,0.934,0.479,0.009,1,3,1,0,0,0,0,1,91.7,93.9,65.0,45.0,0,1,81.8,1,0,0,0.0,720,0.170,0.185,0.4921,97.6,1,8241,0,15,15,0
165769,55823,73856,-74.10,-386.03,250.72,85.5,0.0354,0.934,0.475,0.009,1,3,1,0,0,0,0,1,91.7,93.9,65.0,45.0,0,1,81.8,1,0,0,0.0,720,0.170,0.185,0.4902,97.6,1,8242,0,15,15,0
165789,55810,73868,-140.80,-460.75,265.66,86.0,0.0360,0.934,0.472,0.010,1,3,1,0,0,0,0,1,91.7,94.1,65.0,45.0,0,1,81.8,1,0,0,0.0,720,0.170,0.185,0.4883,97.7,1,8243,0,15,15,0
165809,55776,73861,-205.90,-508.65,275.24,86.7,0.0367,0.936,0.470,0.010,1,3,1,0,0,0,0,1,91.7,94.4,65.0,45.0,0,1,81.8,1,0,0,0.0,720,0.206,0.185,0.4872,97.7,1,8244,0,15,15,0
165829,55812,73840,-259.34,-534.89,280.49,87.4,0.0374,0.939,0.471,0.010,1,3,1,0,0,0,0,1,91.7,94.8,65.0,45.0,0,1,81.8,1,0,0,0.0,720,0.165,0.185,0.4871,97.7,1,8245,0,15,15,0
165849,55821,73852,-294.52,-556.95,284.90,88.1,0.0382,0.941,0.474,0.011,1,3,1,0,0,0,0,1,91.7,95.1,65.0,45.0,0,1,81.8,1,0,0,0.0,720,0.165,0.185,0.4877,97.7,1,8246,0,15,15,0
165869,55828,73870,-298.22,-569.75,287.46,88.8,0.0390,0.944,0.476,0.011,1,3,1,0,0,0,0,1,91.7,95.5,65.0,45.0,0,1,81.8,1,0,0,0.0,720,0.165,0.185,0.4884,97.7,1,8247,0,15,15,0
165889,55817,73875,-286.22,-547.37,287.46,89.5,0.0396,0.946,0.477,0.010,1,3,1,0,0,0,0,1,91.7,95.9,65.0,45.0,0,1,81.8,1,0,0,0.0,720,0.165,0.185,0.4895,97.8,1,8248,0,15,15,0
165909,55821,73892,-267.36,-502.71,287.46,90.0,0.0402,0.947,0.478,0.010,1,3,1,0,0,0,0,1,91.7,96.1,65.0,45.0,0,1,81.8,1,0,0,0.0,720,0.165,0.185,0.4913,97.7,1,8249,0,15,15,0
165929,55825,73920,-246.39,-428.04,287.46,90.3,0.0406,0.948,0.480,0.010,1,3,1,0,0,0,0,1,91.7,96.3,65.0,45.0,0,1,81.8,1,0,0,0.0,720,0.165,0.185,0.4942,97.7,1,8250,0,15,15,0
165949,55820,73882,-225.73,-348.99,287.46,90.5,0.0408,0.949,0.482,0.009,1,3,1,0,0,0,0,1,91.7,96.5,65.0,45.0,0,1,81.8,1,0,0,0.0,720,0.165,0.185,0.4980,97.7,1,8251,0,15,15,0
165969,55827,73893,-199.12,-275.95,287.46,90.6,0.0408,0.949,0.484,0.008,1,3,1,0,0,0,0,1,91.7,96.5,65.0,45.0,0,1,81.8,1,0,0,0.0,720,0.165,0.185,0.5021,97.6,1,8252,0,15,15,0
165989,55828,73895,-168.82,-214.32,287.46,90.5,0.0407,0.948,0.484,0.008,1,3,1,0,0,0,0,1,91.7,96.5,65.0,45.0,0,1,81.8,1,0,0,0.0,720,0.165,0.185,0.5061,97.6,1,8253,0,15,15,0
166009,55866,73895,-138.40,-162.38,287.46,90.3,0.0405,0.947,0.483,0.007,1,3,1,0,0,0,0,1,91.7,96.4,65.0,45.0,0,1,81.8,1,0,0,0.0,720,0.165,0.185,0.5097,97.5,1,8254,0,15,15,0
166029,55830,73920,-107.77,-121.26,287.46,89.9,0.0402,0.947,0.482,0.007,1,3,1,0,0,0,0,1,91.7,96.3,65.0,45.0,0,1,81.8,1,0,0,0.0,720,0.165,0.185,0.5123,97.5,1,8255,0,15,15,0
166049,55833,73879,-75.38,-90.18,287.46,89.6,0.0398,0.946,0.479,0.006,1,3,1,0,0,0,0,1,91.7,96.1,65.0,45.0,0,1,81.8,1,0,0,0.0,720,0.165,0.185,0.5134,97.4,1,8256,0,15,15,0
166069,55830,73895,-52.19,-67.62,287.46,89.1,0.0392,0.944,0.477,0.006,1,3,1,0,0,0,0,1,91.7,95.9,65.0,45.0,0,1,81.8,1,0,0,0.0,720,0.165,0.185,0.5135,97.3,1,8257,0,15,15,0
166089,55838,73896,-30.49,-51.91,287.46,88.5,0.0386,0.942,0.475,0.006,1,3,1,0,0,0,0,1,91.7,95.6,65.0,45.0,0,1,81.8,1,0,0,0.0,720,0.165,0.185,0.5133,97.3,1,8258,0,15,15,0
166109,55831,73924,-16.31,-40.09,287.46,87.8,0.0379,0.940,0.474,0.007,1,3,1,0,0,0,0,1,91.7,95.2,65.0,45.0,0,1,81.8,1,0,0,0.0,720,0.165,0.185,0.5130,97.3,1,8259,0,15,15,0
166129,55822,73927,-7.45,7.01,285.93,87.0,0.0371,0.937,0.474,0.007,1,3,1,0,0,0,0,1,91.7,94.8,65.0,45.0,0,1,81.8,1,0,0,0.0,720,0.165,0.185,0.5129,97.3,1,8260,0,15,15,0
166149,55837,73920,-2.29,60.69,280.80,86.3,0.0362,0.935,0.474,0.007,1,3,1,0,0,0,0,1,91.7,94.4,65.0,45.0,0,1,81.8,1,0,0,0.0,720,0.165,0.185,0.5129,97.2,1,8261,0,15,15,0
166169,55839,73914,11.35,102.19,273.42,85.5,0.0354,0.932,0.474,0.007,1,3,1,0,0,0,0,1,91.7,94.0,65.0,45.0,0,1,81.8,1,0,0,0.0,720,0.165,0.185,0.5127,97.2,1,8262,0,15,15,0
166189,55854,73960,29.67,130.84,267.93,84.7,0.0347,0.929,0.472,0.007,1,3,1,0,0,0,0,1,91.7,93.5,65.0,45.0,0,1,81.8,1,0,0,0.0,720,0.165,0.164,0.5124,97.2,1,8263,0,15,15,0
166209,55847,73966,61.27,203.57,267.93,84.1,0.0340,0.925,0.467,0.007,1,3,1,0,0,0,0,1,91.7,93.1,65.0,45.0,0,1,81.8,1,0,0,0.0,720,0.165,0.170,0.5119,97.2,1,8264,0,15,15,0
166229,55873,73958,105.49,280.60,267.93,83.6,0.0335,0.923,0.462,0.008,1,3,1,0,0,0,0,1,91.7,92.8,65.0,45.0,0,1,81.8,1,0,0,0.0,720,0.174,0.170,0.5114,97.2,1,8265,0,15,15,0
166249,55857,74006,152.38,352.65,267.93,83.4,0.0333,0.923,0.456,0.009,1,3,1,0,0,0,0,1,91.7,92.6,65.0,45.0,0,1,81.8,1,0,0,0.0,720,0.174,0.225,0.5109,97.2,1,8266,0,15,15,0
166269,55868,73975,211.73,420.07,267.93,83.5,0.0334,0.926,0.453,0.010,1,3,1,0,0,0,0,1,91.7,92.7,65.0,45.0,0,1,81.8,1,0,0,0.0,720,0.174,0.225,0.5109,97.2,1,8267,0,15,15,0
166289,55860,73993,250.07,495.49,267.93,83.9,0.0336,0.929,0.452,0.012,1,3,1,0,0,0,0,1,91.7,93.0,65.0,45.0,0,1,81.8,1,0,0,0.0,720,0.174,0.225,0.5108,97.2,1,8268,0,15,15,0
166309,55872,73998,285.97,556.99,267.93,84.3,0.0340,0.934,0.452,0.013,1,3,1,0,0,0,0,1,91.7,93.4,65.0,45.0,0,1,81.8,1,0,0,0.0,720,0.174,0.225,0.5109,97.2,1,8269,0,15,15,0
166329,55882,74000,319.56,603.99,267.93,84.8,0.0344,0.938,0.455,0.013,1,3,1,0,0,0,0,1,91.7,93.7,65.0,45.0,0,1,81.8,1,0,0,0.0,720,0.190,0.225,0.5111,97.2,1,8270,0,15,15,0
166349,55846,73979,343.50,630.92,267.93,85.3,0.0348,0.941,0.459,0.014,1,3,1,0,0,0,0,1,91.7,94.0,65.0,45.0,0,1,81.8,1,0,0,0.0,720,0.190,0.225,0.5115,97.2,1,8271,0,15,15,0
166369,55861,73929,335.74,611.74,267.93,85.6,0.0352,0.942,0.462,0.014,1,3,1,0,1,1,780,1,85.2,94.3,65.0,45.0,0,1,82.1,1,0,0,0.0,720,0.190,0.225,0.5121,97.2,1,8272,0,15,15,0
166389,55865,73952,312.29,531.71,267.93,85.9,0.0354,0.943,0.465,0.014,1,3,1,0,0,0,0,1,85.2,94.4,65.0,45.0,0,1,82.1,1,0,0,0.0,720,0.190,0.225,0.5130,97.2,1,8273,0,15,15,0
166409,55852,73937,282.19,411.34,267.93,85.9,0.0355,0.942,0.467,0.013,1,3,1,0,0,0,0,1,85.2,94.4,65.0,45.0,0,1,82.1,1,0,0,0.0,720,0.190,0.225,0.5144,97.2,1,8274,0,15,15,0
166429,55842,73925,233.79,286.92,267.93,85.9,0.0356,0.942,0.468,0.013,1,3,1,0,0,0,0,1,85.2,94.4,65.0,45.0,0,1,82.1,1,0,0,0.0,720,0.190,0.225,0.5156,97.2,1,8275,0,15,15,0
166449,55821,73930,163.71,165.26,267.93,85.9,0.0356,0.941,0.468,0.012,1,3,1,0,0,0,0,1,85.2,94.4,65.0,45.0,0,1,82.1,1,0,0,0.0,720,0.190,0.225,0.5161,97.2,1,8276,0,15,15,0
166469,55825,73918,61.58,52.67,267.93,85.9,0.0356,0.942,0.467,0.011,1,3,1,0,0,0,0,1,85.2,94.5,65.0,45.0,0,1,82.1,1,0,0,0.0,720,0.190,0.225,0.5161,97.1,1,8277,0,15,15,0
166489,55825,73900,-39.74,-51.31,267.93,86.0,0.0356,0.943,0.467,0.011,1,3,1,0,0,0,0,1,85.2,94.6,65.0,45.0,0,1,82.1,1,0,0,0.0,720,0.190,0.225,0.5163,97.1,1,8278,0,15,15,0
166509,55829,73874,-126.04,-162.40,267.93,86.1,0.0357,0.943,0.468,0.011,1,3,1,0,0,0,0,1,85.2,94.7,65.0,45.0,0,1,82.1,1,0,0,0.0,720,0.190,0.225,0.5171,97.1,1,8279,0,15,15,0
166529,55813,73871,-192.90,-295.91,267.93,86.3,0.0359,0.944,0.469,0.010,1,3,1,0,0,0,0,1,85.2,94.8,65.0,45.0,0,1,82.1,1,0,0,0.0,720,0.190,0.225,0.5178,97.1,1,8280,0,15,15,0
166549,55853,73893,-233.37,-417.23,267.93,86.6,0.0362,0.945,0.470,0.009,1,3,1,0,0,0,0,1,85.2,95.0,65.0,45.0,0,1,82.1,1,0,0,0.0,720,0.190,0.225,0.5176,97.1,1,8281,0,15,15,0
166569,55818,73939,-275.72,-486.46,267.93,87.0,0.0367,0.947,0.472,0.009,1,3,1,0,0,0,0,1,85.2,95.3,65.0,45.0,0,1,82.1,1,0,0,0.0,720,0.190,0.225,0.5169,97.1,1,8282,0,15,15,0
166589,55826,73895,-295.76,-517.99,267.93,87.5,0.0371,0.949,0.474,0.008,1,3,1,0,0,0,0,1,85.2,95.6,65.0,45.0,0,1,82.1,1,0,0,0.0,720,0.190,0.225,0.5159,97.1,1,8283,0,15,15,0
166609,55829,73902,-301.44,-515.98,267.93,87.9,0.0376,0.951,0.475,0.008,1,3,1,0,0,0,0,1,85.2,95.9,65.0,45.0,0,1,82.1,1,0,0,0.0,720,0.190,0.225,0.5151,97.1,1,8284,0,15,15,0
166629,55833,73902,-292.52,-496.77,267.93,88.2,0.0379,0.951,0.477,0.007,1,3,1,0,0,0,0,1,85.2,96.0,65.0,45.0,0,1,82.1,1,0,0,0.0,720,0.190,0.225,0.5148,97.1,1,8285,0,15,15,0
166649,55850,73900,-269.29,-469.69,267.93,88.5,0.0382,0.952,0.478,0.007,1,3,1,0,0,0,0,1,85.2,96.1,65.0,45.0,0,1,82.1,1,0,0,0.0,720,0.190,0.225,0.5154,97.1,1,8286,0,15,15,0
166669,55796,73900,-241.54,-442.66,267.93,88.7,0.0384,0.953,0.479,0.007,1,3,1,0,0,0,0,1,85.2,96.1,65.0,45.0,0,1,82.1,1,0,0,0.0,720,0.190,0.225,0.5165,97.1,1,8287,0,15,15,0
166689,55818,73865,-241.74,-416.33,267.93,88.9,0.0386,0.954,0.481,0.007,1,3,1,0,0,0,0,1,85.2,96.2,65.0,45.0,0,1,82.1,1,0,0,0.0,720,0.190,0.225,0.5186,97.1,1,8288,0,15,15,0
166709,55834,73907,-251.28,-391.02,267.93,89.0,0.0387,0.954,0.482,0.007,1,3,1,0,0,0,0,1,85.2,96.2,65.0,45.0,0,1,82.1,1,0,0,0.0,720,0.190,0.225,0.5215,97.1,1,8289,0,15,15,0
166729,55826,73911,-246.37,-357.19,267.93,88.9,0.0387,0.954,0.484,0.007,1,3,1,0,0,0,0,1,85.2,96.2,65.0,45.0,0,1,82.1,1,0,0,0.0,720,0.190,0.225,0.5244,97.0,1,8290,0,15,15,0
166749,55827,73921,-232.37,-316.67,267.93,88.8,0.0385,0.953,0.486,0.008,1,3,1,0,0,0,0,1,85.2,96.1,65.0,45.0,0,1,82.1,1,0,0,0.0,720,0.190,0.225,0.5263,97.0,1,8291,0,15,15,0
166769,55823,73913,-216.59,-274.33,267.93,88.5,0.0382,0.952,0.487,0.008,1,3,1,0,0,0,0,1,85.2,96.0,65.0,45.0,0,1,82.1,1,0,0,0.0,720,0.190,0.225,0.5265,97.0,1,8292,0,15,15,0
166789,55827,73944,-198.72,-224.46,267.93,88.1,0.0378,0.950,0.489,0.008,1,3,1,0,0,0,0,1,85.2,95.9,65.0,45.0,0,1,82.1,1,0,0,0.0,720,0.190,0.225,0.5259,96.9,1,8293,0,15,15,0
166809,55845,73901,-180.92,-188.55,267.93,87.5,0.0371,0.948,0.491,0.009,1,3,1,0,0,0,0,1,85.2,95.5,65.0,45.0,0,1,82.1,1,0,0,0.0,720,0.154,0.225,0.5241,96.9,1,8294,0,15,15,0
166829,55839,73932,-142.14,-136.07,267.93,86.8,0.0364,0.947,0.493,0.009,1,3,1,0,0,0,0,1,85.2,95.2,65.0,45.0,0,1,82.1,1,0,0,0.0,720,0.154,0.208,0.5218,96.9,1,8295,0,15,15,0
166849,55843,73927,-92.03,-90.90,265.57,86.0,0.0355,0.945,0.497,0.010,1,3,1,0,0,0,0,1,85.2,94.8,65.0,45.0,0,1,82.1,1,0,0,0.0,720,0.154,0.191,0.5195,97.0,1,8296,0,15,15,0
166869,55868,73945,-44.03,-48.23,241.88,85.2,0.0346,0.944,0.501,0.011,1,3,1,0,0,0,0,1,85.2,94.4,65.0,45.0,0,1,82.1,1,0,0,0.0,720,0.154,0.191,0.5178,97.0,1,8297,0,15,15,0
166889,55843,73964,-3.76,5.01,240.13,84.6,0.0339,0.942,0.503,0.012,1,3,1,0,0,0,0,1,85.2,94.1,65.0,45.0,0,1,82.1,1,0,0,0.0,720,0.154,0.191,0.5168,97.0,1,8298,0,15,15,0
166909,55839,73917,27.24,53.93,240.13,84.2,0.0335,0.941,0.503,0.013,1,3,1,0,0,0,0,1,85.2,93.8,65.0,45.0,0,1,82.1,1,0,0,0.0,720,0.154,0.191,0.5166,97.0,1,8299,0,15,15,0
166929,55832,73947,42.09,95.44,240.13,84.0,0.0333,0.941,0.500,0.014,1,3,1,0,0,0,0,1,85.2,93.7,65.0,45.0,0,1,82.1,1,0,0,0.0,720,0.154,0.191,0.5166,97.0,1,8300,0,15,15,0
166949,55847,73961,47.59,126.16,240.13,84.1,0.0333,0.942,0.498,0.014,1,3,1,0,0,0,0,1,85.2,93.7,65.0,45.0,0,1,82.1,1,0,0,0.0,720,0.154,0.191,0.5165,97.0,1,8301,0,15,15,0
166969,55857,73977,62.54,165.46,240.13,84.1,0.0334,0.943,0.498,0.014,1,3,1,0,0,0,0,1,85.2,93.8,65.0,45.0,0,1,82.1,1,0,0,0.0,720,0.154,0.191,0.5160,97.1,1,8302,0,15,15,0
166989,55819,73980,78.31,222.30,240.13,84.3,0.0335,0.944,0.498,0.014,1,3,1,0,0,0,0,1,85.2,93.9,65.0,45.0,0,1,82.1,1,0,0,0.0,720,0.154,0.191,0.5151,97.1,1,8303,0,15,15,0
167009,55857,73983,109.50,279.05,240.13,84.4,0.0336,0.945,0.499,0.014,1,3,1,0,0,0,0,1,85.2,94.1,65.0,45.0,0,1,82.1,1,0,0,0.0,720,0.154,0.191,0.5139,97.1,1,8304,0,15,15,0
167029,55851,73987,129.97,327.93,240.13,84.5,0.0337,0.947,0.501,0.014,1,3,1,0,0,0,0,1,85.2,94.2,65.0,45.0,0,1,82.1,1,0,0,0.0,720,0.154,0.191,0.5128,97.1,1,8305,0,15,15,0
167049,55862,73993,152.56,367.82,240.13,84.7,0.0337,0.950,0.504,0.015,1,3,1,0,0,0,0,1,85.2,94.4,65.0,45.0,0,1,82.1,1,0,0,0.0,720,0.154,0.191,0.5118,97.1,1,8306,0,15,15,0
167069,55870,74004,180.08,401.93,240.13,84.9,0.0338,0.954,0.507,0.015,1,3,1,0,0,0,0,1,85.2,94.5,65.0,45.0,0,1,82.1,1,0,0,0.0,720,0.154,0.191,0.5112,97.1,1,8307,0,15,15,0
167089,55878,74021,218.14,438.96,240.13,85.1,0.0340,0.957,0.512,0.016,1,3,1,0,0,0,0,1,85.2,94.5,65.0,45.0,0,1,82.1,1,0,0,0.0,720,0.154,0.211,0.5111,97.2,1,8308,0,15,15,0
167109,55875,74067,261.52,489.90,240.13,85.3,0.0341,0.959,0.516,0.017,1,3,1,0,0,0,0,1,85.2,94.5,65.0,45.0,0,1,82.1,1,0,0,0.0,720,0.154,0.273,0.5112,97.2,1,8309,0,15,15,0
167129,55879,74041,303.17,560.74,240.13,85.6,0.0344,0.960,0.519,0.018,1,3,1,0,0,0,0,1,85.2,94.5,65.0,45.0,0,1,82.1,1,0,0,0.0,720,0.154,0.273,0.5112,97.2,1,8310,0,15,15,0
167149,55880,74030,336.33,622.35,240.13,86.0,0.0348,0.962,0.522,0.019,1,3,1,0,0,0,0,1,85.2,94.5,65.0,45.0,0,1,82.1,1,0,0,0.0,720,0.154,0.273,0.5112,97.2,1,8311,0,15,15,0
167169,55879,74016,357.30,648.30,243.61,86.4,0.0352,0.963,0.524,0.020,1,3,1,0,0,0,0,1,85.2,94.6,65.0,45.0,0,1,82.1,1,0,0,0.0,720,0.154,0.273,0.5117,97.2,1,8312,0,15,15,0
167189,55900,73999,367.98,628.64,243.61,86.7,0.0356,0.963,0.527,0.021,1,3,1,0,1,1,820,1,76.0,94.6,65.0,45.0,0,1,82.3,1,0,0,0.0,720,0.186,0.273,0.5132,97.2,1,8313,0,15,15,0
167209,55859,74004,366.82,569.01,243.61,86.9,0.0359,0.963,0.530,0.022,1,3,1,0,0,0,0,1,76.0,94.6,65.0,45.0,0,1,82.3,1,0,0,0.0,720,0.186,0.273,0.5160,97.2,1,8314,0,15,15,0
167229,55859,73938,319.99,487.87,243.61,87.1,0.0360,0.963,0.532,0.023,1,3,1,0,0,0,0,1,76.0,94.6,65.0,45.0,0,1,82.3,1,0,0,0.0,720,0.186,0.273,0.5187,97.1,1,8315,0,15,15,0
167249,55859,73941,257.74,323.08,243.61,87.0,0.0360,0.963,0.533,0.024,1,3,1,0,0,0,0,1,76.0,94.5,65.0,45.0,0,1,82.3,1,0,0,0.0,720,0.186,0.273,0.5213,97.1,1,8316,0,15,15,0
167269,55853,73940,195.23,142.60,243.61,86.9,0.0360,0.961,0.533,0.025,1,3,1,0,0,0,0,1,76.0,94.4,65.0,45.0,0,1,82.3,1,0,0,0.0,720,0.186,0.273,0.5236,97.1,1,8317,0,15,15,0
167289,55842,73926,128.21,-20.48,243.61,86.9,0.0360,0.959,0.531,0.026,1,3,1,0,0,0,0,1,76.0,94.3,65.0,45.0,0,1,82.3,1,0,0,0.0,720,0.186,0.273,0.5252,97.0,1,8318,0,15,15,0
167309,55809,73932,47.09,-164.78,243.61,86.9,0.0360,0.958,0.527,0.026,1,3,1,0,0,0,0,1,76.0,94.3,65.0,45.0,0,1,82.3,1,0,0,0.0,720,0.186,0.273,0.5257,97.0,1,8319,0,15,15,0
167329,55835,73913,-41.79,-288.34,243.61,87.0,0.0362,0.959,0.523,0.026,1,3,1,0,0,0,0,1,76.0,94.4,65.0,45.0,0,1,82.3,1,0,0,0.0,720,0.186,0.273,0.5255,97.0,1,8320,0,15,15,0
167349,55835,73914,-120.93,-400.51,243.61,87.3,0.0364,0.960,0.520,0.025,1,3,1,0,0,0,0,1,76.0,94.5,65.0,45.0,0,1,82.3,1,0,0,0.0,720,0.186,0.273,0.5252,96.9,1,8321,0,15,15,0
167369,55835,73934,-183.88,-488.94,243.61,87.7,0.0368,0.961,0.517,0.025,1,3,1,0,0,0,0,1,76.0,94.7,65.0,45.0,0,1,82.3,1,0,0,0.0,720,0.186,0.273,0.5256,96.9,1,8322,0,15,15,0
167389,55828,73928,-229.77,-531.79,243.61,88.0,0.0373,0.962,0.516,0.024,1,3,1,0,0,0,0,1,76.0,94.8,65.0,45.0,0,1,82.3,1,0,0,0.0,720,0.186,0.273,0.5272,96.9,1,8323,0,15,15,0
167409,55858,73910,-260.32,-545.89,243.61,88.4,0.0377,0.963,0.515,0.023,1,3,1,0,0,0,0,1,76.0,95.0,65.0,45.0,0,1,82.3,1,0,0,0.0,720,0.186,0.273,0.5300,96.9,1,8324,0,15,15,0
167429,55831,73960,-285.52,-542.16,243.61,88.7,0.0380,0.963,0.515,0.022,1,3,1,0,0,0,0,1,76.0,95.2,65.0,45.0,0,1,82.3,1,0,0,0.0,720,0.186,0.273,0.5340,96.8,1,8325,0,15,15,0
167449,55840,73913,-286.03,-548.46,243.61,89.0,0.0384,0.964,0.515,0.021,1,3,1,0,0,0,0,1,76.0,95.3,65.0,45.0,0,1,82.3,1,0,0,0.0,720,0.186,0.273,0.5361,96.8,1,8326,0,15,15,0
167469,55837,73921,-279.69,-542.53,243.61,89.3,0.0386,0.964,0.515,0.020,1,3,1,0,0,0,0,1,76.0,95.4,65.0,45.0,0,1,82.3,1,0,0,0.0,720,0.186,0.273,0.5360,96.7,1,8327,0,15,15,0
167489,55837,73928,-269.27,-528.23,243.61,89.4,0.0388,0.965,0.514,0.019,1,3,1,0,0,0,0,1,76.0,95.5,65.0,45.0,0,1,82.3,1,0,0,0.0,720,0.186,0.273,0.5345,96.7,1,8328,0,15,15,0
167509,55855,73934,-256.57,-498.71,243.61,89.5,0.0388,0.965,0.514,0.018,1,3,1,0,0,0,0,1,76.0,95.6,65.0,45.0,0,1,82.3,1,0,0,0.0,720,0.186,0.273,0.5331,96.7,1,8329,0,15,15,0
167529,55825,73936,-242.73,-455.07,243.61,89.4,0.0388,0.965,0.516,0.018,1,3,1,0,0,0,0,1,76.0,95.7,65.0,45.0,0,1,82.3,1,0,0,0.0,720,0.186,0.273,0.5327,96.7,1,8330,0,15,15,0
167549,55837,73898,-228.49,-408.54,243.61,89.3,0.0386,0.966,0.520,0.017,1,3,1,0,0,0,0,1,76.0,95.7,65.0,45.0,0,1,82.3,1,0,0,0.0,720,0.186,0.273,0.5332,96.7,1,8331,0,15,15,0
167569,55842,73937,-214.31,-361.74,243.61,89.2,0.0384,0.967,0.523,0.017,1,3,1,0,0,0,0,1,76.0,95.6,65.0,45.0,0,1,82.3,1,0,0,0.0,720,0.186,0.273,0.5344,96.7,1,8332,0,15,15,0
167589,55839,73943,-196.80,-317.54,243.61,88.9,0.0381,0.967,0.527,0.017,1,3,1,0,0,0,0,1,76.0,95.6,65.0,45.0,0,1,82.3,1,0,0,0.0,720,0.186,0.273,0.5362,96.7,1,8333,0,15,15,0
167609,55842,73943,-173.38,-270.19,243.61,88.7,0.0378,0.968,0.530,0.017,1,3,1,0,0,0,0,1,76.0,95.5,65.0,45.0,0,1,82.3,1,0,0,0.0,720,0.186,0.273,0.5384,96.6,1,8334,0,15,15,0
167629,55830,73942,-155.12,-226.56,243.61,88.5,0.0375,0.968,0.533,0.017,1,3,1,0,0,0,0,1,76.0,95.4,65.0,45.0,0,1,82.3,1,0,0,0.0,720,0.186,0.273,0.5407,96.6,1,8335,0,15,15,0
167649,55836,73945,-145.90,-189.29,243.61,88.3,0.0373,0.968,0.534,0.018,1,3,1,0,0,0,0,1,76.0,95.3,65.0,45.0,0,1,82.3,1,0,0,0.0,720,0.186,0.273,0.5430,96.6,1,8336,0,15,15,0
167669,55838,73945,-140.50,-156.06,243.61,88.2,0.0372,0.968,0.535,0.018,1,3,1,0,0,0,0,1,76.0,95.2,65.0,45.0,0,1,82.3,1,0,0,0.0,720,0.163,0.273,0.5450,96.5,1,8337,0,15,15,0
167689,55840,73946,-132.57,-128.40,243.61,88.2,0.0372,0.967,0.535,0.019,1,3,1,0,0,0,0,1,76.0,95.2,65.0,45.0,0,1,82.3,1,0,0,0.0,720,0.163,0.229,0.5466,96.5,1,8338,0,15,15,0
167709,55837,73953,-123.67,-104.97,243.61,88.2,0.0372,0.968,0.535,0.019,1,3,1,0,0,0,0,1,76.0,95.2,65.0,45.0,0,1,82.3,1,0,0,0.0,720,0.163,0.229,0.5477,96.5,1,8339,0,15,15,0
167729,55867,73952,-110.93,-77.86,243.61,88.2,0.0372,0.969,0.535,0.019,1,3,1,0,0,0,0,1,76.0,95.2,65.0,45.0,0,1,82.3,1,0,0,0.0,720,0.163,0.229,0.5483,96.4,1,8340,0,15,15,0
167749,55854,73995,-71.84,-51.60,243.61,88.3,0.0372,0.970,0.537,0.019,1,3,1,0,0,0,0,1,76.0,95.2,65.0,45.0,0,1,82.3,1,0,0,0.0,720,0.163,0.229,0.5481,96.4,1,8341,0,15,15,0
167769,55834,73965,-27.28,-12.89,243.61,88.2,0.0370,0.973,0.540,0.020,1,3,1,0,0,0,0,1,76.0,95.2,65.0,45.0,0,1,82.3,1,0,0,0.0,720,0.163,0.229,0.5473,96.4,1,8342,0,15,15,0
167789,55856,73967,13.01,27.56,243.61,88.1,0.0368,0.974,0.544,0.020,1,3,1,0,0,0,0,1,76.0,95.1,65.0,45.0,0,1,82.3,1,0,0,0.0,720,0.163,0.229,0.5465,96.4,1,8343,0,15,15,0
167809,55853,73972,43.46,61.94,243.61,87.9,0.0366,0.975,0.547,0.021,1,3,1,0,0,0,0,1,76.0,95.0,65.0,45.0,0,1,82.3,1,0,0,0.0,720,0.163,0.229,0.5455,96.4,1,8344,0,15,15,0
167829,55831,73987,64.82,94.59,243.61,87.7,0.0363,0.975,0.548,0.021,1,3,1,0,0,0,0,1,76.0,94.9,65.0,45.0,0,1,82.3,1,0,0,0.0,720,0.163,0.229,0.5445,96.4,1,8345,0,15,15,0
167849,55817,73990,38.08,141.07,243.61,87.4,0.0360,0.974,0.548,0.022,1,3,1,0,0,0,0,1,76.0,94.8,65.0,45.0,0,1,82.3,1,0,0,0.0,720,0.163,0.229,0.5428,96.4,1,8346,0,15,15,0
167869,55845,73971,-4.73,184.32,239.35,87.1,0.0356,0.973,0.548,0.022,1,3,1,0,0,0,0,1,76.0,94.6,65.0,45.0,0,1,82.3,1,0,0,0.0,720,0.163,0.229,0.5404,96.4,1,8347,0,15,15,0
167889,55857,73977,-22.03,203.56,239.35,86.8,0.0354,0.970,0.546,0.022,1,3,1,0,0,0,0,1,76.0,94.5,65.0,45.0,0,1,82.3,1,0,0,0.0,720,0.163,0.229,0.5384,96.4,1,8348,0,15,15,0
167909,55858,74009,-4.24,207.59,239.35,86.5,0.0351,0.968,0.545,0.022,1,3,1,0,0,0,0,1,76.0,94.4,65.0,45.0,0,1,82.3,1,0,0,0.0,720,0.163,0.228,0.5369,96.5,1,8349,0,15,15,0
167929,55861,74002,26.91,236.88,239.35,86.3,0.0350,0.967,0.543,0.022,1,3,1,0,0,0,0,1,76.0,94.4,65.0,45.0,0,1,82.3,1,0,0,0.0,720,0.163,0.228,0.5360,96.5,1,8350,0,15,15,0
167949,55851,73987,58.42,269.08,239.35,86.2,0.0349,0.966,0.540,0.022,1,3,1,0,0,0,0,1,76.0,94.4,65.0,45.0,0,1,82.3,1,0,0,0.0,720,0.163,0.228,0.5353,96.5,1,8351,0,15,15,0
167969,55853,74004,75.47,294.31,239.35,86.2,0.0349,0.965,0.538,0.021,1,3,1,0,0,0,0,1,76.0,94.5,65.0,45.0,0,1,82.3,1,0,0,0.0,720,0.163,0.228,0.5345,96.5,1,8352,0,15,15,0
167989,55856,73964,83.19,288.45,239.35,86.3,0.0350,0.965,0.536,0.020,1,3,1,0,1,1,800,1,78.6,94.5,65.0,45.0,0,1,81.3,1,0,0,0.0,780,0.163,0.228,0.5337,96.6,1,8353,0,15,15,0
168009,55855,73966,88.64,238.05,239.35,86.3,0.0350,0.965,0.535,0.020,1,3,1,0,0,0,0,1,78.6,94.6,65.0,45.0,0,1,81.3,1,0,0,0.0,780,0.163,0.228,0.5331,96.6,1,8354,0,15,15,0
168029,55846,73944,91.30,171.12,239.35,86.3,0.0350,0.965,0.535,0.019,1,3,1,0,0,0,0,1,78.6,94.6,65.0,45.0,0,1,81.3,1,0,0,0.0,780,0.163,0.228,0.5328,96.6,1,8355,0,15,15,0
168049,55861,73933,91.32,77.16,239.35,86.3,0.0350,0.964,0.535,0.018,1,3,1,0,0,0,0,1,78.6,94.7,65.0,45.0,0,1,81.3,1,0,0,0.0,780,0.163,0.228,0.5328,96.6,1,8356,0,15,15,0
168069,55835,73936,72.60,-26.49,239.35,86.2,0.0350,0.963,0.534,0.017,1,3,1,0,0,0,0,1,78.6,94.7,65.0,45.0,0,1,81.3,1,0,0,0.0,780,0.163,0.229,0.5335,96.6,1,8357,0,15,15,0
168089,55833,73877,27.88,-123.37,239.35,86.2,0.0351,0.962,0.533,0.016,1,3,1,0,0,0,0,1,78.6,94.8,65.0,45.0,0,1,81.3,1,0,0,0.0,780,0.163,0.257,0.5348,96.6,1,8358,0,15,15,0
168109,55832,73892,-24.90,-259.58,239.35,86.2,0.0352,0.960,0.531,0.015,1,3,1,0,0,0,0,1,78.6,94.8,65.0,45.0,0,1,81.3,1,0,0,0.0,780,0.163,0.222,0.5361,96.6,1,8359,0,15,15,0
168129,55820,73889,-74.91,-393.84,239.35,86.3,0.0354,0.957,0.526,0.014,1,3,1,0,0,0,0,1,78.6,94.9,65.0,45.0,0,1,81.3,1,0,0,0.0,780,0.163,0.207,0.5363,96.6,1,8360,0,15,15,0
168149,55819,73895,-137.87,-499.94,239.35,86.5,0.0357,0.955,0.521,0.013,1,3,1,0,0,0,0,1,78.6,95.1,65.0,45.0,0,1,81.3,1,0,0,0.0,780,0.163,0.188,0.5352,96.6,1,8361,0,15,15,0
168169,55784,73889,-197.36,-578.64,245.39,86.9,0.0362,0.954,0.517,0.013,1,3,1,0,0,0,0,1,78.6,95.2,65.0,45.0,0,1,81.3,1,0,0,0.0,780,0.208,0.179,0.5338,96.6,1,8362,0,15,15,0
168189,55812,73892,-257.64,-625.13,254.69,87.3,0.0367,0.954,0.514,0.013,1,3,1,0,0,0,0,1,78.6,95.3,65.0,45.0,0,1,81.3,1,0,0,0.0,780,0.149,0.179,0.5327,96.6,1,8363,0,15,15,0
168209,55817,73882,-306.83,-650.04,259.67,87.7,0.0371,0.955,0.513,0.013,1,3,1,0,0,0,0,1,78.6,95.4,65.0,45.0,0,1,81.3,1,0,0,0.0,780,0.149,0.179,0.5320,96.6,1,8364,0,15,15,0
168229,55814,73888,-337.53,-657.76,261.21,88.1,0.0375,0.956,0.514,0.013,1,3,1,0,0,0,0,1,78.6,95.6,65.0,45.0,0,1,81.3,1,0,0,0.0,780,0.149,0.179,0.5316,96.7,1,8365,0,15,15,0
168249,55806,73899,-352.81,-651.08,261.21,88.4,0.0378,0.957,0.515,0.013,1,3,1,0,0,0,0,1,78.6,95.7,65.0,45.0,0,1,81.3,1,0,0,0.0,780,0.149,0.179,0.5315,96.7,1,8366,0,15,15,0
168269,55833,73905,-356.02,-617.96,261.21,88.5,0.0380,0.958,0.517,0.013,1,3,1,0,0,0,0,1,78.6,95.7,65.0,45.0,0,1,81.3,1,0,0,0.0,780,0.149,0.179,0.5324,96.7,1,8367,0,15,15,0
168289,55812,73922,-353.90,-564.64,261.21,88.4,0.0379,0.957,0.519,0.012,1,3,1,0,0,0,0,1,78.6,95.7,65.0,45.0,0,1,81.3,1,0,0,0.0,780,0.149,0.179,0.5346,96.7,1,8368,0,15,15,0
168309,55816,73902,-338.92,-505.42,261.21,88.2,0.0376,0.957,0.521,0.011,1,3,1,0,0,0,0,1,78.6,95.7,65.0,45.0,0,1,81.3,1,0,0,0.0,780,0.149,0.179,0.5378,96.6,1,8369,0,15,15,0
168329,55819,73889,-317.38,-451.67,261.21,87.7,0.0372,0.955,0.523,0.011,1,3,1,0,0,0,0,1,78.6,95.6,65.0,45.0,0,1,81.3,1,0,0,0.0,780,0.149,0.179,0.5418,96.6,1,8370,0,15,15,0
168349,55804,73889,-292.99,-421.53,261.21,87.2,0.0366,0.954,0.524,0.010,1,3,1,0,0,0,0,1,78.6,95.5,65.0,45.0,0,1,81.3,1,0,0,0.0,780,0.149,0.179,0.5457,96.6,1,8371,0,15,15,0
168369,55822,73902,-262.35,-401.02,261.21,86.7,0.0360,0.952,0.524,0.009,1,3,1,0,0,0,0,1,78.6,95.4,65.0,45.0,0,1,81.3,1,0,0,0.0,780,0.149,0.179,0.5484,96.5,1,8372,0,15,15,0
168389,55795,73897,-258.38,-372.06,261.21,86.2,0.0355,0.950,0.523,0.009,1,3,1,0,0,0,0,1,78.6,95.3,65.0,45.0,0,1,81.3,1,0,0,0.0,780,0.149,0.179,0.5507,96.4,1,8373,0,15,15,0
168409,55818,73865,-237.13,-339.90,261.21,85.9,0.0352,0.949,0.521,0.008,1,3,1,0,0,0,0,1,78.6,95.2,65.0,45.0,0,1,81.3,1,0,0,0.0,780,0.149,0.195,0.5521,96.4,1,8374,0,15,15,0
168429,55812,73884,-220.29,-325.46,261.21,85.8,0.0350,0.949,0.518,0.008,1,3,1,0,0,0,0,1,78.6,95.2,65.0,45.0,0,1,81.3,1,0,0,0.0,780,0.149,0.195,0.5534,96.4,1,8375,0,15,15,0
168449,55812,73911,-205.10,-316.63,261.21,85.7,0.0350,0.950,0.517,0.008,1,3,1,0,0,0,0,1,78.6,95.2,65.0,45.0,0,1,81.3,1,0,0,0.0,780,0.149,0.195,0.5545,96.3,1,8376,0,15,15,0
168469,55814,73905,-190.31,-278.52,261.21,85.7,0.0349,0.950,0.516,0.008,1,3,1,0,0,0,0,1,78.6,95.2,65.0,45.0,0,1,81.3,1,0,0,0.0,780,0.149,0.195,0.5555,96.3,1,8377,0,15,15,0
168489,55807,73916,-175.47,-222.50,261.21,85.7,0.0349,0.950,0.517,0.008,1,3,1,0,0,0,0,1,78.6,95.2,65.0,45.0,0,1,81.3,1,0,0,0.0,780,0.149,0.195,0.5561,96.2,1,8378,0,15,15,0
168509,55812,73925,-160.52,-157.74,261.21,85.7,0.0349,0.949,0.517,0.008,1,3,1,0,0,0,0,1,78.6,95.1,65.0,45.0,0,1,81.3,1,0,0,0.0,780,0.149,0.195,0.5564,96.2,1,8379,0,15,15,0
168529,55829,73925,-145.57,-84.37,261.21,85.6,0.0349,0.948,0.516,0.007,1,3,1,0,0,0,0,1,78.6,95.0,65.0,45.0,0,1,81.3,1,0,0,0.0,780,0.149,0.195,0.5565,96.2,1,8380,0,15,15,0
168549,55826,73927,-105.05,-16.90,261.21,85.5,0.0348,0.947,0.515,0.007,1,3,1,0,0,0,0,1,78.6,94.9,65.0,45.0,0,1,81.3,1,0,0,0.0,780,0.149,0.195,0.5563,96.2,1,8381,0,15,15,0
168569,55821,73953,-58.52,41.74,261.21,85.3,0.0347,0.945,0.514,0.007,1,3,1,0,0,0,0,1,78.6,94.8,65.0,45.0,0,1,81.3,1,0,0,0.0,780,0.149,0.195,0.5559,96.2,1,8382,0,15,15,0
168589,55887,73965,-15.27,124.43,261.21,85.2,0.0345,0.944,0.512,0.008,1,3,1,0,0,0,0,1,78.6,94.6,65.0,45.0,0,1,81.3,1,0,0,0.0,780,0.184,0.195,0.5553,96.1,1,8383,0,15,15,0
168609,55842,74009,50.43,220.67,261.21,85.1,0.0345,0.943,0.510,0.008,1,3,1,0,0,0,0,1,78.6,94.6,65.0,45.0,0,1,81.3,1,0,0,0.0,780,0.184,0.195,0.5545,96.1,1,8384,0,15,15,0
168629,55852,73974,133.96,319.01,261.21,85.1,0.0345,0.943,0.509,0.008,1,3,1,0,0,0,0,1,78.6,94.5,65.0,45.0,0,1,81.3,1,0,0,0.0,780,0.184,0.195,0.5537,96.1,1,8385,0,15,15,0
168649,55860,73981,211.57,410.67,261.21,85.3,0.0347,0.944,0.509,0.008,1,3,1,0,0,0,0,1,78.6,94.6,65.0,45.0,0,1,81.3,1,0,0,0.0,780,0.184,0.195,0.5533,96.2,1,8386,0,15,15,0
168669,55864,73985,288.40,482.39,261.21,85.6,0.0350,0.945,0.512,0.009,1,3,1,0,0,0,0,1,78.6,94.8,65.0,45.0,0,1,81.3,1,0,0,0.0,780,0.184,0.195,0.5539,96.2,1,8387,0,15,15,0
168689,55876,74010,358.48,536.54,261.21,85.9,0.0354,0.946,0.516,0.008,1,3,1,0,0,0,0,1,78.6,94.9,65.0,45.0,0,1,81.3,1,0,0,0.0,780,0.184,0.196,0.5560,96.1,1,8388,0,15,15,0
168709,55838,73999,412.30,589.95,261.21,86.3,0.0359,0.946,0.522,0.008,1,3,1,0,0,0,0,1,78.6,95.1,65.0,45.0,0,1,81.3,1,0,0,0.0,780,0.184,0.196,0.5591,96.1,1,8389,0,15,15,0
168729,55845,73963,412.87,629.51,261.21,86.9,0.0364,0.948,0.525,0.008,1,3,1,0,0,0,0,1,78.6,95.4,65.0,45.0,0,1,81.3,1,0,0,0.0,780,0.184,0.196,0.5615,96.1,1,8390,0,15,15,0
168749,55852,73971,387.98,612.58,261.21,87.3,0.0369,0.949,0.528,0.008,1,3,1,0,1,1,760,1,82.3,95.7,65.0,45.0,0,1,80.5,1,0,0,0.0,780,0.184,0.196,0.5633,96.1,1,8391,0,15,15,0
168769,55856,73972,365.78,569.23,261.21,87.7,0.0374,0.951,0.530,0.008,1,3,1,0,0,0,0,1,82.3,95.8,65.0,45.0,0,1,80.5,1,0,0,0.0,780,0.184,0.196,0.5651,96.0,1,8392,0,15,15,0
168789,55858,73951,351.94,515.93,261.21,88.1,0.0377,0.952,0.533,0.008,1,3,1,0,0,0,0,1,82.3,95.9,65.0,45.0,0,1,80.5,1,0,0,0.0,780,0.184,0.196,0.5676,96.0,1,8393,0,15,15,0
168809,55824,73944,340.25,433.57,261.21,88.3,0.0380,0.952,0.535,0.008,1,3,1,0,0,0,0,1,82.3,95.9,65.0,45.0,0,1,80.5,1,0,0,0.0,780,0.184,0.196,0.5708,95.9,1,8394,0,15,15,0
168829,55840,73969,298.51,347.20,261.21,88.4,0.0381,0.952,0.538,0.009,1,3,1,0,0,0,0,1,82.3,95.9,65.0,45.0,0,1,80.5,1,0,0,0.0,780,0.184,0.196,0.5736,95.9,1,8395,0,15,15,0
168849,55842,73944,247.89,258.70,261.21,88.5,0.0382,0.952,0.540,0.009,1,3,1,0,0,0,0,1,82.3,95.9,65.0,45.0,0,1,80.5,1,0,0,0.0,780,0.184,0.196,0.5763,95.8,1,8396,0,15,15,0
168869,55829,73951,198.79,189.40,261.21,88.5,0.0383,0.951,0.541,0.010,1,3,1,0,0,0,0,1,82.3,95.9,65.0,45.0,0,1,80.5,1,0,0,0.0,780,0.184,0.196,0.5785,95.8,1,8397,0,15,15,0
168889,55848,73945,159.33,127.72,261.21,88.5,0.0383,0.950,0.542,0.011,1,3,1,0,0,0,0,1,82.3,95.8,65.0,45.0,0,1,80.5,1,0,0,0.0,780,0.184,0.196,0.5804,95.7,1,8398,0,15,15,0
168909,55869,73968,139.09,85.07,261.21,88.5,0.0383,0.950,0.543,0.011,1,3,1,0,0,0,0,1,82.3,95.8,65.0,45.0,0,1,80.5,1,0,0,0.0,780,0.184,0.196,0.5819,95.7,1,8399,0,15,15,0
168929,55845,74009,128.24,78.91,261.21,88.5,0.0383,0.949,0.543,0.012,1,3,1,0,0,0,0,1,82.3,95.7,65.0,45.0,0,1,80.5,1,0,0,0.0,780,0.184,0.196,0.5833,95.6,1,8400,0,15,15,0
168949,55857,73956,138.02,87.34,261.21,88.5,0.0383,0.949,0.544,0.012,1,3,1,0,0,0,0,1,82.3,95.6,65.0,45.0,0,1,80.5,1,0,0,0.0,780,0.184,0.196,0.5840,95.6,1,8401,0,15,15,0
168969,55858,73974,153.25,107.51,261.21,88.4,0.0383,0.948,0.545,0.013,1,3,1,0,0,0,0,1,82.3,95.6,65.0,45.0,0,1,80.5,1,0,0,0.0,780,0.184,0.196,0.5839,95.5,1,8402,0,15,15,0
168989,55862,73994,168.61,127.98,261.21,88.4,0.0382,0.948,0.547,0.013,1,3,1,0,0,0,0,1,82.3,95.5,65.0,45.0,0,1,80.5,1,0,0,0.0,780,0.184,0.196,0.5837,95.5,1,8403,0,15,15,0
169009,55861,74008,185.42,171.59,261.21,88.3,0.0382,0.948,0.549,0.014,1,3,1,0,0,0,0,1,82.3,95.4,65.0,45.0,0,1,80.5,1,0,0,0.0,780,0.184,0.196,0.5841,95.5,1,8404,0,15,15,0
169029,55823,74013,198.28,235.38,261.21,88.3,0.0381,0.948,0.551,0.014,1,3,1,0,0,0,0,1,82.3,95.4,65.0,45.0,0,1,80.5,1,0,0,0.0,780,0.184,0.200,0.5850,95.5,1,8405,0,15,15,0
169049,55855,73996,194.40,295.02,261.21,88.2,0.0380,0.948,0.554,0.015,1,3,1,0,0,0,0,1,82.3,95.4,65.0,45.0,0,1,80.5,1,0,0,0.0,780,0.184,0.200,0.5853,95.4,1,8406,0,15,15,0
169069,55868,74013,182.11,347.54,261.21,88.2,0.0380,0.949,0.555,0.016,1,3,1,0,0,0,0,1,82.3,95.3,65.0,45.0,0,1,80.5,1,0,0,0.0,780,0.184,0.200,0.5846,95.4,1,8407,0,15,15,0
169089,55865,74023,184.55,385.30,261.21,88.1,0.0379,0.948,0.555,0.016,1,3,1,0,0,0,0,1,82.3,95.2,65.0,45.0,0,1,80.5,1,0,0,0.0,780,0.184,0.214,0.5834,95.4,1,8408,0,15,15,0
169109,55874,74054,195.98,420.84,261.21,88.0,0.0378,0.948,0.554,0.017,1,3,1,0,0,0,0,1,82.3,95.2,65.0,45.0,0,1,80.5,1,0,0,0.0,780,0.184,0.256,0.5826,95.4,1,8409,0,15,15,0
169129,55885,74037,218.10,464.71,261.21,87.9,0.0377,0.947,0.553,0.017,1,3,1,0,0,0,0,1,82.3,95.0,65.0,45.0,0,1,80.5,1,0,0,0.0,780,0.184,0.256,0.5815,95.4,1,8410,0,15,15,0
169149,55881,74077,251.60,523.61,261.21,87.7,0.0375,0.946,0.552,0.017,1,3,1,0,0,0,0,1,82.3,94.9,65.0,45.0,0,1,80.5,1,0,0,0.0,780,0.184,0.287,0.5802,95.4,1,8411,0,15,15,0
169169,55862,74058,281.80,579.30,257.45,87.6,0.0374,0.946,0.550,0.017,1,3,1,0,0,0,0,1,82.3,94.9,65.0,45.0,0,1,80.5,1,0,0,0.0,780,0.165,0.287,0.5785,95.5,1,8412,0,15,15,0
169189,55884,74067,302.89,631.14,257.78,87.6,0.0374,0.945,0.547,0.017,1,3,1,0,0,0,0,1,82.3,94.8,65.0,45.0,0,1,80.5,1,0,0,0.0,780,0.165,0.287,0.5764,95.5,1,8413,0,15,15,0
169209,55883,74077,317.29,666.35,264.82,87.7,0.0376,0.944,0.543,0.016,1,3,1,0,0,0,0,1,82.3,94.9,65.0,45.0,0,1,80.5,1,0,0,0.0,780,0.165,0.287,0.5741,95.5,1,8414,0,15,15,0
169229,55921,74075,324.96,692.85,270.12,88.0,0.0379,0.944,0.538,0.015,1,3,1,0,0,0,0,1,82.3,95.0,65.0,45.0,0,1,80.5,1,0,0,0.0,780,0.226,0.287,0.5719,95.6,1,8415,0,15,15,0
169249,55890,74099,335.93,706.45,272.84,88.5,0.0385,0.945,0.534,0.014,1,3,1,0,0,0,0,1,82.3,95.3,65.0,45.0,0,1,80.5,1,0,0,0.0,780,0.226,0.316,0.5695,95.6,1,8416,0,15,15,0
169269,55902,74058,364.66,701.59,272.84,89.1,0.0391,0.948,0.532,0.013,1,3,1,0,1,0,520,1,82.3,95.7,65.0,45.0,4,1,80.5,1,0,0,0.0,780,0.226,0.316,0.5676,95.6,1,8417,0,15,15,0
169289,55911,74099,391.97,714.77,274.51,89.7,0.0397,0.951,0.532,0.013,1,3,1,0,0,0,0,1,82.3,96.1,65.0,45.0,0,1,80.5,1,0,0,0.0,780,0.226,0.316,0.5662,95.7,1,8418,0,15,15,0
169309,55901,74114,409.94,724.57,276.47,90.4,0.0404,0.954,0.534,0.012,1,3,1,0,0,0,0,1,82.3,96.3,65.0,45.0,0,1,80.5,1,0,0,0.0,780,0.226,0.337,0.5652,95.7,1,8419,0,15,15,0
169329,55906,74144,423.85,743.39,280.23,90.9,0.0409,0.957,0.538,0.011,1,3,1,0,0,0,0,1,82.3,96.5,65.0,45.0,0,1,80.5,1,0,0,0.0,780,0.226,0.377,0.5643,95.8,1,8420,0,15,15,0
169349,55900,74143,419.71,794.06,290.36,91.4,0.0414,0.959,0.539,0.010,1,3,1,0,0,0,0,1,82.3,96.7,65.0,45.0,0,1,80.5,1,0,0,0.0,780,0.226,0.377,0.5623,95.8,1,8421,0,15,15,0
169369,55911,74146,412.89,841.59,299.87,91.9,0.0419,0.960,0.540,0.010,1,3,1,0,0,0,0,1,82.3,96.9,65.0,45.0,0,1,80.5,1,0,0,0.0,780,0.226,0.380,0.5592,95.8,1,8422,0,15,15,0
169389,55925,74156,410.01,873.02,306.15,92.2,0.0423,0.961,0.539,0.009,1,3,1,0,0,0,0,1,82.3,97.0,65.0,45.0,0,1,80.5,1,0,0,0.0,780,0.211,0.393,0.5558,95.9,1,8423,0,15,15,0
169409,55944,74149,429.70,886.42,308.84,92.5,0.0427,0.962,0.538,0.009,1,3,1,0,0,0,0,1,82.3,97.2,65.0,45.0,0,1,80.5,1,0,0,0.0,780,0.245,0.368,0.5533,95.9,1,8424,0,15,15,0
169429,55911,74145,450.16,879.25,308.84,92.8,0.0430,0.962,0.538,0.008,1,3,1,0,0,0,0,1,82.3,97.3,65.0,45.0,0,1,80.5,1,0,0,0.0,780,0.245,0.339,0.5519,96.0,1,8425,0,15,15,0
169449,55930,74129,471.31,847.95,308.84,93.0,0.0432,0.962,0.539,0.008,1,3,1,0,0,0,0,1,82.3,97.4,65.0,45.0,0,1,80.5,1,0,0,0.0,780,0.245,0.339,0.5520,96.0,1,8426,0,15,15,0
169469,55916,74173,457.83,800.37,308.84,93.1,0.0433,0.963,0.540,0.007,1,3,1,0,0,0,0,1,82.3,97.4,65.0,45.0,0,1,80.5,1,0,0,0.0,780,0.245,0.347,0.5526,96.1,1,8427,0,15,15,0
169489,55925,74124,442.86,720.29,308.84,93.0,0.0432,0.963,0.543,0.007,1,3,1,0,0,0,0,1,82.3,97.4,65.0,45.0,0,1,80.5,1,0,0,0.0,780,0.236,0.335,0.5539,96.1,1,8428,0,15,15,0
169509,55933,74151,423.62,659.36,308.84,92.9,0.0431,0.962,0.545,0.007,1,3,1,0,0,0,0,1,82.3,97.4,65.0,45.0,0,1,80.5,1,0,0,0.0,780,0.220,0.335,0.5556,96.1,1,8429,0,15,15,0
169529,55909,74152,399.74,605.66,308.84,92.8,0.0429,0.962,0.548,0.007,1,3,1,0,0,0,0,1,82.3,97.3,65.0,45.0,0,1,80.5,1,0,0,0.0,780,0.220,0.332,0.5573,96.1,1,8430,0,15,15,0
169549,55938,74159,386.63,555.11,308.84,92.6,0.0427,0.961,0.549,0.008,1,3,1,0,0,0,0,1,82.3,97.3,65.0,45.0,0,1,80.5,1,0,0,0.0,780,0.220,0.309,0.5595,96.1,1,8431,0,15,15,0
169569,55908,74187,330.22,514.30,308.84,92.4,0.0426,0.961,0.550,0.008,1,3,1,0,0,0,0,1,82.3,97.2,65.0,45.0,0,1,80.5,1,0,0,0.0,780,0.217,0.328,0.5607,96.1,1,8432,0,15,15,0
169589,55952,74173,312.88,494.49,308.84,92.3,0.0424,0.961,0.550,0.008,1,3,1,0,0,0,0,1,82.3,97.1,65.0,45.0,0,1,80.5,1,0,0,0.0,780,0.231,0.328,0.5620,96.0,1,8433,0,15,15,0
169609,55976,74254,334.82,497.23,308.84,92.2,0.0423,0.960,0.551,0.008,1,3,1,0,0,0,0,1,82.3,97.1,65.0,45.0,0,1,80.5,1,0,0,0.0,780,0.274,0.419,0.5638,96.0,1,8434,0,15,15,0
169629,55989,74290,408.35,593.15,308.84,92.2,0.0423,0.960,0.552,0.009,1,3,1,0,0,0,0,1,82.3,97.1,65.0,45.0,0,1,80.5,1,0,0,0.0,780,0.297,0.467,0.5661,96.0,1,8435,0,15,15,0
169649,55983,74317,498.74,753.01,308.84,92.4,0.0425,0.960,0.553,0.009,1,3,1,0,0,0,0,1,82.3,97.1,65.0,45.0,0,1,80.5,1,0,0,0.0,780,0.297,0.504,0.5687,95.9,1,8436,0,15,15,0
169669,56010,74385,586.55,941.18,319.79,92.8,0.0430,0.961,0.555,0.009,1,3,1,0,0,0,0,1,82.3,97.2,65.0,45.0,0,1,80.5,1,0,0,0.0,780,0.335,0.595,0.5708,95.9,1,8437,0,15,15,0
169689,56048,74506,690.85,1193.78,370.31,93.7,0.0440,0.963,0.555,0.010,1,3,1,0,0,0,0,1,82.3,97.5,65.0,45.0,0,1,80.5,1,0,0,0.0,780,0.403,0.759,0.5715,95.9,1,8438,0,15,15,0
169709,56098,74600,847.02,1586.60,448.87,95.4,0.0459,0.966,0.551,0.010,1,3,1,0,0,0,0,1,82.3,98.0,65.0,45.0,0,1,80.5,1,0,0,0.0,780,0.492,0.885,0.5690,95.8,1,8439,0,15,15,0
169729,56151,74748,1082.02,2087.86,549.12,98.4,0.0493,0.970,0.545,0.010,1,3,1,0,0,0,0,1,82.3,98.9,65.0,45.0,0,1,80.5,1,0,0,0.0,780,0.587,1.085,0.5632,95.9,1,8440,0,15,15,0
169749,56205,74884,1398.02,2737.93,679.14,99.1,0.0551,0.974,0.536,0.009,1,3,1,0,0,0,0,1,82.3,99.1,65.0,45.0,0,1,80.5,1,0,0,0.0,780,0.683,1.268,0.5632,95.9,1,8441,0,15,15,0
169769,56280,74990,1782.29,3507.36,833.02,99.3,0.0636,0.980,0.528,0.009,1,0,0,1,0,0,0,0,0.0,99.2,65.0,45.0,0,1,80.5,0,0,1,0.0,780,0.817,1.411,0.5632,95.9,1,8442,0,15,15,0
169789,56287,75071,2253.86,4316.51,994.85,99.5,0.0749,0.985,0.525,0.010,1,0,0,1,0,0,0,0,0.0,99.2,65.0,45.0,0,1,80.5,0,0,1,0.0,780,0.830,1.519,0.5632,95.9,1,8443,0,15,15,0
169809,56332,75131,2677.54,5083.69,1148.29,99.6,0.0884,0.989,0.525,0.010,1,0,0,1,0,0,0,0,0.0,99.2,65.0,45.0,5,1,80.5,0,0,1,0.0,780,0.910,1.600,0.5632,95.9,1,8444,0,15,15,0
169829,56331,75200,3068.83,5744.40,1280.43,99.7,0.1030,0.992,0.527,0.011,1,0,0,1,0,0,0,0,0.0,99.2,65.0,45.0,5,1,80.5,0,0,1,0.0,780,0.910,1.692,0.5632,95.9,1,8445,0,15,15,0
169849,56353,75228,3355.54,6293.25,1390.20,99.8,0.1181,0.994,0.528,0.011,1,0,0,1,0,0,0,0,0.0,99.2,65.0,45.0,5,1,80.5,0,0,1,0.0,780,0.947,1.728,0.5632,95.9,1,8446,0,15,15,0
169869,56355,75285,3557.27,6681.53,1467.86,99.8,0.1329,0.995,0.528,0.011,1,0,0,1,0,0,0,0,0.0,99.2,65.0,45.0,5,1,80.5,0,0,1,0.0,780,0.951,1.804,0.5632,95.9,1,8447,0,15,15,0
169889,56373,75339,3657.22,6948.55,1521.26,99.9,0.1471,0.996,0.527,0.011,1,0,0,1,0,0,0,0,0.0,99.2,65.0,45.0,5,1,80.5,0,0,1,0.0,780,0.982,1.861,0.5632,95.9,1,8448,0,15,15,0
169909,56380,75412,3691.51,7120.40,1555.63,99.9,0.1604,0.997,0.525,0.011,1,0,0,1,0,0,0,0,0.0,99.2,65.0,45.0,5,1,80.5,0,0,1,0.0,780,0.995,1.959,0.5632,95.9,1,8449,0,15,15,0
169929,56411,75464,3663.51,7245.20,1580.59,99.9,0.1729,0.997,0.522,0.011,1,0,0,1,0,0,0,0,0.0,99.2,65.0,45.0,5,1,80.5,0,0,1,0.0,780,1.050,2.028,0.5632,95.9,1,8450,0,15,15,0
169949,56419,75519,3627.55,7318.03,1595.16,99.9,0.1846,0.997,0.517,0.012,1,0,0,1,0,0,0,0,0.0,99.2,65.0,45.0,5,1,80.5,0,0,1,0.0,780,1.064,2.077,0.5632,95.9,1,8451,0,15,15,0
169969,56426,75558,3564.47,7346.82,1600.92,99.9,0.1954,0.997,0.513,0.012,1,0,0,1,0,0,0,0,0.0,99.1,65.0,45.0,5,1,80.5,0,0,1,0.0,780,1.076,2.101,0.5632,95.9,1,8452,0,15,15,0
169989,56403,75529,3455.92,7277.75,1600.92,99.9,0.2052,0.997,0.508,0.013,1,0,0,1,0,0,0,0,0.0,99.1,65.0,45.0,5,1,80.5,0,0,1,0.0,780,1.076,2.098,0.5632,95.9,1,8453,0,15,15,0
170009,56367,75461,3272.41,7089.26,1600.92,99.9,0.2137,0.997,0.504,0.015,1,0,0,1,0,0,0,0,0.0,99.0,65.0,45.0,5,1,80.5,0,0,1,0.0,780,1.076,2.097,0.5632,95.9,1,8454,0,15,15,0
170029,56342,75428,2977.83,6697.43,1600.92,99.9,0.2207,0.996,0.499,0.016,1,0,0,1,0,0,0,0,0.0,98.9,65.0,45.0,5,1,80.5,0,0,1,0.0,780,1.019,2.096,0.5632,95.9,1,8455,0,15,15,0
170049,56321,75410,2596.67,6149.61,1600.92,99.8,0.2259,0.996,0.494,0.018,1,0,0,1,0,0,0,0,0.0,98.8,65.0,45.0,5,1,80.5,0,0,1,0.0,780,1.006,2.073,0.5632,95.9,1,8456,0,15,15,0
170069,56300,75353,2162.49,5513.48,1600.92,99.8,0.2296,0.994,0.489,0.019,1,0,0,1,0,0,0,0,0.0,98.7,65.0,45.0,5,1,80.5,0,0,1,0.0,780,1.006,2.059,0.5632,95.9,1,8457,0,15,15,0
170089,56288,75346,1700.81,4781.41,1600.92,99.7,0.2318,0.993,0.485,0.021,1,0,0,1,0,0,0,0,0.0,98.5,65.0,45.0,5,1,80.5,0,0,1,0.0,780,1.006,2.039,0.5632,95.9,1,8458,0,15,15,0
170109,56291,75330,1252.36,4040.01,1600.92,99.7,0.2328,0.991,0.482,0.023,1,0,0,1,0,0,0,0,0.0,98.4,65.0,45.0,5,1,80.5,0,0,1,0.0,780,1.006,2.038,0.5632,95.9,1,8459,0,15,15,0
170129,56278,75341,846.95,3335.29,1600.92,99.6,0.2330,0.988,0.479,0.025,1,0,0,1,0,0,0,0,0.0,98.2,65.0,45.0,5,1,80.5,0,0,1,0.0,780,1.005,2.010,0.5632,95.9,1,8460,0,15,15,0
170149,56282,75343,488.64,2693.80,1600.92,99.5,0.2325,0.986,0.478,0.026,1,0,0,1,0,0,0,0,0.0,98.1,65.0,45.0,5,1,80.5,0,0,1,0.0,780,1.005,2.009,0.5632,95.9,1,8461,0,15,15,0
170169,56260,75331,179.17,2122.80,1600.92,99.4,0.2318,0.983,0.477,0.028,1,0,0,1,0,0,0,0,0.0,98.0,65.0,45.0,5,1,80.5,0,0,1,0.0,780,0.968,2.008,0.5632,95.9,1,8462,0,15,15,0
170189,56245,75306,-110.62,1606.27,1600.92,99.3,0.2308,0.980,0.477,0.029,1,0,0,1,0,0,0,0,0.0,97.9,65.0,45.0,5,1,80.5,0,0,1,0.0,780,0.968,2.007,0.5632,95.9,1,8463,0,15,15,0
170209,56228,75286,-387.17,1113.79,1600.92,99.2,0.2299,0.976,0.477,0.030,1,0,0,1,0,0,0,0,0.0,97.8,65.0,45.0,5,1,80.5,0,0,1,0.0,780,0.955,2.007,0.5632,95.9,1,8464,0,15,15,0
170229,56211,75280,-655.89,641.02,1599.58,99.0,0.2290,0.973,0.479,0.031,1,0,0,1,0,0,0,0,0.0,97.7,65.0,45.0,5,1,80.5,0,0,1,0.0,780,0.955,2.006,0.5632,95.9,1,8465,0,15,15,0
170249,56192,75278,-917.40,207.07,1592.96,98.9,0.2284,0.969,0.481,0.031,1,0,0,1,0,0,0,0,0.0,97.6,65.0,45.0,5,1,80.5,0,0,1,0.0,780,0.937,2.006,0.5632,95.9,1,8466,0,15,15,0
170269,56191,75281,-1173.95,-173.56,1582.29,98.8,0.2280,0.966,0.485,0.031,1,0,0,1,0,0,0,0,0.0,97.6,65.0,45.0,5,1,80.5,0,0,1,0.0,780,0.937,1.950,0.5632,95.9,1,8467,0,15,15,0
170289,56175,75267,-1391.51,-501.89,1570.45,98.7,0.2279,0.962,0.489,0.031,1,0,0,1,0,0,0,0,0.0,97.6,65.0,45.0,5,1,80.5,0,0,1,0.0,780,0.937,1.929,0.5632,95.9,1,8468,0,15,15,0
170309,56187,75280,-1565.18,-777.30,1624.83,98.5,0.2282,0.958,0.494,0.030,1,0,0,1,0,0,0,0,0.0,97.6,65.0,45.0,5,1,80.5,0,0,1,0.0,780,0.937,1.915,0.5632,95.9,1,8469,0,15,15,0
170329,56188,75283,-1690.24,-1007.35,1670.83,98.4,0.2287,0.955,0.499,0.029,1,0,0,1,0,0,0,0,0.0,97.6,65.0,45.0,5,1,80.5,0,0,1,0.0,780,0.937,1.915,0.5632,95.9,1,8470,0,15,15,0
170349,56157,75277,-1770.51,-1199.41,1709.25,98.4,0.2295,0.953,0.504,0.027,1,0,0,1,0,0,0,0,0.0,97.7,65.0,45.0,5,1,80.5,0,0,1,0.0,780,0.922,1.914,0.5632,95.9,1,8471,0,15,15,0
170369,56177,75269,-1831.43,-1364.19,1742.20,98.3,0.2305,0.951,0.510,0.025,1,0,0,1,0,0,0,0,0.0,97.8,65.0,45.0,5,1,80.5,0,0,1,0.0,780,0.922,1.914,0.5632,95.9,1,8472,0,15,15,0
170389,56167,75275,-1885.35,-1506.86,1770.74,98.2,0.2317,0.950,0.516,0.023,1,0,0,1,0,0,0,0,0.0,97.9,65.0,45.0,5,1,80.5,0,0,1,0.0,780,0.922,1.913,0.5632,95.9,1,8473,0,15,15,0
